# Blender 4.4.0
# www.blender.org
mtllib tyou.mtl
o Curve.016
v -0.082323 0.140406 0.223890
v 0.098900 0.140406 0.051339
v 0.099869 0.140406 0.059114
v 0.013872 0.140406 0.418705
v 0.013935 0.140406 0.415849
v 0.098993 0.140406 0.065725
v 0.096430 0.140406 0.071364
v 0.051080 0.140406 0.178854
v 0.092335 0.140406 0.076224
v 0.057896 0.140406 0.179851
v 0.086866 0.140406 0.080499
v 0.014118 0.140406 0.413109
v 0.080178 0.140406 0.084381
v 0.098900 0.140406 0.051339
v 0.072428 0.140406 0.088063
v 0.014414 0.140406 0.410511
v 0.063773 0.140406 0.091740
v 0.014813 0.140406 0.408080
v 0.054369 0.140406 0.095604
v 0.064537 0.140406 0.180139
v -0.086927 0.140406 -0.131005
v 0.044372 0.140406 0.099848
v 0.015308 0.140406 0.405840
v 0.033940 0.140406 0.104665
v 0.099869 0.140406 0.059114
v 0.023227 0.140406 0.110249
v 0.015891 0.140406 0.403818
v 0.008074 0.140406 0.119637
v 0.016553 0.140406 0.402038
v -0.007148 0.140406 0.130401
v -0.022078 0.140406 0.141578
v 0.071080 0.140406 0.179679
v -0.036357 0.140406 0.152205
v 0.098993 0.140406 0.065725
v -0.049626 0.140406 0.161316
v 0.017285 0.140406 0.400524
v -0.061525 0.140406 0.167949
v 0.077605 0.140406 0.178436
v 0.018081 0.140406 0.399304
v -0.079778 0.140406 0.169919
v 0.018931 0.140406 0.398401
v -0.085413 0.140406 0.163330
v -0.087721 0.140406 0.229753
v -0.088241 0.140406 0.150406
v 0.084191 0.140406 0.176371
v -0.087902 0.140406 0.130182
v 0.019827 0.140406 0.397840
v 0.090917 0.140406 0.173445
v -0.084038 0.140406 0.101696
v 0.020762 0.140406 0.397648
v -0.080726 0.140406 0.084483
v 0.096430 0.140406 0.071364
v -0.077399 0.140406 0.070999
v 0.021696 0.140406 0.397840
v -0.073915 0.140406 0.060839
v 0.022593 0.140406 0.398401
v -0.070136 0.140406 0.053595
v -0.065920 0.140406 0.048864
v 0.097862 0.140406 0.169623
v 0.350883 0.140406 -0.058172
v -0.061126 0.140406 0.046238
v 0.023443 0.140406 0.399304
v -0.055614 0.140406 0.045313
v 0.092335 0.140406 0.076224
v -0.049243 0.140406 0.045682
v -0.041873 0.140406 0.046940
v 0.024238 0.140406 0.400524
v -0.033364 0.140406 0.048682
v 0.024971 0.140406 0.402038
v 0.105105 0.140406 0.164865
v -0.023575 0.140406 0.050501
v 0.263275 0.140406 -0.096221
v -0.012365 0.140406 0.051992
v -0.000495 0.140406 0.052716
v 0.025633 0.140406 0.403818
v 0.011773 0.140406 0.052706
v 0.112725 0.140406 0.159134
v 0.026215 0.140406 0.405840
v 0.024178 0.140406 0.052140
v 0.036458 0.140406 0.051196
v 0.086866 0.140406 0.080499
v 0.048354 0.140406 0.050050
v 0.026711 0.140406 0.408080
v 0.059603 0.140406 0.048882
v 0.027110 0.140406 0.410511
v 0.069944 0.140406 0.047869
v 0.120802 0.140406 0.152393
v 0.027405 0.140406 0.413110
v 0.079117 0.140406 0.047189
v 0.086860 0.140406 0.047020
v 0.129413 0.140406 0.144604
v -0.089124 0.140406 0.236802
v 0.092913 0.140406 0.047539
v 0.097013 0.140406 0.048925
v 0.027589 0.140406 0.415849
v 0.098900 0.140406 0.051355
v 0.361050 0.140406 -0.050906
v 0.027652 0.140406 0.418705
v 0.098900 0.140406 0.051355
v 0.027589 0.140406 0.421561
v 0.098900 0.140406 0.051354
v 0.098900 0.140406 0.051353
v 0.138639 0.140406 0.135729
v 0.027405 0.140406 0.424301
v 0.098900 0.140406 0.051351
v 0.080178 0.140406 0.084381
v 0.098900 0.140406 0.051349
v 0.027110 0.140406 0.426899
v 0.098900 0.140406 0.051347
v 0.098900 0.140406 0.051345
v 0.147743 0.140406 0.127348
v 0.098900 0.140406 0.051343
v 0.158607 0.140406 0.118232
v 0.098900 0.140406 0.051342
v 0.026711 0.140406 0.429330
v 0.098900 0.140406 0.051340
v 0.026215 0.140406 0.431569
v 0.098900 0.140406 0.051339
v -0.087112 0.140406 0.244713
v 0.025633 0.140406 0.433592
v 0.170691 0.140406 0.108611
v 0.072428 0.140406 0.088063
v 0.024971 0.140406 0.435372
v 0.024238 0.140406 0.436885
v -0.082265 0.140406 0.253164
v 0.023443 0.140406 0.438106
v 0.183457 0.140406 0.098712
v 0.022593 0.140406 0.439009
v 0.196366 0.140406 0.088765
v 0.021696 0.140406 0.439569
v 0.063773 0.140406 0.091740
v 0.020762 0.140406 0.439762
v 0.074786 0.140406 -0.134466
v 0.208880 0.140406 0.078998
v 0.019827 0.140406 0.439569
v 0.018931 0.140406 0.439009
v 0.054369 0.140406 0.095604
v 0.220460 0.140406 0.069641
v 0.018081 0.140406 0.438106
v 0.230567 0.140406 0.060923
v 0.017285 0.140406 0.436885
v 0.016553 0.140406 0.435372
v -0.075164 0.140406 0.261832
v 0.015891 0.140406 0.433592
v 0.238663 0.140406 0.053071
v 0.015308 0.140406 0.431569
v 0.044372 0.140406 0.099848
v 0.368124 0.140406 -0.043759
v 0.014813 0.140406 0.429330
v 0.244209 0.140406 0.046315
v 0.014414 0.140406 0.426899
v 0.246666 0.140406 0.040884
v 0.014118 0.140406 0.424301
v 0.033940 0.140406 0.104665
v 0.013935 0.140406 0.421561
v 0.245496 0.140406 0.037007
v 0.372499 0.140406 -0.036805
v 0.023227 0.140406 0.110249
v 0.239915 0.140406 0.034406
v 0.008074 0.140406 0.119637
v 0.232222 0.140406 0.034762
v -0.066387 0.140406 0.270392
v 0.222705 0.140406 0.037598
v 0.211650 0.140406 0.042434
v -0.056514 0.140406 0.278522
v 0.199346 0.140406 0.048791
v -0.007148 0.140406 0.130401
v 0.186080 0.140406 0.056191
v 0.261918 0.140406 -0.091917
v -0.022078 0.140406 0.141579
v 0.172140 0.140406 0.064155
v 0.157813 0.140406 0.072203
v -0.036357 0.140406 0.152205
v 0.143387 0.140406 0.079858
v -0.046126 0.140406 0.285899
v 0.129151 0.140406 0.086641
v -0.049626 0.140406 0.161316
v 0.266508 0.140406 -0.026374
v 0.115390 0.140406 0.092072
v 0.374569 0.140406 -0.030119
v 0.102394 0.140406 0.095672
v -0.061525 0.140406 0.167949
v 0.087886 0.140406 0.099906
v 0.075629 0.140406 0.106002
v -0.071696 0.140406 0.171138
v -0.035801 0.140406 0.292199
v 0.065507 0.140406 0.113547
v 0.259085 0.140406 -0.088001
v 0.057402 0.140406 0.122131
v 0.051196 0.140406 0.131343
v -0.079778 0.140406 0.169920
v -0.026121 0.140406 0.297100
v 0.046772 0.140406 0.140771
v -0.085413 0.140406 0.163331
v 0.044012 0.140406 0.150004
v -0.088241 0.140406 0.150406
v 0.042799 0.140406 0.158631
v 0.043015 0.140406 0.166241
v -0.017663 0.140406 0.300277
v 0.374727 0.140406 -0.023776
v 0.044543 0.140406 0.172422
v 0.047265 0.140406 0.176764
v -0.087902 0.140406 0.130182
v 0.373369 0.140406 -0.017850
v 0.051064 0.140406 0.178854
v 0.051064 0.140406 0.178854
v -0.084038 0.140406 0.101696
v -0.080726 0.140406 0.084483
v 0.051065 0.140406 0.178854
v -0.011009 0.140406 0.301408
v 0.051066 0.140406 0.178854
v -0.005607 0.140406 0.300447
v 0.051068 0.140406 0.178854
v 0.051070 0.140406 0.178854
v -0.077399 0.140406 0.070999
v -0.073915 0.140406 0.060839
v 0.051072 0.140406 0.178854
v 0.254866 0.140406 -0.084443
v 0.051074 0.140406 0.178854
v -0.070136 0.140406 0.053595
v 0.051076 0.140406 0.178854
v 0.073595 0.140406 -0.136850
v 0.051078 0.140406 0.178854
v -0.065920 0.140406 0.048864
v 0.051079 0.140406 0.178854
v 0.051080 0.140406 0.178854
v -0.000535 0.140406 0.297715
v -0.061126 0.140406 0.046238
v 0.370887 0.140406 -0.012416
v 0.004180 0.140406 0.293434
v -0.055614 0.140406 0.045313
v 0.008512 0.140406 0.287827
v -0.049243 0.140406 0.045682
v 0.367677 0.140406 -0.007548
v -0.041873 0.140406 0.046940
v 0.012433 0.140406 0.281115
v -0.033364 0.140406 0.048682
v -0.023575 0.140406 0.050501
v 0.249354 0.140406 -0.081210
v 0.015917 0.140406 0.273524
v -0.012365 0.140406 0.051992
v 0.071412 0.140406 -0.138865
v -0.000495 0.140406 0.052716
v 0.018938 0.140406 0.265275
v 0.011773 0.140406 0.052706
v 0.024178 0.140406 0.052140
v 0.364131 0.140406 -0.003321
v 0.021469 0.140406 0.256591
v 0.036458 0.140406 0.051196
v 0.048354 0.140406 0.050051
v 0.360644 0.140406 0.000191
v 0.023484 0.140406 0.247695
v 0.059603 0.140406 0.048882
v 0.242641 0.140406 -0.078271
v 0.069944 0.140406 0.047869
v 0.357609 0.140406 0.002913
v 0.079117 0.140406 0.047189
v 0.024956 0.140406 0.238810
v 0.086860 0.140406 0.047020
v 0.092913 0.140406 0.047539
v 0.266847 0.140406 -0.017508
v 0.097013 0.140406 0.048925
v 0.025859 0.140406 0.230158
v 0.098900 0.140406 0.051355
v 0.026166 0.140406 0.221964
v 0.098900 0.140406 0.051355
v 0.355422 0.140406 0.004770
v 0.026303 0.140406 0.214316
v 0.098900 0.140406 0.051354
v 0.098900 0.140406 0.051353
v 0.234818 0.140406 -0.075595
v 0.098900 0.140406 0.051351
v 0.026635 0.140406 0.207149
v -0.074617 0.140406 -0.136535
v 0.098900 0.140406 0.051349
v 0.098900 0.140406 0.051347
v 0.027046 0.140406 0.200447
v 0.353106 0.140406 0.005877
v 0.098900 0.140406 0.051345
v 0.027420 0.140406 0.194194
v 0.098900 0.140406 0.051343
v 0.225978 0.140406 -0.073149
v 0.098900 0.140406 0.051342
v 0.027639 0.140406 0.188375
v 0.098900 0.140406 0.051340
v 0.098900 0.140406 0.051339
v 0.349602 0.140406 0.006377
v 0.027586 0.140406 0.182976
v 0.345182 0.140406 0.006239
v 0.027147 0.140406 0.177981
v 0.068311 0.140406 -0.140507
v 0.026202 0.140406 0.173374
v 0.340115 0.140406 0.005431
v 0.024637 0.140406 0.169141
v 0.064369 0.140406 -0.141772
v 0.216212 0.140406 -0.070903
v 0.022334 0.140406 0.165267
v 0.334671 0.140406 0.003922
v 0.019176 0.140406 0.161736
v 0.015048 0.140406 0.158533
v 0.205611 0.140406 -0.068825
v 0.329120 0.140406 0.001678
v 0.007141 0.140406 0.155237
v -0.001078 0.140406 0.155128
v 0.323732 0.140406 -0.001330
v -0.060821 0.140406 -0.142272
v -0.009527 0.140406 0.157726
v -0.018124 0.140406 0.162552
v 0.318778 0.140406 -0.005136
v 0.194269 0.140406 -0.066883
v -0.026786 0.140406 0.169128
v 0.263137 0.140406 -0.009445
v -0.035432 0.140406 0.176973
v 0.314527 0.140406 -0.009772
v -0.043977 0.140406 0.185609
v -0.052341 0.140406 0.194558
v 0.182276 0.140406 -0.065045
v -0.060440 0.140406 0.203339
v 0.311250 0.140406 -0.015268
v -0.068191 0.140406 0.211474
v 0.059660 0.140406 -0.142657
v 0.309216 0.140406 -0.021657
v -0.075513 0.140406 0.218484
v 0.308696 0.140406 -0.028970
v -0.045604 0.140406 -0.148054
v 0.307865 0.140406 -0.036821
v 0.169725 0.140406 -0.063282
v 0.305078 0.140406 -0.043584
v 0.154392 0.140406 -0.061834
v 0.054260 0.140406 -0.143156
v 0.300943 0.140406 -0.049357
v 0.140109 0.140406 -0.061688
v 0.296069 0.140406 -0.054238
v 0.291063 0.140406 -0.058324
v 0.048244 0.140406 -0.143266
v 0.286534 0.140406 -0.061712
v 0.126971 0.140406 -0.062680
v 0.283092 0.140406 -0.064500
v 0.255767 0.140406 -0.002180
v -0.029028 0.140406 -0.153715
v 0.281344 0.140406 -0.066785
v 0.115075 0.140406 -0.064650
v 0.281900 0.140406 -0.068665
v 0.285367 0.140406 -0.070237
v 0.041688 0.140406 -0.142982
v 0.292355 0.140406 -0.071598
v 0.104516 0.140406 -0.067435
v 0.303471 0.140406 -0.072846
v 0.095392 0.140406 -0.070875
v 0.034667 0.140406 -0.142300
v 0.309221 0.140406 -0.073165
v 0.314480 0.140406 -0.073050
v 0.087799 0.140406 -0.074809
v 0.245130 0.140406 0.004293
v 0.319296 0.140406 -0.072548
v 0.081834 0.140406 -0.079073
v 0.323720 0.140406 -0.071704
v 0.327800 0.140406 -0.070565
v 0.027257 0.140406 -0.141217
v 0.331585 0.140406 -0.069176
v 0.231614 0.140406 0.009981
v 0.077592 0.140406 -0.083508
v 0.335126 0.140406 -0.067583
v 0.338472 0.140406 -0.065833
v 0.019533 0.140406 -0.139728
v 0.075171 0.140406 -0.087953
v 0.341671 0.140406 -0.063970
v 0.074666 0.140406 -0.092244
v 0.344773 0.140406 -0.062042
v -0.011156 0.140406 -0.159091
v 0.347827 0.140406 -0.060094
v 0.215612 0.140406 0.014890
v 0.076174 0.140406 -0.096221
v 0.081150 0.140406 -0.103516
v 0.011570 0.140406 -0.137828
v 0.086456 0.140406 -0.110942
v 0.003696 0.140406 -0.135593
v 0.092148 0.140406 -0.118212
v 0.007948 0.140406 -0.164019
v -0.003769 0.140406 -0.133116
v 0.098280 0.140406 -0.125038
v 0.104907 0.140406 -0.131133
v 0.028221 0.140406 -0.168333
v 0.112082 0.140406 -0.136209
v -0.010762 0.140406 -0.130439
v 0.197514 0.140406 0.019026
v 0.119861 0.140406 -0.139977
v -0.017219 0.140406 -0.127601
v 0.128299 0.140406 -0.142153
v 0.049599 0.140406 -0.171868
v 0.137450 0.140406 -0.142447
v -0.023077 0.140406 -0.124644
v 0.147368 0.140406 -0.140571
v 0.177710 0.140406 0.022396
v 0.158108 0.140406 -0.136238
v -0.028271 0.140406 -0.121607
v 0.169725 0.140406 -0.129161
v 0.179488 0.140406 -0.123306
v 0.072021 0.140406 -0.174462
v 0.189845 0.140406 -0.118845
v -0.032737 0.140406 -0.118532
v 0.156591 0.140406 0.025006
v 0.200510 0.140406 -0.115530
v 0.211197 0.140406 -0.113112
v 0.095421 0.140406 -0.175950
v 0.221623 0.140406 -0.111343
v -0.036413 0.140406 -0.115458
v 0.134548 0.140406 0.026863
v 0.231500 0.140406 -0.109973
v -0.039234 0.140406 -0.112427
v 0.240544 0.140406 -0.108755
v -0.041137 0.140406 -0.109478
v 0.248469 0.140406 -0.107438
v 0.119738 0.140406 -0.176166
v 0.254990 0.140406 -0.105775
v 0.111971 0.140406 0.027972
v 0.259822 0.140406 -0.103517
v -0.042057 0.140406 -0.106653
v 0.262679 0.140406 -0.100415
v -0.041932 0.140406 -0.103991
v 0.144908 0.140406 -0.174947
v 0.089251 0.140406 0.028340
v -0.040473 0.140406 -0.101950
v 0.066981 0.140406 0.028053
v -0.037584 0.140406 -0.100840
v 0.160399 0.140406 -0.173400
v -0.033485 0.140406 -0.100477
v 0.175367 0.140406 -0.171287
v -0.028398 0.140406 -0.100677
v -0.022544 0.140406 -0.101260
v 0.045621 0.140406 0.027216
v 0.189699 0.140406 -0.168726
v -0.016146 0.140406 -0.102040
v 0.025368 0.140406 0.025867
v -0.009424 0.140406 -0.102835
v 0.203281 0.140406 -0.165839
v -0.002601 0.140406 -0.103462
v 0.006417 0.140406 0.024045
v 0.004103 0.140406 -0.103738
v 0.215999 0.140406 -0.162744
v 0.010467 0.140406 -0.103480
v -0.011037 0.140406 0.021785
v 0.016268 0.140406 -0.102504
v 0.021284 0.140406 -0.100628
v 0.227739 0.140406 -0.159560
v 0.024926 0.140406 -0.099764
v -0.026797 0.140406 0.019126
v 0.029629 0.140406 -0.100217
v 0.238387 0.140406 -0.156408
v 0.035118 0.140406 -0.101793
v -0.040669 0.140406 0.016105
v 0.247831 0.140406 -0.153406
v 0.041120 0.140406 -0.104298
v 0.047362 0.140406 -0.107536
v -0.052458 0.140406 0.012759
v 0.053570 0.140406 -0.111316
v -0.061966 0.140406 0.009128
v 0.255955 0.140406 -0.150672
v 0.059471 0.140406 -0.115441
v 0.064790 0.140406 -0.119719
v -0.069000 0.140406 0.005246
v 0.262646 0.140406 -0.148329
v 0.069255 0.140406 -0.123954
v 0.267791 0.140406 -0.146495
v 0.072592 0.140406 -0.127954
v 0.074527 0.140406 -0.131522
v -0.073364 0.140406 0.001153
v 0.271275 0.140406 -0.145288
v -0.074862 0.140406 -0.003115
v -0.073436 0.140406 -0.008674
v 0.277975 0.140406 -0.142945
v 0.284949 0.140406 -0.140168
v -0.069315 0.140406 -0.016220
v -0.062734 0.140406 -0.025077
v 0.292233 0.140406 -0.136904
v 0.299865 0.140406 -0.133102
v -0.053928 0.140406 -0.034575
v 0.307881 0.140406 -0.128711
v -0.043133 0.140406 -0.044040
v 0.316318 0.140406 -0.123680
v -0.030585 0.140406 -0.052798
v 0.325213 0.140406 -0.117958
v -0.016518 0.140406 -0.060175
v 0.334604 0.140406 -0.111492
v -0.001168 0.140406 -0.065500
v 0.344526 0.140406 -0.104232
v 0.015229 0.140406 -0.068098
v 0.355018 0.140406 -0.096126
v 0.032439 0.140406 -0.067297
v 0.366115 0.140406 -0.087123
v 0.050225 0.140406 -0.062422
v 0.068354 0.140406 -0.052802
v 0.377855 0.140406 -0.077172
v 0.087776 0.140406 -0.042755
v 0.381368 0.140406 -0.074106
v 0.384746 0.140406 -0.071074
v 0.108116 0.140406 -0.037238
v 0.128937 0.140406 -0.035320
v 0.387999 0.140406 -0.068025
v 0.149808 0.140406 -0.036069
v 0.391133 0.140406 -0.064904
v 0.170294 0.140406 -0.038556
v 0.394159 0.140406 -0.061659
v 0.189961 0.140406 -0.041847
v 0.397085 0.140406 -0.058237
v 0.208377 0.140406 -0.045013
v 0.399919 0.140406 -0.054586
v 0.402671 0.140406 -0.050652
v 0.225108 0.140406 -0.047122
v 0.239720 0.140406 -0.047245
v 0.405348 0.140406 -0.046381
v 0.407960 0.140406 -0.041722
v 0.251780 0.140406 -0.044448
v 0.410515 0.140406 -0.036622
v 0.260854 0.140406 -0.037801
v 0.413022 0.140406 -0.031027
v 0.413813 0.140406 -0.028440
v 0.414050 0.140406 -0.025858
v 0.413811 0.140406 -0.023302
v 0.413174 0.140406 -0.020790
v 0.412218 0.140406 -0.018342
v 0.411020 0.140406 -0.015979
v 0.409658 0.140406 -0.013720
v 0.408211 0.140406 -0.011583
v 0.406756 0.140406 -0.009590
v 0.405372 0.140406 -0.007759
v 0.404137 0.140406 -0.006111
v 0.403128 0.140406 -0.004665
v 0.400459 0.140406 -0.000834
v 0.397693 0.140406 0.002625
v 0.394864 0.140406 0.005737
v 0.392008 0.140406 0.008521
v 0.389159 0.140406 0.011001
v 0.386353 0.140406 0.013198
v 0.383624 0.140406 0.015136
v 0.381007 0.140406 0.016836
v 0.378539 0.140406 0.018319
v 0.376253 0.140406 0.019609
v 0.374184 0.140406 0.020728
v 0.372369 0.140406 0.021697
v 0.369662 0.140406 0.022999
v 0.367206 0.140406 0.023892
v 0.364865 0.140406 0.024494
v 0.362503 0.140406 0.024922
v 0.359983 0.140406 0.025297
v 0.357169 0.140406 0.025734
v 0.353925 0.140406 0.026354
v 0.350115 0.140406 0.027274
v 0.345603 0.140406 0.028613
v 0.340253 0.140406 0.030488
v 0.333927 0.140406 0.033018
v 0.326492 0.140406 0.036322
v 0.322594 0.140406 0.038020
v 0.319006 0.140406 0.039393
v 0.315704 0.140406 0.040504
v 0.312661 0.140406 0.041416
v 0.309853 0.140406 0.042192
v 0.307255 0.140406 0.042894
v 0.304841 0.140406 0.043586
v 0.302586 0.140406 0.044330
v 0.300465 0.140406 0.045189
v 0.298453 0.140406 0.046227
v 0.296525 0.140406 0.047505
v 0.294655 0.140406 0.049087
v 0.293535 0.140406 0.050181
v 0.292578 0.140406 0.051183
v 0.291748 0.140406 0.052106
v 0.291012 0.140406 0.052968
v 0.290334 0.140406 0.053782
v 0.289681 0.140406 0.054565
v 0.289019 0.140406 0.055332
v 0.288312 0.140406 0.056098
v 0.287526 0.140406 0.056880
v 0.286628 0.140406 0.057692
v 0.285581 0.140406 0.058549
v 0.284353 0.140406 0.059468
v 0.281794 0.140406 0.061155
v 0.279401 0.140406 0.062470
v 0.277148 0.140406 0.063486
v 0.275012 0.140406 0.064275
v 0.272968 0.140406 0.064909
v 0.270992 0.140406 0.065463
v 0.269060 0.140406 0.066007
v 0.267147 0.140406 0.066615
v 0.265230 0.140406 0.067360
v 0.263284 0.140406 0.068314
v 0.261286 0.140406 0.069549
v 0.259210 0.140406 0.071139
v 0.257723 0.140406 0.072494
v 0.256564 0.140406 0.073749
v 0.255666 0.140406 0.074924
v 0.254961 0.140406 0.076043
v 0.254382 0.140406 0.077123
v 0.253863 0.140406 0.078189
v 0.253336 0.140406 0.079259
v 0.252733 0.140406 0.080355
v 0.251987 0.140406 0.081498
v 0.251032 0.140406 0.082710
v 0.249799 0.140406 0.084011
v 0.248222 0.140406 0.085422
v 0.246435 0.140406 0.086640
v 0.244568 0.140406 0.087471
v 0.242646 0.140406 0.088011
v 0.240694 0.140406 0.088354
v 0.238736 0.140406 0.088597
v 0.236798 0.140406 0.088835
v 0.234904 0.140406 0.089165
v 0.233079 0.140406 0.089683
v 0.231347 0.140406 0.090483
v 0.229735 0.140406 0.091663
v 0.228266 0.140406 0.093317
v 0.226965 0.140406 0.095542
v 0.225276 0.140406 0.098898
v 0.223729 0.140406 0.101582
v 0.222307 0.140406 0.103678
v 0.220992 0.140406 0.105274
v 0.219766 0.140406 0.106457
v 0.218610 0.140406 0.107313
v 0.217507 0.140406 0.107928
v 0.216438 0.140406 0.108390
v 0.215385 0.140406 0.108784
v 0.214330 0.140406 0.109198
v 0.213254 0.140406 0.109717
v 0.212141 0.140406 0.110428
v 0.206688 0.140406 0.114116
v 0.201512 0.140406 0.117041
v 0.196622 0.140406 0.119356
v 0.192026 0.140406 0.121210
v 0.187734 0.140406 0.122754
v 0.183755 0.140406 0.124138
v 0.180098 0.140406 0.125512
v 0.176773 0.140406 0.127026
v 0.173788 0.140406 0.128831
v 0.171152 0.140406 0.131077
v 0.168875 0.140406 0.133914
v 0.166965 0.140406 0.137492
v 0.165617 0.140406 0.140846
v 0.164519 0.140406 0.143990
v 0.163624 0.140406 0.146915
v 0.162883 0.140406 0.149614
v 0.162249 0.140406 0.152078
v 0.161674 0.140406 0.154299
v 0.161109 0.140406 0.156268
v 0.160506 0.140406 0.157978
v 0.159818 0.140406 0.159420
v 0.158997 0.140406 0.160587
v 0.157994 0.140406 0.161469
v 0.156761 0.140406 0.162058
v 0.155603 0.140406 0.162174
v 0.154518 0.140406 0.161816
v 0.153494 0.140406 0.161089
v 0.152517 0.140406 0.160097
v 0.151574 0.140406 0.158944
v 0.150651 0.140406 0.157734
v 0.149737 0.140406 0.156573
v 0.148816 0.140406 0.155564
v 0.147876 0.140406 0.154812
v 0.146904 0.140406 0.154420
v 0.145887 0.140406 0.154494
v 0.144810 0.140406 0.155137
v 0.144192 0.140406 0.155846
v 0.143922 0.140406 0.156568
v 0.143941 0.140406 0.157316
v 0.144191 0.140406 0.158101
v 0.144611 0.140406 0.158936
v 0.145143 0.140406 0.159832
v 0.145728 0.140406 0.160802
v 0.146306 0.140406 0.161859
v 0.146819 0.140406 0.163013
v 0.147208 0.140406 0.164277
v 0.147412 0.140406 0.165663
v 0.147374 0.140406 0.167184
v 0.147048 0.140406 0.168432
v 0.146434 0.140406 0.169388
v 0.145590 0.140406 0.170125
v 0.144574 0.140406 0.170717
v 0.143443 0.140406 0.171238
v 0.142253 0.140406 0.171762
v 0.141064 0.140406 0.172364
v 0.139931 0.140406 0.173118
v 0.138913 0.140406 0.174098
v 0.138067 0.140406 0.175377
v 0.137451 0.140406 0.177030
v 0.137121 0.140406 0.179132
v 0.136851 0.140406 0.183542
v 0.136648 0.140406 0.187788
v 0.136462 0.140406 0.191873
v 0.136247 0.140406 0.195799
v 0.135955 0.140406 0.199569
v 0.135537 0.140406 0.203186
v 0.134947 0.140406 0.206652
v 0.134136 0.140406 0.209970
v 0.133057 0.140406 0.213143
v 0.131662 0.140406 0.216174
v 0.129903 0.140406 0.219064
v 0.127733 0.140406 0.221817
v 0.124949 0.140406 0.224169
v 0.121790 0.140406 0.225581
v 0.118322 0.140406 0.226241
v 0.114607 0.140406 0.226338
v 0.110711 0.140406 0.226062
v 0.106699 0.140406 0.225600
v 0.102633 0.140406 0.225141
v 0.098579 0.140406 0.224875
v 0.094601 0.140406 0.224989
v 0.090763 0.140406 0.225673
v 0.087130 0.140406 0.227115
v 0.083766 0.140406 0.229505
v 0.081045 0.140406 0.232599
v 0.079183 0.140406 0.235988
v 0.078004 0.140406 0.239609
v 0.077333 0.140406 0.243397
v 0.076995 0.140406 0.247291
v 0.076815 0.140406 0.251227
v 0.076618 0.140406 0.255142
v 0.076229 0.140406 0.258972
v 0.075473 0.140406 0.262655
v 0.074175 0.140406 0.266128
v 0.072159 0.140406 0.269327
v 0.069252 0.140406 0.272190
v 0.067441 0.140406 0.273434
v 0.065704 0.140406 0.274303
v 0.064008 0.140406 0.274870
v 0.062322 0.140406 0.275209
v 0.060613 0.140406 0.275394
v 0.058850 0.140406 0.275499
v 0.057000 0.140406 0.275598
v 0.055033 0.140406 0.275765
v 0.052916 0.140406 0.276074
v 0.050618 0.140406 0.276598
v 0.048106 0.140406 0.277411
v 0.045350 0.140406 0.278588
v 0.040871 0.140406 0.281126
v 0.036897 0.140406 0.284114
v 0.033401 0.140406 0.287440
v 0.030359 0.140406 0.290988
v 0.027745 0.140406 0.294643
v 0.025533 0.140406 0.298290
v 0.023700 0.140406 0.301815
v 0.022218 0.140406 0.305103
v 0.021063 0.140406 0.308038
v 0.020211 0.140406 0.310508
v 0.019634 0.140406 0.312394
v 0.019309 0.140406 0.313585
v 0.018390 0.140406 0.317796
v 0.017836 0.140406 0.321919
v 0.017620 0.140406 0.325982
v 0.017717 0.140406 0.330012
v 0.018099 0.140406 0.334037
v 0.018741 0.140406 0.338084
v 0.019617 0.140406 0.342181
v 0.020700 0.140406 0.346356
v 0.021963 0.140406 0.350636
v 0.023381 0.140406 0.355048
v 0.024926 0.140406 0.359621
v 0.026574 0.140406 0.364382
v 0.029054 0.140406 0.371098
v 0.031456 0.140406 0.376856
v 0.033755 0.140406 0.381804
v 0.035928 0.140406 0.386091
v 0.037950 0.140406 0.389864
v 0.039795 0.140406 0.393272
v 0.041439 0.140406 0.396461
v 0.042859 0.140406 0.399581
v 0.044028 0.140406 0.402778
v 0.044923 0.140406 0.406201
v 0.045519 0.140406 0.409997
v 0.045790 0.140406 0.414314
v 0.045803 0.140406 0.415835
v 0.045755 0.140406 0.418012
v 0.045592 0.140406 0.420740
v 0.045260 0.140406 0.423918
v 0.044705 0.140406 0.427442
v 0.043872 0.140406 0.431209
v 0.042707 0.140406 0.435116
v 0.041156 0.140406 0.439060
v 0.039164 0.140406 0.442938
v 0.036678 0.140406 0.446648
v 0.033642 0.140406 0.450085
v 0.030003 0.140406 0.453147
v 0.029356 0.140406 0.453607
v 0.028431 0.140406 0.454234
v 0.027256 0.140406 0.454976
v 0.025856 0.140406 0.455782
v 0.024262 0.140406 0.456598
v 0.022499 0.140406 0.457375
v 0.020595 0.140406 0.458058
v 0.018579 0.140406 0.458598
v 0.016478 0.140406 0.458940
v 0.014318 0.140406 0.459035
v 0.012129 0.140406 0.458830
v 0.009937 0.140406 0.458272
v 0.007176 0.140406 0.456959
v 0.004769 0.140406 0.455107
v 0.002688 0.140406 0.452801
v 0.000906 0.140406 0.450123
v -0.000603 0.140406 0.447159
v -0.001869 0.140406 0.443991
v -0.002917 0.140406 0.440705
v -0.003774 0.140406 0.437382
v -0.004469 0.140406 0.434108
v -0.005029 0.140406 0.430966
v -0.005480 0.140406 0.428041
v -0.005850 0.140406 0.425414
v -0.006448 0.140406 0.419934
v -0.006656 0.140406 0.415142
v -0.006545 0.140406 0.410909
v -0.006186 0.140406 0.407103
v -0.005649 0.140406 0.403593
v -0.005005 0.140406 0.400248
v -0.004326 0.140406 0.396938
v -0.003681 0.140406 0.393532
v -0.003141 0.140406 0.389899
v -0.002778 0.140406 0.385909
v -0.002661 0.140406 0.381429
v -0.002863 0.140406 0.376331
v -0.003246 0.140406 0.372176
v -0.003862 0.140406 0.367563
v -0.004730 0.140406 0.362625
v -0.005871 0.140406 0.357495
v -0.007305 0.140406 0.352306
v -0.009050 0.140406 0.347192
v -0.011128 0.140406 0.342285
v -0.013557 0.140406 0.337720
v -0.016358 0.140406 0.333629
v -0.019550 0.140406 0.330145
v -0.023154 0.140406 0.327403
v -0.027189 0.140406 0.325534
v -0.029787 0.140406 0.324896
v -0.032291 0.140406 0.324654
v -0.034725 0.140406 0.324715
v -0.037113 0.140406 0.324987
v -0.039480 0.140406 0.325381
v -0.041850 0.140406 0.325803
v -0.044247 0.140406 0.326162
v -0.046696 0.140406 0.326368
v -0.049220 0.140406 0.326328
v -0.051845 0.140406 0.325950
v -0.054594 0.140406 0.325145
v -0.057491 0.140406 0.323820
v -0.059219 0.140406 0.322789
v -0.060714 0.140406 0.321728
v -0.062020 0.140406 0.320654
v -0.063183 0.140406 0.319588
v -0.064249 0.140406 0.318546
v -0.065264 0.140406 0.317549
v -0.066274 0.140406 0.316616
v -0.067325 0.140406 0.315765
v -0.068463 0.140406 0.315017
v -0.069733 0.140406 0.314388
v -0.071181 0.140406 0.313899
v -0.072854 0.140406 0.313569
v -0.074729 0.140406 0.313427
v -0.076541 0.140406 0.313482
v -0.078284 0.140406 0.313685
v -0.079957 0.140406 0.313987
v -0.081555 0.140406 0.314337
v -0.083075 0.140406 0.314687
v -0.084513 0.140406 0.314986
v -0.085866 0.140406 0.315185
v -0.087130 0.140406 0.315235
v -0.088302 0.140406 0.315086
v -0.089379 0.140406 0.314688
v -0.090356 0.140406 0.313993
v -0.090786 0.140406 0.313537
v -0.091133 0.140406 0.313062
v -0.091417 0.140406 0.312573
v -0.091655 0.140406 0.312076
v -0.091868 0.140406 0.311575
v -0.092072 0.140406 0.311078
v -0.092288 0.140406 0.310587
v -0.092534 0.140406 0.310111
v -0.092829 0.140406 0.309652
v -0.093191 0.140406 0.309218
v -0.093639 0.140406 0.308813
v -0.094193 0.140406 0.308443
v -0.094863 0.140406 0.308125
v -0.095519 0.140406 0.307932
v -0.096161 0.140406 0.307844
v -0.096791 0.140406 0.307841
v -0.097409 0.140406 0.307903
v -0.098015 0.140406 0.308009
v -0.098611 0.140406 0.308139
v -0.099197 0.140406 0.308273
v -0.099774 0.140406 0.308390
v -0.100343 0.140406 0.308471
v -0.100904 0.140406 0.308496
v -0.101458 0.140406 0.308443
v -0.103008 0.140406 0.307717
v -0.104275 0.140406 0.306194
v -0.105316 0.140406 0.303967
v -0.106187 0.140406 0.301129
v -0.106945 0.140406 0.297772
v -0.107646 0.140406 0.293987
v -0.108347 0.140406 0.289868
v -0.109105 0.140406 0.285505
v -0.109976 0.140406 0.280992
v -0.111017 0.140406 0.276421
v -0.112284 0.140406 0.271884
v -0.113834 0.140406 0.267472
v -0.115462 0.140406 0.264068
v -0.117348 0.140406 0.261234
v -0.119425 0.140406 0.258860
v -0.121624 0.140406 0.256838
v -0.123880 0.140406 0.255057
v -0.126125 0.140406 0.253408
v -0.128293 0.140406 0.251782
v -0.130315 0.140406 0.250070
v -0.132125 0.140406 0.248161
v -0.133656 0.140406 0.245947
v -0.134841 0.140406 0.243318
v -0.135613 0.140406 0.240164
v -0.136548 0.140406 0.230988
v -0.136586 0.140406 0.221577
v -0.135847 0.140406 0.211784
v -0.134453 0.140406 0.201457
v -0.132525 0.140406 0.190450
v -0.130185 0.140406 0.178612
v -0.127553 0.140406 0.165795
v -0.124752 0.140406 0.151850
v -0.121902 0.140406 0.136629
v -0.119125 0.140406 0.119982
v -0.116542 0.140406 0.101760
v -0.114274 0.140406 0.081814
v -0.113162 0.140406 0.067690
v -0.112538 0.140406 0.053588
v -0.112268 0.140406 0.039598
v -0.112222 0.140406 0.025816
v -0.112267 0.140406 0.012333
v -0.112270 0.140406 -0.000758
v -0.112100 0.140406 -0.013363
v -0.111625 0.140406 -0.025390
v -0.110711 0.140406 -0.036747
v -0.109228 0.140406 -0.047339
v -0.107042 0.140406 -0.057074
v -0.104021 0.140406 -0.065860
v -0.103646 0.140406 -0.066745
v -0.103113 0.140406 -0.068011
v -0.102438 0.140406 -0.069643
v -0.101640 0.140406 -0.071625
v -0.100736 0.140406 -0.073942
v -0.099744 0.140406 -0.076580
v -0.098681 0.140406 -0.079524
v -0.097564 0.140406 -0.082757
v -0.096413 0.140406 -0.086267
v -0.095243 0.140406 -0.090035
v -0.094072 0.140406 -0.094050
v -0.092919 0.140406 -0.098294
v -0.092057 0.140406 -0.101694
v -0.091273 0.140406 -0.104994
v -0.090563 0.140406 -0.108186
v -0.089922 0.140406 -0.111265
v -0.089347 0.140406 -0.114223
v -0.088834 0.140406 -0.117053
v -0.088378 0.140406 -0.119750
v -0.087977 0.140406 -0.122305
v -0.087625 0.140406 -0.124714
v -0.087319 0.140406 -0.126969
v -0.087055 0.140406 -0.129063
v -0.086829 0.140406 -0.130989
v -0.086832 0.140406 -0.130989
v -0.086837 0.140406 -0.130990
v -0.086845 0.140406 -0.130991
v -0.086855 0.140406 -0.130993
v -0.086866 0.140406 -0.130995
v -0.086879 0.140406 -0.130997
v -0.086891 0.140406 -0.130999
v -0.086902 0.140406 -0.131001
v -0.086912 0.140406 -0.131002
v -0.086920 0.140406 -0.131004
v -0.086926 0.140406 -0.131005
v 0.095421 0.185219 -0.175950
v 0.119738 0.185219 -0.176166
v 0.144908 0.185219 -0.174947
v 0.072021 0.185219 -0.174462
v 0.160399 0.185219 -0.173400
v 0.049599 0.185219 -0.171868
v 0.175367 0.185219 -0.171287
v 0.028221 0.185219 -0.168333
v 0.189699 0.185219 -0.168726
v 0.203281 0.185219 -0.165839
v 0.007948 0.185219 -0.164019
v 0.215999 0.185219 -0.162744
v -0.011156 0.185219 -0.159091
v 0.227739 0.185219 -0.159560
v 0.238387 0.185219 -0.156408
v -0.029028 0.185219 -0.153715
v 0.247831 0.185219 -0.153406
v -0.045604 0.185219 -0.148054
v 0.255955 0.185219 -0.150672
v 0.262646 0.185219 -0.148329
v 0.267791 0.185219 -0.146495
v -0.060821 0.185219 -0.142272
v 0.271275 0.185219 -0.145288
v 0.277975 0.185219 -0.142945
v 0.284949 0.185219 -0.140168
v -0.074617 0.185219 -0.136535
v 0.292233 0.185219 -0.136904
v 0.299865 0.185219 -0.133102
v -0.086927 0.185219 -0.131005
v 0.307881 0.185219 -0.128711
v -0.086926 0.185219 -0.131005
v -0.086920 0.185219 -0.131004
v -0.086912 0.185219 -0.131002
v -0.086902 0.185219 -0.131001
v -0.086891 0.185219 -0.130999
v -0.086879 0.185219 -0.130997
v -0.086866 0.185219 -0.130995
v -0.086855 0.185219 -0.130993
v -0.086845 0.185219 -0.130991
v -0.086837 0.185219 -0.130990
v -0.086832 0.185219 -0.130989
v -0.086829 0.185219 -0.130989
v -0.087055 0.185219 -0.129063
v -0.087319 0.185219 -0.126969
v 0.316318 0.185219 -0.123680
v -0.087625 0.185219 -0.124714
v -0.087977 0.185219 -0.122305
v 0.325213 0.185219 -0.117958
v -0.088378 0.185219 -0.119750
v -0.088834 0.185219 -0.117053
v 0.334604 0.185219 -0.111492
v -0.089347 0.185219 -0.114223
v -0.089922 0.185219 -0.111265
v 0.344526 0.185219 -0.104232
v -0.090563 0.185219 -0.108186
v -0.091273 0.185219 -0.104994
v -0.092057 0.185219 -0.101694
v 0.355018 0.185219 -0.096126
v -0.092919 0.185219 -0.098294
v -0.094072 0.185219 -0.094050
v 0.366115 0.185219 -0.087123
v -0.095243 0.185219 -0.090035
v -0.096413 0.185219 -0.086267
v 0.377855 0.185219 -0.077172
v -0.097564 0.185219 -0.082757
v -0.098681 0.185219 -0.079524
v -0.099744 0.185219 -0.076580
v 0.381368 0.185219 -0.074106
v -0.100736 0.185219 -0.073942
v 0.384746 0.185219 -0.071074
v -0.101640 0.185219 -0.071625
v -0.102438 0.185219 -0.069643
v 0.387999 0.185219 -0.068025
v -0.103113 0.185219 -0.068011
v 0.391133 0.185219 -0.064904
v -0.103646 0.185219 -0.066745
v -0.104021 0.185219 -0.065860
v -0.107042 0.185219 -0.057074
v 0.394159 0.185219 -0.061659
v 0.397085 0.185219 -0.058237
v 0.399919 0.185219 -0.054586
v -0.109228 0.185219 -0.047339
v 0.402671 0.185219 -0.050652
v 0.405348 0.185219 -0.046381
v -0.110711 0.185219 -0.036747
v 0.407960 0.185219 -0.041722
v 0.410515 0.185219 -0.036622
v -0.111625 0.185219 -0.025390
v 0.413022 0.185219 -0.031027
v 0.413813 0.185219 -0.028440
v 0.414050 0.185219 -0.025858
v 0.413811 0.185219 -0.023302
v -0.112100 0.185219 -0.013363
v 0.413174 0.185219 -0.020790
v 0.412218 0.185219 -0.018342
v 0.411020 0.185219 -0.015979
v 0.409658 0.185219 -0.013720
v 0.408211 0.185219 -0.011583
v -0.112270 0.185219 -0.000758
v 0.406756 0.185219 -0.009590
v 0.405372 0.185219 -0.007759
v 0.404137 0.185219 -0.006111
v 0.403128 0.185219 -0.004665
v 0.400459 0.185219 -0.000834
v 0.397693 0.185219 0.002625
v -0.112267 0.185219 0.012333
v 0.394864 0.185219 0.005737
v 0.392008 0.185219 0.008521
v 0.389159 0.185219 0.011001
v 0.386353 0.185219 0.013198
v -0.112222 0.185219 0.025816
v 0.383624 0.185219 0.015136
v 0.381007 0.185219 0.016836
v 0.378539 0.185219 0.018319
v 0.376253 0.185219 0.019609
v 0.374184 0.185219 0.020728
v 0.372369 0.185219 0.021697
v 0.369662 0.185219 0.022999
v 0.367206 0.185219 0.023892
v 0.364865 0.185219 0.024494
v 0.362503 0.185219 0.024922
v 0.359983 0.185219 0.025297
v 0.357169 0.185219 0.025734
v 0.353925 0.185219 0.026354
v -0.112268 0.185219 0.039598
v 0.350115 0.185219 0.027274
v 0.345603 0.185219 0.028613
v 0.340253 0.185219 0.030488
v 0.333927 0.185219 0.033018
v 0.326492 0.185219 0.036322
v 0.322594 0.185219 0.038020
v 0.319006 0.185219 0.039393
v 0.315704 0.185219 0.040504
v -0.112538 0.185219 0.053588
v 0.312661 0.185219 0.041416
v 0.309853 0.185219 0.042192
v 0.307255 0.185219 0.042894
v 0.304841 0.185219 0.043586
v 0.302586 0.185219 0.044330
v 0.300465 0.185219 0.045189
v 0.298453 0.185219 0.046227
v 0.296525 0.185219 0.047505
v 0.294655 0.185219 0.049087
v 0.293535 0.185219 0.050181
v 0.292578 0.185219 0.051183
v 0.291748 0.185219 0.052106
v 0.291012 0.185219 0.052968
v 0.290334 0.185219 0.053782
v -0.113162 0.185219 0.067690
v 0.289681 0.185219 0.054565
v 0.289019 0.185219 0.055332
v 0.288312 0.185219 0.056098
v 0.287526 0.185219 0.056880
v 0.286628 0.185219 0.057692
v 0.285581 0.185219 0.058549
v 0.284353 0.185219 0.059468
v 0.281794 0.185219 0.061155
v 0.279401 0.185219 0.062470
v 0.277148 0.185219 0.063486
v 0.275012 0.185219 0.064275
v 0.272968 0.185219 0.064909
v 0.270992 0.185219 0.065463
v 0.269060 0.185219 0.066007
v 0.267147 0.185219 0.066615
v 0.265230 0.185219 0.067360
v 0.263284 0.185219 0.068314
v -0.114274 0.185219 0.081814
v 0.261286 0.185219 0.069549
v 0.259210 0.185219 0.071139
v 0.257723 0.185219 0.072494
v 0.256564 0.185219 0.073749
v 0.255666 0.185219 0.074924
v 0.254961 0.185219 0.076043
v 0.254382 0.185219 0.077123
v 0.253863 0.185219 0.078189
v 0.253336 0.185219 0.079259
v 0.252733 0.185219 0.080355
v 0.251987 0.185219 0.081498
v 0.251032 0.185219 0.082710
v -0.116542 0.185219 0.101760
v 0.249799 0.185219 0.084011
v 0.248222 0.185219 0.085422
v 0.246435 0.185219 0.086640
v 0.244568 0.185219 0.087471
v 0.242646 0.185219 0.088011
v 0.240694 0.185219 0.088354
v 0.238736 0.185219 0.088597
v 0.236798 0.185219 0.088835
v 0.234904 0.185219 0.089165
v 0.233079 0.185219 0.089683
v 0.231347 0.185219 0.090483
v 0.229735 0.185219 0.091663
v 0.228266 0.185219 0.093317
v 0.226965 0.185219 0.095542
v 0.225276 0.185219 0.098898
v 0.223729 0.185219 0.101582
v 0.222307 0.185219 0.103678
v -0.119125 0.185219 0.119982
v 0.220992 0.185219 0.105274
v 0.219766 0.185219 0.106457
v 0.218610 0.185219 0.107313
v 0.217507 0.185219 0.107928
v 0.216438 0.185219 0.108390
v 0.215385 0.185219 0.108784
v 0.214330 0.185219 0.109198
v 0.213254 0.185219 0.109717
v 0.212141 0.185219 0.110428
v 0.206688 0.185219 0.114116
v 0.201512 0.185219 0.117041
v 0.196622 0.185219 0.119356
v 0.192026 0.185219 0.121210
v -0.121902 0.185219 0.136629
v 0.187734 0.185219 0.122754
v 0.183755 0.185219 0.124138
v 0.180098 0.185219 0.125512
v 0.176773 0.185219 0.127026
v 0.173788 0.185219 0.128831
v 0.171152 0.185219 0.131077
v 0.168875 0.185219 0.133914
v 0.166965 0.185219 0.137492
v -0.124752 0.185219 0.151850
v 0.165617 0.185219 0.140846
v 0.164519 0.185219 0.143990
v 0.163624 0.185219 0.146915
v 0.162883 0.185219 0.149614
v 0.162249 0.185219 0.152078
v -0.127553 0.185219 0.165795
v 0.146904 0.185219 0.154420
v 0.161674 0.185219 0.154299
v 0.161109 0.185219 0.156268
v 0.145887 0.185219 0.154494
v 0.147876 0.185219 0.154812
v 0.144810 0.185219 0.155137
v 0.148816 0.185219 0.155564
v 0.144192 0.185219 0.155846
v 0.149737 0.185219 0.156573
v 0.143922 0.185219 0.156568
v 0.160506 0.185219 0.157978
v 0.143941 0.185219 0.157316
v 0.150651 0.185219 0.157734
v 0.144191 0.185219 0.158101
v 0.151574 0.185219 0.158944
v 0.159818 0.185219 0.159420
v 0.144611 0.185219 0.158936
v 0.145143 0.185219 0.159832
v 0.152517 0.185219 0.160097
v 0.158997 0.185219 0.160587
v 0.145728 0.185219 0.160802
v 0.153494 0.185219 0.161089
v 0.157994 0.185219 0.161469
v 0.146306 0.185219 0.161859
v 0.154518 0.185219 0.161816
v 0.156761 0.185219 0.162058
v 0.155603 0.185219 0.162174
v 0.146819 0.185219 0.163013
v 0.147208 0.185219 0.164277
v 0.147412 0.185219 0.165663
v 0.147374 0.185219 0.167184
v -0.130185 0.185219 0.178612
v 0.147048 0.185219 0.168432
v 0.146434 0.185219 0.169388
v 0.145590 0.185219 0.170125
v 0.144574 0.185219 0.170717
v 0.143443 0.185219 0.171238
v 0.142253 0.185219 0.171762
v 0.141064 0.185219 0.172364
v 0.139931 0.185219 0.173118
v 0.138913 0.185219 0.174098
v 0.138067 0.185219 0.175377
v 0.137451 0.185219 0.177030
v 0.137121 0.185219 0.179132
v -0.132525 0.185219 0.190450
v 0.136851 0.185219 0.183542
v 0.136648 0.185219 0.187788
v 0.136462 0.185219 0.191873
v -0.134453 0.185219 0.201457
v 0.136247 0.185219 0.195799
v 0.135955 0.185219 0.199569
v 0.135537 0.185219 0.203186
v -0.135847 0.185219 0.211784
v 0.134947 0.185219 0.206652
v 0.134136 0.185219 0.209970
v 0.133057 0.185219 0.213143
v -0.136586 0.185219 0.221577
v 0.131662 0.185219 0.216174
v 0.129903 0.185219 0.219064
v 0.127733 0.185219 0.221817
v -0.136548 0.185219 0.230988
v 0.124949 0.185219 0.224169
v 0.098579 0.185219 0.224875
v 0.094601 0.185219 0.224989
v 0.102633 0.185219 0.225141
v 0.121790 0.185219 0.225581
v 0.090763 0.185219 0.225673
v 0.106699 0.185219 0.225600
v 0.118322 0.185219 0.226241
v 0.110711 0.185219 0.226062
v 0.087130 0.185219 0.227115
v 0.114607 0.185219 0.226338
v 0.083766 0.185219 0.229505
v 0.081045 0.185219 0.232599
v -0.135613 0.185219 0.240164
v 0.079183 0.185219 0.235988
v 0.078004 0.185219 0.239609
v 0.077333 0.185219 0.243397
v -0.134841 0.185219 0.243318
v -0.133656 0.185219 0.245947
v 0.076995 0.185219 0.247291
v -0.132125 0.185219 0.248161
v 0.076815 0.185219 0.251227
v -0.130315 0.185219 0.250070
v -0.128293 0.185219 0.251782
v 0.076618 0.185219 0.255142
v -0.126125 0.185219 0.253408
v -0.123880 0.185219 0.255057
v -0.121624 0.185219 0.256838
v 0.076229 0.185219 0.258972
v -0.119425 0.185219 0.258860
v -0.117348 0.185219 0.261234
v 0.075473 0.185219 0.262655
v -0.115462 0.185219 0.264068
v 0.074175 0.185219 0.266128
v -0.113834 0.185219 0.267472
v 0.072159 0.185219 0.269327
v -0.112284 0.185219 0.271884
v 0.069252 0.185219 0.272190
v -0.111017 0.185219 0.276421
v 0.067441 0.185219 0.273434
v 0.065704 0.185219 0.274303
v 0.064008 0.185219 0.274870
v 0.062322 0.185219 0.275209
v 0.060613 0.185219 0.275394
v 0.058850 0.185219 0.275499
v 0.057000 0.185219 0.275598
v 0.055033 0.185219 0.275765
v 0.052916 0.185219 0.276074
v 0.050618 0.185219 0.276598
v -0.109976 0.185219 0.280992
v 0.048106 0.185219 0.277411
v 0.045350 0.185219 0.278588
v 0.040871 0.185219 0.281126
v -0.109105 0.185219 0.285505
v 0.036897 0.185219 0.284114
v 0.033401 0.185219 0.287440
v -0.108347 0.185219 0.289868
v 0.030359 0.185219 0.290988
v -0.107646 0.185219 0.293987
v 0.027745 0.185219 0.294643
v -0.106945 0.185219 0.297772
v 0.025533 0.185219 0.298290
v -0.106187 0.185219 0.301129
v 0.023700 0.185219 0.301815
v -0.105316 0.185219 0.303967
v 0.022218 0.185219 0.305103
v -0.104275 0.185219 0.306194
v 0.021063 0.185219 0.308038
v -0.103008 0.185219 0.307717
v -0.101458 0.185219 0.308443
v -0.097409 0.185219 0.307903
v -0.096791 0.185219 0.307841
v -0.096161 0.185219 0.307844
v -0.095519 0.185219 0.307932
v -0.098015 0.185219 0.308009
v -0.094863 0.185219 0.308125
v -0.098611 0.185219 0.308139
v 0.020211 0.185219 0.310508
v -0.094193 0.185219 0.308443
v -0.099197 0.185219 0.308273
v -0.099774 0.185219 0.308390
v -0.100343 0.185219 0.308471
v -0.100904 0.185219 0.308496
v -0.093639 0.185219 0.308813
v -0.093191 0.185219 0.309218
v -0.092829 0.185219 0.309652
v -0.092534 0.185219 0.310111
v -0.092288 0.185219 0.310587
v 0.019634 0.185219 0.312394
v -0.092072 0.185219 0.311078
v -0.091868 0.185219 0.311575
v -0.091655 0.185219 0.312076
v -0.091417 0.185219 0.312573
v 0.019309 0.185219 0.313585
v -0.091133 0.185219 0.313062
v -0.090786 0.185219 0.313537
v -0.074729 0.185219 0.313427
v -0.076541 0.185219 0.313482
v -0.072854 0.185219 0.313569
v -0.078284 0.185219 0.313685
v -0.090356 0.185219 0.313993
v -0.071181 0.185219 0.313899
v 0.018390 0.185219 0.317796
v -0.079957 0.185219 0.313987
v -0.069733 0.185219 0.314388
v -0.081555 0.185219 0.314337
v -0.089379 0.185219 0.314688
v -0.083075 0.185219 0.314687
v -0.068463 0.185219 0.315017
v -0.084513 0.185219 0.314986
v -0.088302 0.185219 0.315086
v -0.085866 0.185219 0.315185
v -0.067325 0.185219 0.315765
v -0.087130 0.185219 0.315235
v -0.066274 0.185219 0.316616
v -0.065264 0.185219 0.317549
v -0.064249 0.185219 0.318546
v 0.017836 0.185219 0.321919
v -0.063183 0.185219 0.319588
v -0.062020 0.185219 0.320654
v -0.060714 0.185219 0.321728
v -0.059219 0.185219 0.322789
v 0.017620 0.185219 0.325982
v -0.057491 0.185219 0.323820
v -0.054594 0.185219 0.325145
v -0.032291 0.185219 0.324654
v -0.034725 0.185219 0.324715
v -0.029787 0.185219 0.324896
v -0.037113 0.185219 0.324987
v -0.027189 0.185219 0.325534
v -0.039480 0.185219 0.325381
v -0.051845 0.185219 0.325950
v -0.041850 0.185219 0.325803
v -0.023154 0.185219 0.327403
v -0.044247 0.185219 0.326162
v -0.049220 0.185219 0.326328
v 0.017717 0.185219 0.330012
v -0.046696 0.185219 0.326368
v -0.019550 0.185219 0.330145
v 0.018099 0.185219 0.334037
v -0.016358 0.185219 0.333629
v -0.013557 0.185219 0.337720
v 0.018741 0.185219 0.338084
v -0.011128 0.185219 0.342285
v 0.019617 0.185219 0.342181
v 0.020700 0.185219 0.346356
v -0.009050 0.185219 0.347192
v 0.021963 0.185219 0.350636
v -0.007305 0.185219 0.352306
v 0.023381 0.185219 0.355048
v -0.005871 0.185219 0.357495
v 0.024926 0.185219 0.359621
v -0.004730 0.185219 0.362625
v 0.026574 0.185219 0.364382
v -0.003862 0.185219 0.367563
v 0.029054 0.185219 0.371098
v -0.003246 0.185219 0.372176
v 0.031456 0.185219 0.376856
v -0.002863 0.185219 0.376331
v -0.002661 0.185219 0.381429
v 0.033755 0.185219 0.381804
v -0.002778 0.185219 0.385909
v 0.035928 0.185219 0.386091
v -0.003141 0.185219 0.389899
v 0.037950 0.185219 0.389864
v 0.039795 0.185219 0.393272
v -0.003681 0.185219 0.393532
v 0.041439 0.185219 0.396461
v -0.004326 0.185219 0.396938
v 0.042859 0.185219 0.399581
v -0.005005 0.185219 0.400248
v 0.044028 0.185219 0.402778
v -0.005649 0.185219 0.403593
v 0.044923 0.185219 0.406201
v -0.006186 0.185219 0.407103
v 0.045519 0.185219 0.409997
v -0.006545 0.185219 0.410909
v 0.045790 0.185219 0.414314
v -0.006656 0.185219 0.415142
v 0.045803 0.185219 0.415835
v -0.006448 0.185219 0.419934
v 0.045755 0.185219 0.418012
v 0.045592 0.185219 0.420740
v -0.005850 0.185219 0.425414
v 0.045260 0.185219 0.423918
v 0.044705 0.185219 0.427442
v -0.005480 0.185219 0.428041
v 0.043872 0.185219 0.431209
v -0.005029 0.185219 0.430966
v -0.004469 0.185219 0.434108
v 0.042707 0.185219 0.435116
v -0.003774 0.185219 0.437382
v 0.041156 0.185219 0.439060
v -0.002917 0.185219 0.440705
v 0.039164 0.185219 0.442938
v -0.001869 0.185219 0.443991
v 0.036678 0.185219 0.446648
v -0.000603 0.185219 0.447159
v 0.033642 0.185219 0.450085
v 0.000906 0.185219 0.450123
v 0.030003 0.185219 0.453147
v 0.002688 0.185219 0.452801
v 0.004769 0.185219 0.455107
v 0.029356 0.185219 0.453607
v 0.028431 0.185219 0.454234
v 0.027256 0.185219 0.454976
v 0.025856 0.185219 0.455782
v 0.007176 0.185219 0.456959
v 0.024262 0.185219 0.456598
v 0.022499 0.185219 0.457375
v 0.009937 0.185219 0.458272
v 0.020595 0.185219 0.458058
v 0.018579 0.185219 0.458598
v 0.012129 0.185219 0.458830
v 0.016478 0.185219 0.458940
v 0.014318 0.185219 0.459035
v 0.014701 0.185219 -0.068014
v 0.015229 0.185219 -0.068098
v 0.017024 0.185219 -0.068014
v 0.010185 0.185219 -0.067299
v 0.032953 0.185219 -0.067156
v 0.032439 0.185219 -0.067297
v 0.004160 0.185219 -0.066344
v 0.036352 0.185219 -0.066224
v -0.000160 0.185219 -0.065660
v 0.038686 0.185219 -0.065584
v -0.016518 0.185219 -0.060175
v -0.019817 0.185219 -0.058445
v 0.050225 0.185219 -0.062422
v 0.055489 0.185219 -0.059628
v -0.001168 0.185219 -0.065500
v -0.020929 0.185219 -0.057862
v 0.057467 0.185219 -0.058579
v -0.022057 0.185219 -0.057271
v 0.059578 0.185219 -0.057459
v -0.023215 0.185219 -0.056663
v 0.061865 0.185219 -0.056245
v -0.030585 0.185219 -0.052798
v -0.036932 0.185219 -0.048368
v 0.068354 0.185219 -0.052802
v 0.073876 0.185219 -0.049945
v -0.037744 0.185219 -0.047801
v 0.076590 0.185219 -0.048542
v -0.038595 0.185219 -0.047207
v 0.079594 0.185219 -0.046988
v 0.221937 0.185219 -0.046722
v 0.242133 0.185219 -0.046685
v 0.239720 0.185219 -0.047245
v 0.225108 0.185219 -0.047122
v -0.043133 0.185219 -0.044040
v -0.050162 0.185219 -0.037877
v 0.087776 0.185219 -0.042755
v 0.095719 0.185219 -0.040601
v 0.251780 0.185219 -0.044448
v 0.253023 0.185219 -0.043537
v 0.193310 0.185219 -0.042423
v 0.208377 0.185219 -0.045013
v -0.050796 0.185219 -0.037322
v 0.102391 0.185219 -0.038791
v 0.175916 0.185219 -0.039496
v 0.257472 0.185219 -0.040278
v 0.189961 0.185219 -0.041847
v -0.051468 0.185219 -0.036732
v 0.108116 0.185219 -0.037238
v 0.114035 0.185219 -0.036693
v 0.154865 0.185219 -0.036683
v 0.261420 0.185219 -0.036657
v 0.260854 0.185219 -0.037801
v 0.170294 0.185219 -0.038556
v -0.061443 0.185219 -0.026470
v -0.053928 0.185219 -0.034575
v 0.149808 0.185219 -0.036069
v 0.263008 0.185219 -0.033449
v 0.128937 0.185219 -0.035320
v -0.061949 0.185219 -0.025924
v 0.264993 0.185219 -0.029436
v -0.062178 0.185219 -0.025678
v 0.265911 0.185219 -0.027582
v -0.062403 0.185219 -0.025434
v 0.266533 0.185219 -0.025727
v 0.266508 0.185219 -0.026374
v -0.062624 0.185219 -0.025196
v 0.266603 0.185219 -0.023887
v -0.069315 0.185219 -0.016220
v -0.070445 0.185219 -0.014150
v 0.266732 0.185219 -0.020523
v -0.062734 0.185219 -0.025077
v -0.070554 0.185219 -0.013951
v 0.266801 0.185219 -0.018720
v 0.266595 0.185219 -0.016960
v -0.070660 0.185219 -0.013757
v 0.266847 0.185219 -0.017508
v -0.070762 0.185219 -0.013570
v 0.265809 0.185219 -0.015253
v 0.265058 0.185219 -0.013621
v -0.070859 0.185219 -0.013391
v -0.070952 0.185219 -0.013222
v 0.264347 0.185219 -0.012075
v -0.074862 0.185219 -0.003115
v -0.074312 0.185219 -0.001547
v -0.073436 0.185219 -0.008674
v 0.263137 0.185219 -0.009445
v 0.262226 0.185219 -0.008547
v -0.074262 0.185219 -0.001404
v 0.260764 0.185219 -0.007105
v -0.074216 0.185219 -0.001272
v 0.259424 0.185219 -0.005785
v -0.074174 0.185219 -0.001153
v 0.258220 0.185219 -0.004598
v -0.074136 0.185219 -0.001047
v 0.257166 0.185219 -0.003559
v -0.074037 0.185219 -0.000763
v 0.253520 0.185219 -0.000813
v 0.255767 0.185219 -0.002180
v -0.073946 0.185219 -0.000504
v 0.249486 0.185219 0.001642
v -0.073364 0.185219 0.001153
v -0.069000 0.185219 0.005246
v -0.061966 0.185219 0.009128
v -0.056360 0.185219 0.011269
v 0.245130 0.185219 0.004293
v 0.242052 0.185219 0.005589
v -0.055507 0.185219 0.011595
v 0.236815 0.185219 0.007792
v -0.054713 0.185219 0.011898
v 0.232214 0.185219 0.009729
v -0.053979 0.185219 0.012178
v 0.226885 0.185219 0.011432
v 0.231614 0.185219 0.009981
v -0.053306 0.185219 0.012435
v 0.222056 0.185219 0.012913
v -0.052458 0.185219 0.012759
v -0.040669 0.185219 0.016105
v -0.026797 0.185219 0.019126
v -0.011037 0.185219 0.021785
v -0.001536 0.185219 0.023015
v 0.215612 0.185219 0.014890
v 0.202674 0.185219 0.017847
v 0.001225 0.185219 0.023373
v 0.197514 0.185219 0.019026
v 0.196717 0.185219 0.019162
v 0.003784 0.185219 0.023704
v 0.189944 0.185219 0.020314
v 0.006134 0.185219 0.024008
v 0.184225 0.185219 0.021287
v 0.008840 0.185219 0.024278
v 0.006417 0.185219 0.024045
v 0.179388 0.185219 0.022110
v 0.011389 0.185219 0.024523
v 0.177710 0.185219 0.022396
v 0.174290 0.185219 0.022819
v 0.013704 0.185219 0.024745
v 0.169409 0.185219 0.023422
v 0.016980 0.185219 0.025061
v 0.163059 0.185219 0.024207
v 0.019343 0.185219 0.025288
v 0.158840 0.185219 0.024728
v 0.020994 0.185219 0.025447
v 0.156591 0.185219 0.025006
v 0.155795 0.185219 0.025073
v 0.022202 0.185219 0.025563
v 0.152900 0.185219 0.025317
v 0.023283 0.185219 0.025667
v 0.150404 0.185219 0.025527
v 0.024585 0.185219 0.025792
v 0.147510 0.185219 0.025771
v 0.027008 0.185219 0.025977
v 0.025368 0.185219 0.025867
v 0.143469 0.185219 0.026111
v 0.045621 0.185219 0.027216
v 0.066981 0.185219 0.028053
v 0.089251 0.185219 0.028340
v 0.134548 0.185219 0.026863
v 0.111971 0.185219 0.027972
v 0.264993 0.140406 -0.029436
v 0.263008 0.140406 -0.033449
v 0.265911 0.140406 -0.027582
v 0.261420 0.140406 -0.036657
v 0.236815 0.140406 0.007792
v 0.232214 0.140406 0.009729
v 0.242052 0.140406 0.005589
v 0.193310 0.140406 -0.042423
v -0.070952 0.140406 -0.013222
v -0.070859 0.140406 -0.013391
v -0.070762 0.140406 -0.013570
v -0.070660 0.140406 -0.013757
v -0.070554 0.140406 -0.013951
v -0.070445 0.140406 -0.014150
v 0.184225 0.140406 0.021287
v 0.189944 0.140406 0.020314
v 0.179388 0.140406 0.022110
v 0.196717 0.140406 0.019162
v 0.055489 0.140406 -0.059628
v 0.057467 0.140406 -0.058579
v 0.059578 0.140406 -0.057459
v 0.061865 0.140406 -0.056245
v 0.114035 0.140406 -0.036693
v -0.023215 0.140406 -0.056663
v -0.022057 0.140406 -0.057271
v -0.020929 0.140406 -0.057862
v -0.019817 0.140406 -0.058445
v -0.054713 0.140406 0.011898
v -0.055507 0.140406 0.011595
v -0.056360 0.140406 0.011269
v -0.053979 0.140406 0.012178
v -0.053306 0.140406 0.012435
v 0.253023 0.140406 -0.043537
v 0.257472 0.140406 -0.040278
v 0.262226 0.140406 -0.008547
v 0.260764 0.140406 -0.007105
v 0.259424 0.140406 -0.005785
v 0.258220 0.140406 -0.004598
v 0.257166 0.140406 -0.003559
v -0.001536 0.140406 0.023015
v 0.001225 0.140406 0.023373
v 0.003784 0.140406 0.023704
v 0.006134 0.140406 0.024008
v -0.051468 0.140406 -0.036732
v -0.050162 0.140406 -0.037877
v -0.050796 0.140406 -0.037322
v 0.073876 0.140406 -0.049945
v 0.076590 0.140406 -0.048542
v 0.079594 0.140406 -0.046988
v -0.062624 0.140406 -0.025196
v -0.062403 0.140406 -0.025434
v -0.062178 0.140406 -0.025678
v -0.061949 0.140406 -0.025924
v -0.061443 0.140406 -0.026470
v 0.226885 0.140406 0.011432
v 0.222056 0.140406 0.012913
v -0.073946 0.140406 -0.000504
v -0.074037 0.140406 -0.000763
v -0.074136 0.140406 -0.001047
v -0.074174 0.140406 -0.001153
v -0.074216 0.140406 -0.001272
v -0.074262 0.140406 -0.001404
v -0.074312 0.140406 -0.001547
v 0.163059 0.140406 0.024207
v 0.169409 0.140406 0.023422
v 0.158840 0.140406 0.024728
v 0.174290 0.140406 0.022819
v -0.038595 0.140406 -0.047207
v -0.037744 0.140406 -0.047801
v -0.036932 0.140406 -0.048368
v -0.000160 0.140406 -0.065660
v 0.004160 0.140406 -0.066344
v 0.010185 0.140406 -0.067299
v 0.014701 0.140406 -0.068014
v 0.095719 0.140406 -0.040601
v 0.102391 0.140406 -0.038791
v 0.020994 0.140406 0.025447
v 0.019343 0.140406 0.025288
v 0.016980 0.140406 0.025061
v 0.013704 0.140406 0.024745
v 0.011389 0.140406 0.024523
v 0.008840 0.140406 0.024278
v 0.022202 0.140406 0.025563
v 0.023283 0.140406 0.025667
v 0.024585 0.140406 0.025792
v 0.175916 0.140406 -0.039496
v 0.266732 0.140406 -0.020523
v 0.266603 0.140406 -0.023887
v 0.266801 0.140406 -0.018720
v 0.266533 0.140406 -0.025727
v 0.017024 0.140406 -0.068014
v 0.253520 0.140406 -0.000813
v 0.249486 0.140406 0.001642
v 0.202674 0.140406 0.017847
v 0.154865 0.140406 -0.036683
v 0.150404 0.140406 0.025527
v 0.147510 0.140406 0.025771
v 0.143469 0.140406 0.026111
v 0.152900 0.140406 0.025317
v 0.155795 0.140406 0.025073
v 0.242133 0.140406 -0.046685
v 0.032953 0.140406 -0.067156
v 0.038686 0.140406 -0.065584
v 0.036352 0.140406 -0.066224
v 0.027008 0.140406 0.025977
v 0.221937 0.140406 -0.046722
v 0.265058 0.140406 -0.013621
v 0.265809 0.140406 -0.015253
v 0.264347 0.140406 -0.012075
v 0.266595 0.140406 -0.016960
v 0.229231 0.140406 -0.046709
v 0.001750 0.140406 -0.065656
v 0.030136 0.140406 -0.067173
v 0.139493 0.140406 0.025118
v 0.048160 0.185219 -0.143262
v 0.048244 0.185219 -0.143266
v 0.048350 0.185219 -0.143264
v 0.036368 0.185219 -0.142466
v 0.041688 0.185219 -0.142982
v 0.054260 0.185219 -0.143156
v 0.060426 0.185219 -0.142513
v 0.059660 0.185219 -0.142657
v 0.034667 0.185219 -0.142300
v 0.030667 0.185219 -0.141715
v 0.065202 0.185219 -0.141505
v 0.064369 0.185219 -0.141772
v 0.010025 0.185219 -0.137390
v 0.011570 0.185219 -0.137828
v 0.027257 0.185219 -0.141217
v 0.019533 0.185219 -0.139728
v 0.072328 0.185219 -0.138019
v 0.071412 0.185219 -0.138865
v 0.068311 0.185219 -0.140507
v 0.007303 0.185219 -0.136617
v 0.073678 0.185219 -0.136684
v 0.073595 0.185219 -0.136850
v 0.004460 0.185219 -0.135810
v 0.074435 0.185219 -0.135168
v -0.008167 0.185219 -0.131432
v -0.003769 0.185219 -0.133116
v 0.003696 0.185219 -0.135593
v 0.074558 0.185219 -0.131881
v 0.074786 0.185219 -0.134466
v 0.073740 0.185219 -0.130072
v -0.010443 0.185219 -0.130561
v 0.074527 0.185219 -0.131522
v 0.073740 0.185219 -0.130071
v -0.010444 0.185219 -0.130560
v 0.073740 0.185219 -0.130071
v -0.010446 0.185219 -0.130560
v 0.073740 0.185219 -0.130070
v -0.010448 0.185219 -0.130559
v 0.073739 0.185219 -0.130069
v -0.010452 0.185219 -0.130558
v 0.073738 0.185219 -0.130068
v -0.010456 0.185219 -0.130556
v 0.073738 0.185219 -0.130067
v -0.010460 0.185219 -0.130555
v 0.073737 0.185219 -0.130066
v -0.010464 0.185219 -0.130553
v 0.073737 0.185219 -0.130064
v -0.010467 0.185219 -0.130551
v 0.073736 0.185219 -0.130064
v -0.010471 0.185219 -0.130550
v 0.073736 0.185219 -0.130063
v -0.010473 0.185219 -0.130549
v 0.073735 0.185219 -0.130063
v -0.010475 0.185219 -0.130548
v 0.073735 0.185219 -0.130063
v -0.010476 0.185219 -0.130548
v -0.014042 0.185219 -0.128998
v -0.010762 0.185219 -0.130439
v 0.073116 0.185219 -0.128920
v -0.017219 0.185219 -0.127601
v -0.017865 0.185219 -0.127275
v 0.072592 0.185219 -0.127954
v 0.072358 0.185219 -0.127673
v 0.070696 0.185219 -0.125681
v -0.019565 0.185219 -0.126417
v -0.023238 0.185219 -0.124550
v -0.023077 0.185219 -0.124644
v 0.069554 0.185219 -0.124312
v -0.026720 0.185219 -0.122514
v 0.069255 0.185219 -0.123954
v 0.068076 0.185219 -0.122836
v 0.065811 0.185219 -0.120687
v -0.028153 0.185219 -0.121676
v -0.031328 0.185219 -0.119503
v -0.028271 0.185219 -0.121607
v 0.064790 0.185219 -0.119719
v 0.064007 0.185219 -0.119090
v -0.032737 0.185219 -0.118532
v -0.034364 0.185219 -0.117172
v 0.061885 0.185219 -0.117383
v -0.035346 0.185219 -0.116351
v 0.058999 0.185219 -0.115112
v 0.059471 0.185219 -0.115441
v -0.037872 0.185219 -0.113891
v -0.036413 0.185219 -0.115458
v 0.056385 0.185219 -0.113284
v -0.039967 0.185219 -0.111291
v -0.039234 0.185219 -0.112427
v 0.053607 0.185219 -0.111341
v 0.049772 0.185219 -0.109004
v -0.040500 0.185219 -0.110465
v 0.053570 0.185219 -0.111316
v -0.041137 0.185219 -0.109478
v -0.041702 0.185219 -0.107742
v 0.047362 0.185219 -0.107536
v 0.046219 0.185219 -0.106943
v -0.042057 0.185219 -0.106653
v -0.041975 0.185219 -0.104908
v 0.042013 0.185219 -0.104761
v -0.041932 0.185219 -0.103991
v -0.040504 0.185219 -0.101994
v -0.015299 0.185219 -0.102140
v -0.009424 0.185219 -0.102835
v -0.002601 0.185219 -0.103462
v 0.004103 0.185219 -0.103738
v 0.010467 0.185219 -0.103480
v 0.041120 0.185219 -0.104298
v 0.036675 0.185219 -0.102442
v 0.016743 0.185219 -0.102327
v 0.016268 0.185219 -0.102504
v -0.038057 0.185219 -0.101022
v -0.040473 0.185219 -0.101950
v -0.026400 0.185219 -0.100876
v -0.022544 0.185219 -0.101260
v -0.016146 0.185219 -0.102040
v 0.021284 0.185219 -0.100628
v 0.022822 0.185219 -0.100264
v 0.029276 0.185219 -0.100183
v 0.029629 0.185219 -0.100217
v 0.035118 0.185219 -0.101793
v -0.033485 0.185219 -0.100477
v -0.037584 0.185219 -0.100840
v 0.024926 0.185219 -0.099764
v -0.028398 0.185219 -0.100677
v 0.036368 0.140406 -0.142466
v 0.073740 0.140406 -0.130072
v 0.073740 0.140406 -0.130071
v 0.073740 0.140406 -0.130071
v 0.073740 0.140406 -0.130070
v 0.073739 0.140406 -0.130069
v 0.073738 0.140406 -0.130068
v 0.073738 0.140406 -0.130067
v 0.073737 0.140406 -0.130066
v 0.073737 0.140406 -0.130064
v 0.073736 0.140406 -0.130064
v 0.073736 0.140406 -0.130063
v 0.073735 0.140406 -0.130063
v 0.073735 0.140406 -0.130063
v 0.073116 0.140406 -0.128920
v 0.064007 0.140406 -0.119090
v 0.061885 0.140406 -0.117383
v -0.014042 0.140406 -0.128998
v 0.046219 0.140406 -0.106943
v 0.042013 0.140406 -0.104761
v 0.072328 0.140406 -0.138019
v -0.035346 0.140406 -0.116351
v -0.034364 0.140406 -0.117172
v -0.041975 0.140406 -0.104908
v -0.026400 0.140406 -0.100876
v 0.004460 0.140406 -0.135810
v 0.007303 0.140406 -0.136617
v 0.010025 0.140406 -0.137390
v 0.060426 0.140406 -0.142513
v -0.037872 0.140406 -0.113891
v 0.030667 0.140406 -0.141715
v 0.070696 0.140406 -0.125681
v 0.069554 0.140406 -0.124312
v 0.072358 0.140406 -0.127673
v -0.019565 0.140406 -0.126417
v -0.017865 0.140406 -0.127275
v 0.022822 0.140406 -0.100264
v 0.073678 0.140406 -0.136684
v 0.074435 0.140406 -0.135168
v -0.015299 0.140406 -0.102140
v 0.029276 0.140406 -0.100183
v 0.056385 0.140406 -0.113284
v 0.053607 0.140406 -0.111341
v 0.058999 0.140406 -0.115112
v 0.016743 0.140406 -0.102327
v 0.065202 0.140406 -0.141505
v -0.028153 0.140406 -0.121676
v -0.023238 0.140406 -0.124550
v -0.026720 0.140406 -0.122514
v -0.040500 0.140406 -0.110465
v -0.039967 0.140406 -0.111291
v 0.048160 0.140406 -0.143262
v 0.036675 0.140406 -0.102442
v 0.074558 0.140406 -0.131881
v 0.068076 0.140406 -0.122836
v 0.065811 0.140406 -0.120687
v -0.040504 0.140406 -0.101994
v 0.048350 0.140406 -0.143264
v -0.010476 0.140406 -0.130548
v -0.010473 0.140406 -0.130549
v -0.010475 0.140406 -0.130548
v -0.010467 0.140406 -0.130551
v -0.010471 0.140406 -0.130550
v -0.010460 0.140406 -0.130555
v -0.010464 0.140406 -0.130553
v -0.010452 0.140406 -0.130558
v -0.010456 0.140406 -0.130556
v -0.010446 0.140406 -0.130560
v -0.010448 0.140406 -0.130559
v -0.010443 0.140406 -0.130561
v -0.010444 0.140406 -0.130560
v -0.008167 0.140406 -0.131432
v 0.049772 0.140406 -0.109004
v -0.038057 0.140406 -0.101022
v -0.031328 0.140406 -0.119503
v -0.041702 0.140406 -0.107742
v 0.128299 0.185219 -0.142153
v 0.137450 0.185219 -0.142447
v 0.124389 0.185219 -0.141145
v 0.144994 0.185219 -0.141019
v 0.116746 0.185219 -0.138468
v 0.151704 0.185219 -0.138821
v 0.147368 0.185219 -0.140571
v 0.119861 0.185219 -0.139977
v 0.113145 0.185219 -0.136724
v 0.156795 0.185219 -0.136767
v 0.112082 0.185219 -0.136209
v 0.158108 0.185219 -0.136238
v 0.110149 0.185219 -0.134841
v 0.161169 0.185219 -0.134373
v 0.106207 0.185219 -0.132052
v 0.164460 0.185219 -0.132368
v 0.103565 0.185219 -0.129899
v 0.169139 0.185219 -0.129518
v 0.104907 0.185219 -0.131133
v 0.103565 0.185219 -0.129898
v 0.169140 0.185219 -0.129518
v 0.103564 0.185219 -0.129898
v 0.169140 0.185219 -0.129517
v 0.103563 0.185219 -0.129898
v 0.169141 0.185219 -0.129517
v 0.103562 0.185219 -0.129896
v 0.169142 0.185219 -0.129516
v 0.103561 0.185219 -0.129896
v 0.169143 0.185219 -0.129515
v 0.103560 0.185219 -0.129894
v 0.169144 0.185219 -0.129515
v 0.103559 0.185219 -0.129893
v 0.169145 0.185219 -0.129514
v 0.103558 0.185219 -0.129892
v 0.169146 0.185219 -0.129513
v 0.103557 0.185219 -0.129892
v 0.169147 0.185219 -0.129513
v 0.103557 0.185219 -0.129891
v 0.169148 0.185219 -0.129512
v 0.103556 0.185219 -0.129890
v 0.169148 0.185219 -0.129512
v 0.103556 0.185219 -0.129890
v 0.169149 0.185219 -0.129512
v 0.102473 0.185219 -0.128894
v 0.169725 0.185219 -0.129161
v 0.170270 0.185219 -0.128834
v 0.101284 0.185219 -0.127800
v 0.171477 0.185219 -0.128110
v 0.098732 0.185219 -0.125453
v 0.176970 0.185219 -0.124816
v 0.097564 0.185219 -0.124240
v 0.098280 0.185219 -0.125038
v 0.178274 0.185219 -0.124034
v 0.096389 0.185219 -0.122932
v 0.179488 0.185219 -0.123306
v 0.179697 0.185219 -0.123216
v 0.094105 0.185219 -0.120389
v 0.188566 0.185219 -0.119396
v 0.092825 0.185219 -0.118965
v 0.189845 0.185219 -0.118845
v 0.190826 0.185219 -0.118540
v 0.091550 0.185219 -0.117447
v 0.092148 0.185219 -0.118212
v 0.193624 0.185219 -0.117670
v 0.089408 0.185219 -0.114712
v 0.211195 0.185219 -0.113113
v 0.200510 0.185219 -0.115530
v 0.088130 0.185219 -0.113080
v 0.216253 0.185219 -0.112255
v 0.211197 0.185219 -0.113112
v 0.086783 0.185219 -0.111359
v 0.221102 0.185219 -0.111431
v 0.084667 0.185219 -0.108438
v 0.248469 0.185219 -0.107438
v 0.255198 0.185219 -0.105678
v 0.254990 0.185219 -0.105775
v 0.231500 0.185219 -0.109973
v 0.240544 0.185219 -0.108755
v 0.086456 0.185219 -0.110942
v 0.221623 0.185219 -0.111343
v 0.083358 0.185219 -0.106606
v 0.256582 0.185219 -0.105031
v 0.081990 0.185219 -0.104691
v 0.257968 0.185219 -0.104383
v 0.080592 0.185219 -0.102698
v 0.081150 0.185219 -0.103516
v 0.259352 0.185219 -0.103737
v 0.262679 0.185219 -0.100415
v 0.259822 0.185219 -0.103517
v 0.078459 0.185219 -0.099571
v 0.263126 0.185219 -0.097270
v 0.077027 0.185219 -0.097471
v 0.263226 0.185219 -0.096570
v 0.075648 0.185219 -0.094834
v 0.076174 0.185219 -0.096221
v 0.263275 0.185219 -0.096221
v 0.263111 0.185219 -0.095701
v 0.074666 0.185219 -0.092244
v 0.074752 0.185219 -0.091509
v 0.259610 0.185219 -0.088726
v 0.261918 0.185219 -0.091917
v 0.259085 0.185219 -0.088001
v 0.258847 0.185219 -0.087801
v 0.075052 0.185219 -0.088961
v 0.075171 0.185219 -0.087953
v 0.257806 0.185219 -0.086923
v 0.075915 0.185219 -0.086586
v 0.078156 0.185219 -0.082919
v 0.077592 0.185219 -0.083508
v 0.245910 0.185219 -0.079702
v 0.249354 0.185219 -0.081210
v 0.254866 0.185219 -0.084443
v 0.243730 0.185219 -0.078748
v 0.080309 0.185219 -0.080667
v 0.081834 0.185219 -0.079073
v 0.242641 0.185219 -0.078271
v 0.241397 0.185219 -0.077846
v 0.082454 0.185219 -0.078629
v 0.085001 0.185219 -0.076809
v 0.238925 0.185219 -0.077000
v 0.086662 0.185219 -0.075622
v 0.234818 0.185219 -0.075595
v 0.232208 0.185219 -0.074873
v 0.087799 0.185219 -0.074809
v 0.229248 0.185219 -0.074054
v 0.089347 0.185219 -0.074007
v 0.091666 0.185219 -0.072805
v 0.221156 0.185219 -0.072041
v 0.225978 0.185219 -0.073149
v 0.217776 0.185219 -0.071263
v 0.094374 0.185219 -0.071403
v 0.095392 0.185219 -0.070875
v 0.216212 0.185219 -0.070903
v 0.214531 0.185219 -0.070574
v 0.097107 0.185219 -0.070229
v 0.100437 0.185219 -0.068973
v 0.204472 0.185219 -0.068630
v 0.205611 0.185219 -0.068825
v 0.200906 0.185219 -0.068019
v 0.102974 0.185219 -0.068017
v 0.189620 0.185219 -0.066171
v 0.107350 0.185219 -0.066688
v 0.104516 0.185219 -0.067435
v 0.194269 0.185219 -0.066883
v 0.186326 0.185219 -0.065666
v 0.110148 0.185219 -0.065949
v 0.183963 0.185219 -0.065304
v 0.112069 0.185219 -0.065443
v 0.140109 0.185219 -0.061688
v 0.126971 0.185219 -0.062680
v 0.154392 0.185219 -0.061834
v 0.169725 0.185219 -0.063282
v 0.115075 0.185219 -0.064650
v 0.182276 0.185219 -0.065045
v 0.075915 0.140406 -0.086586
v 0.189620 0.140406 -0.066171
v 0.186326 0.140406 -0.065666
v 0.183963 0.140406 -0.065304
v 0.092825 0.140406 -0.118965
v 0.094105 0.140406 -0.120389
v 0.096389 0.140406 -0.122932
v 0.097564 0.140406 -0.124240
v 0.091666 0.140406 -0.072805
v 0.089347 0.140406 -0.074007
v 0.094374 0.140406 -0.071403
v 0.081990 0.140406 -0.104691
v 0.083358 0.140406 -0.106606
v 0.084667 0.140406 -0.108438
v 0.263126 0.140406 -0.097270
v 0.263226 0.140406 -0.096570
v 0.151704 0.140406 -0.138821
v 0.156795 0.140406 -0.136767
v 0.179697 0.140406 -0.123216
v 0.188566 0.140406 -0.119396
v 0.075648 0.140406 -0.094834
v 0.221156 0.140406 -0.072041
v 0.217776 0.140406 -0.071263
v 0.113145 0.140406 -0.136724
v 0.116746 0.140406 -0.138468
v 0.080309 0.140406 -0.080667
v 0.078156 0.140406 -0.082919
v 0.190826 0.140406 -0.118540
v 0.193624 0.140406 -0.117670
v 0.214531 0.140406 -0.070574
v 0.086783 0.140406 -0.111359
v 0.089408 0.140406 -0.114712
v 0.088130 0.140406 -0.113080
v 0.091550 0.140406 -0.117447
v 0.263111 0.140406 -0.095701
v 0.100437 0.140406 -0.068973
v 0.097107 0.140406 -0.070229
v 0.102974 0.140406 -0.068017
v 0.164460 0.140406 -0.132368
v 0.169139 0.140406 -0.129518
v 0.161169 0.140406 -0.134373
v 0.169140 0.140406 -0.129518
v 0.169140 0.140406 -0.129517
v 0.169141 0.140406 -0.129517
v 0.169142 0.140406 -0.129516
v 0.169143 0.140406 -0.129515
v 0.169144 0.140406 -0.129515
v 0.169145 0.140406 -0.129514
v 0.169146 0.140406 -0.129513
v 0.169147 0.140406 -0.129513
v 0.169148 0.140406 -0.129512
v 0.169148 0.140406 -0.129512
v 0.169149 0.140406 -0.129512
v 0.245910 0.140406 -0.079702
v 0.243730 0.140406 -0.078748
v 0.075052 0.140406 -0.088961
v 0.074752 0.140406 -0.091509
v 0.106207 0.140406 -0.132052
v 0.110149 0.140406 -0.134841
v 0.085001 0.140406 -0.076809
v 0.082454 0.140406 -0.078629
v 0.086662 0.140406 -0.075622
v 0.211195 0.140406 -0.113113
v 0.200906 0.140406 -0.068019
v 0.204472 0.140406 -0.068630
v 0.098732 0.140406 -0.125453
v 0.101284 0.140406 -0.127800
v 0.102473 0.140406 -0.128894
v 0.103556 0.140406 -0.129890
v 0.103556 0.140406 -0.129890
v 0.103557 0.140406 -0.129891
v 0.103557 0.140406 -0.129892
v 0.103558 0.140406 -0.129892
v 0.103559 0.140406 -0.129893
v 0.103560 0.140406 -0.129894
v 0.103561 0.140406 -0.129896
v 0.103562 0.140406 -0.129896
v 0.103563 0.140406 -0.129898
v 0.103564 0.140406 -0.129898
v 0.103565 0.140406 -0.129898
v 0.103565 0.140406 -0.129899
v 0.255198 0.140406 -0.105678
v 0.256582 0.140406 -0.105031
v 0.257968 0.140406 -0.104383
v 0.259352 0.140406 -0.103737
v 0.259610 0.140406 -0.088726
v 0.112069 0.140406 -0.065443
v 0.110148 0.140406 -0.065949
v 0.107350 0.140406 -0.066688
v 0.241397 0.140406 -0.077846
v 0.238925 0.140406 -0.077000
v 0.216253 0.140406 -0.112255
v 0.221102 0.140406 -0.111431
v 0.144994 0.140406 -0.141019
v 0.257806 0.140406 -0.086923
v 0.258847 0.140406 -0.087801
v 0.170270 0.140406 -0.128834
v 0.171477 0.140406 -0.128110
v 0.176970 0.140406 -0.124816
v 0.178274 0.140406 -0.124034
v 0.077027 0.140406 -0.097471
v 0.078459 0.140406 -0.099571
v 0.080592 0.140406 -0.102698
v 0.232208 0.140406 -0.074873
v 0.229248 0.140406 -0.074054
v 0.124389 0.140406 -0.141145
v 0.177839 0.140406 -0.123209
v 0.292539 0.185219 -0.071619
v 0.309221 0.185219 -0.073165
v 0.303471 0.185219 -0.072846
v 0.319296 0.185219 -0.072548
v 0.324707 0.185219 -0.071429
v 0.323720 0.185219 -0.071704
v 0.314480 0.185219 -0.073050
v 0.290214 0.185219 -0.071181
v 0.292355 0.185219 -0.071598
v 0.325738 0.185219 -0.071141
v 0.288209 0.185219 -0.070790
v 0.326589 0.185219 -0.070903
v 0.281814 0.185219 -0.068375
v 0.281900 0.185219 -0.068665
v 0.331585 0.185219 -0.069176
v 0.333747 0.185219 -0.068203
v 0.285367 0.185219 -0.070237
v 0.327800 0.185219 -0.070565
v 0.281710 0.185219 -0.068022
v 0.334148 0.185219 -0.068023
v 0.282260 0.185219 -0.065588
v 0.281344 0.185219 -0.066785
v 0.338472 0.185219 -0.065833
v 0.339509 0.185219 -0.065228
v 0.335126 0.185219 -0.067583
v 0.282474 0.185219 -0.065308
v 0.339738 0.185219 -0.065095
v 0.282623 0.185219 -0.065114
v 0.339897 0.185219 -0.065003
v 0.283092 0.185219 -0.064500
v 0.284660 0.185219 -0.063231
v 0.341409 0.185219 -0.064122
v 0.286534 0.185219 -0.061712
v 0.344773 0.185219 -0.062042
v 0.341671 0.185219 -0.063970
v 0.287904 0.185219 -0.060687
v 0.346063 0.185219 -0.061219
v 0.347827 0.185219 -0.060094
v 0.350883 0.185219 -0.058172
v 0.350941 0.185219 -0.058131
v 0.291467 0.185219 -0.057994
v 0.291063 0.185219 -0.058324
v 0.295012 0.185219 -0.055100
v 0.355597 0.185219 -0.054803
v 0.297182 0.185219 -0.053123
v 0.356761 0.185219 -0.053971
v 0.296069 0.185219 -0.054238
v 0.361050 0.185219 -0.050906
v 0.300312 0.185219 -0.049989
v 0.361566 0.185219 -0.050385
v 0.302938 0.185219 -0.046572
v 0.365455 0.185219 -0.046455
v 0.300943 0.185219 -0.049357
v 0.304425 0.185219 -0.044497
v 0.366251 0.185219 -0.045651
v 0.305078 0.185219 -0.043584
v 0.368124 0.185219 -0.043759
v 0.306248 0.185219 -0.040747
v 0.369637 0.185219 -0.041355
v 0.372499 0.185219 -0.036805
v 0.372553 0.185219 -0.036631
v 0.307884 0.185219 -0.036646
v 0.307865 0.185219 -0.036821
v 0.308119 0.185219 -0.034419
v 0.372807 0.185219 -0.035810
v 0.308597 0.185219 -0.029905
v 0.374416 0.185219 -0.030612
v 0.374569 0.185219 -0.030119
v 0.308777 0.185219 -0.027831
v 0.374616 0.185219 -0.028212
v 0.308696 0.185219 -0.028970
v 0.308924 0.185219 -0.025764
v 0.374676 0.185219 -0.025823
v 0.374727 0.185219 -0.023776
v 0.374654 0.185219 -0.023457
v 0.309069 0.185219 -0.023718
v 0.309216 0.185219 -0.021657
v 0.374448 0.185219 -0.022558
v 0.309321 0.185219 -0.021327
v 0.373916 0.185219 -0.020235
v 0.309956 0.185219 -0.019331
v 0.373397 0.185219 -0.017973
v 0.310578 0.185219 -0.017377
v 0.311182 0.185219 -0.015480
v 0.372426 0.185219 -0.015786
v 0.373369 0.185219 -0.017850
v 0.311250 0.185219 -0.015268
v 0.371471 0.185219 -0.013693
v 0.312213 0.185219 -0.013653
v 0.370423 0.185219 -0.011713
v 0.313253 0.185219 -0.011908
v 0.370887 0.185219 -0.012416
v 0.314527 0.185219 -0.009772
v 0.369811 0.185219 -0.010785
v 0.314651 0.185219 -0.009637
v 0.368595 0.185219 -0.008941
v 0.316109 0.185219 -0.008047
v 0.367677 0.185219 -0.007548
v 0.367424 0.185219 -0.007246
v 0.317463 0.185219 -0.006570
v 0.366141 0.185219 -0.005717
v 0.318696 0.185219 -0.005226
v 0.365016 0.185219 -0.004376
v 0.320210 0.185219 -0.004036
v 0.318778 0.185219 -0.005136
v 0.323732 0.185219 -0.001330
v 0.361656 0.185219 -0.000829
v 0.324641 0.185219 -0.000823
v 0.364131 0.185219 -0.003321
v 0.360644 0.185219 0.000191
v 0.329120 0.185219 0.001678
v 0.358222 0.185219 0.002364
v 0.330358 0.185219 0.002179
v 0.357036 0.185219 0.003399
v 0.334442 0.185219 0.003829
v 0.357609 0.185219 0.002913
v 0.334671 0.185219 0.003922
v 0.340115 0.185219 0.005431
v 0.355422 0.185219 0.004770
v 0.345182 0.185219 0.006239
v 0.348429 0.185219 0.006341
v 0.350001 0.185219 0.006320
v 0.353106 0.185219 0.005877
v 0.349602 0.185219 0.006377
v 0.306248 0.140406 -0.040747
v 0.361656 0.140406 -0.000829
v 0.282623 0.140406 -0.065114
v 0.282474 0.140406 -0.065308
v 0.282260 0.140406 -0.065588
v 0.324641 0.140406 -0.000823
v 0.324707 0.140406 -0.071429
v 0.325738 0.140406 -0.071141
v 0.326589 0.140406 -0.070903
v 0.291467 0.140406 -0.057994
v 0.295012 0.140406 -0.055100
v 0.372426 0.140406 -0.015786
v 0.371471 0.140406 -0.013693
v 0.348429 0.140406 0.006341
v 0.308597 0.140406 -0.029905
v 0.308119 0.140406 -0.034419
v 0.307884 0.140406 -0.036646
v 0.288209 0.140406 -0.070790
v 0.290214 0.140406 -0.071181
v 0.313253 0.140406 -0.011908
v 0.312213 0.140406 -0.013653
v 0.350001 0.140406 0.006320
v 0.339509 0.140406 -0.065228
v 0.339738 0.140406 -0.065095
v 0.339897 0.140406 -0.065003
v 0.341409 0.140406 -0.064122
v 0.358222 0.140406 0.002364
v 0.350941 0.140406 -0.058131
v 0.355597 0.140406 -0.054803
v 0.356761 0.140406 -0.053971
v 0.284660 0.140406 -0.063231
v 0.372807 0.140406 -0.035810
v 0.374416 0.140406 -0.030612
v 0.372553 0.140406 -0.036631
v 0.330358 0.140406 0.002179
v 0.334442 0.140406 0.003829
v 0.297182 0.140406 -0.053123
v 0.300312 0.140406 -0.049989
v 0.369811 0.140406 -0.010785
v 0.368595 0.140406 -0.008941
v 0.370423 0.140406 -0.011713
v 0.318696 0.140406 -0.005226
v 0.317463 0.140406 -0.006570
v 0.316109 0.140406 -0.008047
v 0.314651 0.140406 -0.009637
v 0.374676 0.140406 -0.025823
v 0.374616 0.140406 -0.028212
v 0.309069 0.140406 -0.023718
v 0.308924 0.140406 -0.025764
v 0.308777 0.140406 -0.027831
v 0.357036 0.140406 0.003399
v 0.365455 0.140406 -0.046455
v 0.366251 0.140406 -0.045651
v 0.361566 0.140406 -0.050385
v 0.333747 0.140406 -0.068203
v 0.334148 0.140406 -0.068023
v 0.304425 0.140406 -0.044497
v 0.302938 0.140406 -0.046572
v 0.367424 0.140406 -0.007246
v 0.366141 0.140406 -0.005717
v 0.365016 0.140406 -0.004376
v 0.292539 0.140406 -0.071619
v 0.346063 0.140406 -0.061219
v 0.281710 0.140406 -0.068022
v 0.281814 0.140406 -0.068375
v 0.320210 0.140406 -0.004036
v 0.287904 0.140406 -0.060687
v 0.373916 0.140406 -0.020235
v 0.373397 0.140406 -0.017973
v 0.374448 0.140406 -0.022558
v 0.374654 0.140406 -0.023457
v 0.311182 0.140406 -0.015480
v 0.310578 0.140406 -0.017377
v 0.309956 0.140406 -0.019331
v 0.309321 0.140406 -0.021327
v 0.369637 0.140406 -0.041355
v 0.350288 0.140406 -0.058129
v 0.292882 0.140406 -0.071617
v -0.014356 0.185219 0.160437
v -0.009527 0.185219 0.157726
v -0.001078 0.185219 0.155128
v 0.007141 0.185219 0.155237
v 0.015048 0.185219 0.158533
v 0.015671 0.185219 0.159016
v -0.015638 0.185219 0.161157
v 0.016703 0.185219 0.159816
v -0.015662 0.185219 0.161171
v 0.016723 0.185219 0.159832
v -0.016134 0.185219 0.161435
v 0.017112 0.185219 0.160134
v -0.016668 0.185219 0.161736
v 0.017561 0.185219 0.160482
v -0.017220 0.185219 0.162045
v 0.018031 0.185219 0.160847
v -0.017793 0.185219 0.162367
v 0.018528 0.185219 0.161232
v -0.018124 0.185219 0.162552
v -0.018321 0.185219 0.162702
v 0.019058 0.185219 0.161644
v -0.018784 0.185219 0.163054
v 0.019492 0.185219 0.162089
v 0.019176 0.185219 0.161736
v -0.019277 0.185219 0.163427
v 0.019923 0.185219 0.162570
v -0.019802 0.185219 0.163826
v 0.020389 0.185219 0.163092
v -0.020366 0.185219 0.164255
v 0.020898 0.185219 0.163661
v -0.020972 0.185219 0.164714
v 0.021455 0.185219 0.164284
v -0.021625 0.185219 0.165210
v 0.022067 0.185219 0.164968
v -0.022329 0.185219 0.165745
v 0.022605 0.185219 0.165723
v 0.022334 0.185219 0.165267
v -0.023091 0.185219 0.166322
v 0.023100 0.185219 0.166556
v -0.032820 0.185219 0.174603
v -0.026786 0.185219 0.169128
v 0.025765 0.185219 0.172191
v 0.024637 0.185219 0.169141
v -0.033318 0.185219 0.175055
v 0.026018 0.185219 0.172876
v -0.033692 0.185219 0.175395
v 0.026202 0.185219 0.173374
v 0.026207 0.185219 0.173397
v -0.033975 0.185219 0.175651
v 0.026289 0.185219 0.173797
v -0.034198 0.185219 0.175853
v 0.026354 0.185219 0.174114
v -0.034393 0.185219 0.176030
v 0.026411 0.185219 0.174392
v -0.034589 0.185219 0.176208
v 0.026469 0.185219 0.174673
v -0.034817 0.185219 0.176415
v 0.026536 0.185219 0.175002
v -0.035106 0.185219 0.176678
v 0.026622 0.185219 0.175423
v -0.035432 0.185219 0.176973
v -0.035481 0.185219 0.177023
v 0.026736 0.185219 0.175980
v -0.035928 0.185219 0.177475
v 0.026888 0.185219 0.176718
v -0.036505 0.185219 0.178059
v 0.027085 0.185219 0.177683
v -0.037232 0.185219 0.178793
v 0.027147 0.185219 0.177981
v 0.027229 0.185219 0.178918
v -0.045070 0.185219 0.186779
v -0.043977 0.185219 0.185609
v 0.027586 0.185219 0.182976
v 0.027594 0.185219 0.183729
v -0.046438 0.185219 0.188242
v 0.027619 0.185219 0.186343
v -0.047717 0.185219 0.189611
v 0.027639 0.185219 0.188375
v 0.027620 0.185219 0.188866
v 0.027529 0.185219 0.191297
v -0.048914 0.185219 0.190892
v -0.056149 0.185219 0.198687
v -0.052341 0.185219 0.194558
v 0.027420 0.185219 0.194194
v 0.027328 0.185219 0.195734
v 0.027188 0.185219 0.198079
v -0.057215 0.185219 0.199843
v -0.058213 0.185219 0.200925
v 0.027053 0.185219 0.200330
v 0.026921 0.185219 0.202491
v -0.059149 0.185219 0.201940
v 0.027046 0.185219 0.200447
v -0.066389 0.185219 0.209583
v -0.060440 0.185219 0.203339
v 0.026666 0.185219 0.206635
v 0.026563 0.185219 0.208706
v -0.067248 0.185219 0.210484
v 0.026635 0.185219 0.207149
v 0.026471 0.185219 0.210694
v -0.068052 0.185219 0.211329
v -0.068191 0.185219 0.211474
v -0.068868 0.185219 0.212122
v 0.026382 0.185219 0.212604
v -0.077065 0.185219 0.219716
v -0.075513 0.185219 0.218484
v 0.026303 0.185219 0.214316
v 0.026264 0.185219 0.216484
v 0.026232 0.185219 0.218298
v -0.077922 0.185219 0.220396
v -0.078723 0.185219 0.221032
v 0.026200 0.185219 0.220042
v -0.079476 0.185219 0.221629
v 0.026170 0.185219 0.221725
v -0.087284 0.185219 0.229278
v -0.082323 0.185219 0.223890
v 0.026039 0.185219 0.225346
v 0.026166 0.185219 0.221964
v -0.087685 0.185219 0.229714
v 0.025987 0.185219 0.226750
v -0.087689 0.185219 0.229718
v 0.025986 0.185219 0.226762
v -0.087691 0.185219 0.229720
v 0.025986 0.185219 0.226770
v -0.087721 0.185219 0.229753
v -0.087739 0.185219 0.229847
v 0.025970 0.185219 0.227188
v -0.087799 0.185219 0.230144
v 0.025933 0.185219 0.228175
v -0.087901 0.185219 0.230660
v 0.025869 0.185219 0.229895
v 0.025647 0.185219 0.232189
v -0.088038 0.185219 0.231347
v 0.025859 0.185219 0.230158
v -0.089124 0.185219 0.236802
v -0.088685 0.185219 0.238526
v 0.025402 0.185219 0.234542
v -0.088502 0.185219 0.239248
v 0.025141 0.185219 0.237039
v -0.088300 0.185219 0.240041
v 0.024956 0.185219 0.238810
v 0.024801 0.185219 0.239747
v -0.088085 0.185219 0.240886
v 0.024330 0.185219 0.242592
v 0.024200 0.185219 0.243377
v -0.087462 0.185219 0.243335
v -0.087112 0.185219 0.244713
v 0.024090 0.185219 0.244040
v -0.086730 0.185219 0.245380
v -0.086231 0.185219 0.246250
v 0.023608 0.185219 0.246950
v 0.023514 0.185219 0.247514
v -0.085246 0.185219 0.247966
v -0.084736 0.185219 0.248856
v 0.023484 0.185219 0.247695
v 0.022864 0.185219 0.250435
v -0.083891 0.185219 0.250329
v 0.022753 0.185219 0.250925
v 0.022651 0.185219 0.251374
v -0.083128 0.185219 0.251660
v -0.082629 0.185219 0.252531
v 0.022000 0.185219 0.254246
v -0.082265 0.185219 0.253164
v 0.021904 0.185219 0.254674
v -0.081755 0.185219 0.253788
v 0.021803 0.185219 0.255118
v -0.080700 0.185219 0.255075
v 0.021691 0.185219 0.255612
v -0.079550 0.185219 0.256478
v -0.078878 0.185219 0.257299
v 0.021469 0.185219 0.256591
v 0.020949 0.185219 0.258376
v 0.020784 0.185219 0.258941
v -0.077579 0.185219 0.258884
v 0.020586 0.185219 0.259622
v -0.076049 0.185219 0.260751
v -0.075400 0.185219 0.261543
v 0.019821 0.185219 0.262245
v -0.075164 0.185219 0.261832
v 0.019581 0.185219 0.263069
v -0.073191 0.185219 0.263756
v -0.072391 0.185219 0.264536
v 0.018938 0.185219 0.265275
v 0.018846 0.185219 0.265527
v 0.018480 0.185219 0.266526
v -0.069704 0.185219 0.267157
v -0.068921 0.185219 0.267920
v 0.017653 0.185219 0.268784
v -0.066387 0.185219 0.270392
v 0.017175 0.185219 0.270089
v -0.065365 0.185219 0.271233
v -0.064478 0.185219 0.271964
v 0.016438 0.185219 0.272101
v 0.015947 0.185219 0.273441
v -0.060505 0.185219 0.275235
v -0.060101 0.185219 0.275569
v 0.015917 0.185219 0.273524
v 0.015560 0.185219 0.274302
v -0.059811 0.185219 0.275807
v 0.015282 0.185219 0.274907
v -0.059619 0.185219 0.275965
v 0.015100 0.185219 0.275303
v -0.059503 0.185219 0.276061
v 0.014992 0.185219 0.275540
v -0.059440 0.185219 0.276112
v 0.014933 0.185219 0.275667
v -0.059406 0.185219 0.276141
v 0.014901 0.185219 0.275738
v -0.059373 0.185219 0.276168
v 0.014870 0.185219 0.275805
v -0.059314 0.185219 0.276217
v 0.014815 0.185219 0.275924
v -0.059199 0.185219 0.276311
v 0.014710 0.185219 0.276155
v -0.058997 0.185219 0.276478
v 0.014524 0.185219 0.276558
v -0.056514 0.185219 0.278522
v 0.014047 0.185219 0.277598
v -0.055149 0.185219 0.279492
v -0.054796 0.185219 0.279742
v 0.013776 0.185219 0.278189
v -0.054250 0.185219 0.280130
v 0.013365 0.185219 0.279083
v -0.052965 0.185219 0.281043
v 0.012440 0.185219 0.281101
v 0.012433 0.185219 0.281115
v 0.011933 0.185219 0.281970
v -0.049146 0.185219 0.283754
v -0.047507 0.185219 0.284918
v 0.010534 0.185219 0.284365
v -0.045353 0.185219 0.286371
v -0.046126 0.185219 0.285899
v 0.008932 0.185219 0.287108
v -0.041499 0.185219 0.288723
v 0.008512 0.185219 0.287827
v 0.008480 0.185219 0.287867
v -0.038701 0.185219 0.290430
v 0.006220 0.185219 0.290793
v -0.035801 0.185219 0.292199
v 0.005655 0.185219 0.291525
v -0.035372 0.185219 0.292416
v -0.031541 0.185219 0.294355
v 0.004180 0.185219 0.293434
v 0.002981 0.185219 0.294523
v 0.002195 0.185219 0.295237
v -0.028398 0.185219 0.295947
v -0.023462 0.185219 0.298099
v -0.026121 0.185219 0.297100
v -0.000535 0.185219 0.297715
v -0.001406 0.185219 0.298185
v -0.002733 0.185219 0.298900
v -0.020321 0.185219 0.299278
v -0.011009 0.185219 0.301408
v -0.017663 0.185219 0.300277
v -0.005607 0.185219 0.300447
v 0.017175 0.140406 0.270089
v 0.017653 0.140406 0.268784
v 0.016438 0.140406 0.272101
v 0.015947 0.140406 0.273441
v 0.018480 0.140406 0.266526
v 0.018846 0.140406 0.265527
v 0.027620 0.140406 0.188866
v 0.027529 0.140406 0.191297
v 0.026200 0.140406 0.220042
v 0.026232 0.140406 0.218298
v 0.026170 0.140406 0.221725
v 0.026264 0.140406 0.216484
v -0.059619 0.140406 0.275965
v -0.059503 0.140406 0.276061
v -0.059440 0.140406 0.276112
v -0.059811 0.140406 0.275807
v -0.060101 0.140406 0.275569
v -0.060505 0.140406 0.275235
v -0.064478 0.140406 0.271964
v -0.065365 0.140406 0.271233
v -0.059406 0.140406 0.276141
v -0.059373 0.140406 0.276168
v -0.059314 0.140406 0.276217
v -0.059199 0.140406 0.276311
v -0.058997 0.140406 0.276478
v 0.024801 0.140406 0.239747
v 0.024330 0.140406 0.242592
v 0.024200 0.140406 0.243377
v 0.024090 0.140406 0.244040
v 0.023608 0.140406 0.246950
v 0.023514 0.140406 0.247514
v 0.025765 0.140406 0.172191
v 0.026018 0.140406 0.172876
v -0.079476 0.140406 0.221629
v -0.078723 0.140406 0.221032
v -0.077922 0.140406 0.220396
v -0.077065 0.140406 0.219716
v -0.017793 0.140406 0.162367
v -0.016668 0.140406 0.161736
v -0.017220 0.140406 0.162045
v -0.016134 0.140406 0.161435
v -0.015662 0.140406 0.161171
v -0.014356 0.140406 0.160437
v -0.015638 0.140406 0.161157
v 0.027188 0.140406 0.198079
v 0.027053 0.140406 0.200330
v 0.027328 0.140406 0.195734
v -0.082629 0.140406 0.252531
v -0.083128 0.140406 0.251660
v -0.083891 0.140406 0.250329
v -0.084736 0.140406 0.248856
v -0.085246 0.140406 0.247966
v -0.086231 0.140406 0.246250
v -0.086730 0.140406 0.245380
v 0.002981 0.140406 0.294523
v 0.002195 0.140406 0.295237
v -0.059149 0.140406 0.201940
v -0.058213 0.140406 0.200925
v -0.057215 0.140406 0.199843
v -0.056149 0.140406 0.198687
v -0.020321 0.140406 0.299278
v -0.023462 0.140406 0.298099
v 0.026469 0.140406 0.174673
v 0.026411 0.140406 0.174392
v 0.026536 0.140406 0.175002
v 0.026622 0.140406 0.175423
v 0.026736 0.140406 0.175980
v 0.026888 0.140406 0.176718
v 0.027085 0.140406 0.177683
v 0.026289 0.140406 0.173797
v 0.026354 0.140406 0.174114
v 0.026207 0.140406 0.173397
v 0.014710 0.140406 0.276155
v 0.014815 0.140406 0.275924
v 0.014870 0.140406 0.275805
v 0.014901 0.140406 0.275738
v 0.014524 0.140406 0.276558
v 0.014047 0.140406 0.277598
v 0.013776 0.140406 0.278189
v 0.013365 0.140406 0.279083
v 0.012440 0.140406 0.281101
v 0.014933 0.140406 0.275667
v 0.014992 0.140406 0.275540
v 0.015100 0.140406 0.275303
v 0.015282 0.140406 0.274907
v 0.015560 0.140406 0.274302
v -0.037232 0.140406 0.178793
v -0.036505 0.140406 0.178059
v -0.035928 0.140406 0.177475
v -0.035481 0.140406 0.177023
v 0.025987 0.140406 0.226750
v 0.026039 0.140406 0.225346
v 0.025986 0.140406 0.226762
v 0.025986 0.140406 0.226770
v 0.025970 0.140406 0.227188
v 0.025933 0.140406 0.228175
v 0.025869 0.140406 0.229895
v -0.054250 0.140406 0.280130
v -0.052965 0.140406 0.281043
v -0.054796 0.140406 0.279742
v -0.055149 0.140406 0.279492
v -0.049146 0.140406 0.283754
v -0.047507 0.140406 0.284918
v 0.016703 0.140406 0.159816
v 0.015671 0.140406 0.159016
v 0.016723 0.140406 0.159832
v 0.017112 0.140406 0.160134
v 0.017561 0.140406 0.160482
v 0.018031 0.140406 0.160847
v 0.018528 0.140406 0.161232
v 0.019058 0.140406 0.161644
v 0.022753 0.140406 0.250925
v 0.022864 0.140406 0.250435
v 0.022651 0.140406 0.251374
v 0.022000 0.140406 0.254246
v 0.021904 0.140406 0.254674
v 0.021803 0.140406 0.255118
v 0.021691 0.140406 0.255612
v -0.087691 0.140406 0.229720
v -0.087689 0.140406 0.229718
v -0.087685 0.140406 0.229714
v -0.087284 0.140406 0.229278
v 0.026921 0.140406 0.202491
v 0.026666 0.140406 0.206635
v -0.075400 0.140406 0.261543
v -0.076049 0.140406 0.260751
v -0.077579 0.140406 0.258884
v -0.078878 0.140406 0.257299
v -0.079550 0.140406 0.256478
v -0.080700 0.140406 0.255075
v -0.081755 0.140406 0.253788
v -0.001406 0.140406 0.298185
v -0.002733 0.140406 0.298900
v 0.020898 0.140406 0.163661
v 0.020389 0.140406 0.163092
v 0.021455 0.140406 0.164284
v 0.022067 0.140406 0.164968
v 0.019923 0.140406 0.162570
v 0.019492 0.140406 0.162089
v -0.068052 0.140406 0.211329
v -0.067248 0.140406 0.210484
v -0.066389 0.140406 0.209583
v 0.027229 0.140406 0.178918
v -0.088038 0.140406 0.231347
v -0.087901 0.140406 0.230660
v -0.087799 0.140406 0.230144
v -0.087739 0.140406 0.229847
v 0.010534 0.140406 0.284365
v 0.008932 0.140406 0.287108
v 0.011933 0.140406 0.281970
v -0.023091 0.140406 0.166322
v -0.022329 0.140406 0.165745
v -0.021625 0.140406 0.165210
v -0.020972 0.140406 0.164714
v -0.020366 0.140406 0.164255
v -0.019802 0.140406 0.163826
v -0.019277 0.140406 0.163427
v -0.018784 0.140406 0.163054
v -0.018321 0.140406 0.162702
v -0.041499 0.140406 0.288723
v -0.045353 0.140406 0.286371
v -0.038701 0.140406 0.290430
v 0.020586 0.140406 0.259622
v 0.020784 0.140406 0.258941
v 0.019821 0.140406 0.262245
v 0.019581 0.140406 0.263069
v 0.020949 0.140406 0.258376
v 0.027594 0.140406 0.183729
v 0.027619 0.140406 0.186343
v 0.026471 0.140406 0.210694
v 0.026382 0.140406 0.212604
v 0.026563 0.140406 0.208706
v -0.072391 0.140406 0.264536
v -0.069704 0.140406 0.267157
v -0.073191 0.140406 0.263756
v -0.068921 0.140406 0.267920
v -0.048914 0.140406 0.190892
v -0.047717 0.140406 0.189611
v -0.046438 0.140406 0.188242
v -0.045070 0.140406 0.186779
v 0.025402 0.140406 0.234542
v 0.025141 0.140406 0.237039
v 0.025647 0.140406 0.232189
v 0.022605 0.140406 0.165723
v 0.023100 0.140406 0.166556
v -0.068868 0.140406 0.212122
v -0.087462 0.140406 0.243335
v -0.088085 0.140406 0.240886
v -0.088300 0.140406 0.240041
v -0.088502 0.140406 0.239248
v -0.088685 0.140406 0.238526
v 0.006220 0.140406 0.290793
v 0.005655 0.140406 0.291525
v 0.008480 0.140406 0.287867
v -0.035106 0.140406 0.176678
v -0.034817 0.140406 0.176415
v -0.034589 0.140406 0.176208
v -0.034393 0.140406 0.176030
v -0.034198 0.140406 0.175853
v -0.033975 0.140406 0.175651
v -0.033692 0.140406 0.175395
v -0.033318 0.140406 0.175055
v -0.032820 0.140406 0.174603
v -0.031541 0.140406 0.294355
v -0.035372 0.140406 0.292416
v -0.028398 0.140406 0.295947
v 0.098900 0.185219 0.051355
v 0.098900 0.185219 0.051354
v 0.098900 0.185219 0.051353
v 0.098900 0.185219 0.051351
v 0.098900 0.185219 0.051339
v 0.098900 0.185219 0.051342
v 0.098900 0.185219 0.051340
v 0.098900 0.185219 0.051339
v 0.098900 0.185219 0.051349
v 0.098900 0.185219 0.051347
v 0.098900 0.185219 0.051345
v 0.098900 0.185219 0.051343
v 0.099869 0.185219 0.059114
v 0.099705 0.185219 0.060353
v 0.099652 0.185219 0.060757
v 0.099599 0.185219 0.061152
v 0.099547 0.185219 0.061549
v 0.099493 0.185219 0.061953
v 0.099437 0.185219 0.062374
v 0.099378 0.185219 0.062818
v 0.099315 0.185219 0.063295
v 0.099199 0.185219 0.064177
v 0.099107 0.185219 0.064868
v 0.099036 0.185219 0.065405
v 0.098948 0.185219 0.065824
v 0.098993 0.185219 0.065725
v 0.098794 0.185219 0.066164
v 0.098659 0.185219 0.066463
v 0.098524 0.185219 0.066758
v 0.098372 0.185219 0.067092
v 0.098184 0.185219 0.067506
v 0.097941 0.185219 0.068040
v 0.096430 0.185219 0.071364
v 0.093897 0.185219 0.074370
v 0.093338 0.185219 0.075034
v 0.092608 0.185219 0.075901
v 0.091789 0.185219 0.076652
v 0.092335 0.185219 0.076224
v 0.090892 0.185219 0.077352
v 0.090052 0.185219 0.078009
v 0.089254 0.185219 0.078633
v 0.088484 0.185219 0.079235
v 0.087728 0.185219 0.079825
v 0.086973 0.185219 0.080415
v 0.085971 0.185219 0.081018
v 0.086866 0.185219 0.080499
v 0.084896 0.185219 0.081643
v 0.083763 0.185219 0.082300
v 0.061895 0.185219 0.092512
v 0.080178 0.185219 0.084381
v 0.063773 0.185219 0.091740
v 0.072428 0.185219 0.088063
v 0.060232 0.185219 0.093195
v 0.058465 0.185219 0.093921
v 0.056978 0.185219 0.094532
v 0.056003 0.185219 0.094933
v 0.055406 0.185219 0.095178
v 0.055060 0.185219 0.095320
v 0.054841 0.185219 0.095410
v 0.054625 0.185219 0.095499
v 0.054289 0.185219 0.095638
v 0.054369 0.185219 0.095604
v 0.053723 0.185219 0.095878
v 0.052799 0.185219 0.096271
v 0.051404 0.185219 0.096862
v 0.049442 0.185219 0.097695
v 0.046835 0.185219 0.098802
v 0.043127 0.185219 0.100423
v 0.044372 0.185219 0.099848
v 0.040410 0.185219 0.101677
v 0.038333 0.185219 0.102636
v 0.018093 0.185219 0.113429
v 0.023227 0.185219 0.110249
v 0.033940 0.185219 0.104665
v 0.017020 0.185219 0.114094
v 0.016237 0.185219 0.114580
v 0.015679 0.185219 0.114925
v 0.015285 0.185219 0.115169
v 0.014995 0.185219 0.115348
v 0.014750 0.185219 0.115500
v 0.014492 0.185219 0.115660
v 0.014161 0.185219 0.115866
v 0.013700 0.185219 0.116151
v 0.011307 0.185219 0.117633
v 0.009419 0.185219 0.118803
v 0.007942 0.185219 0.119730
v 0.008074 0.185219 0.119637
v 0.006882 0.185219 0.120479
v -0.087982 0.185219 0.134963
v -0.007994 0.185219 0.131034
v -0.007148 0.185219 0.130401
v -0.008690 0.185219 0.131556
v -0.009321 0.185219 0.132028
v -0.087989 0.185219 0.135381
v -0.009962 0.185219 0.132508
v -0.010690 0.185219 0.133053
v -0.011580 0.185219 0.133719
v -0.012703 0.185219 0.134560
v -0.087999 0.185219 0.135987
v -0.014122 0.185219 0.135623
v -0.015890 0.185219 0.136946
v -0.022078 0.185219 0.141579
v -0.029586 0.185219 0.147166
v -0.088241 0.185219 0.150406
v -0.088228 0.185219 0.150466
v -0.031112 0.185219 0.148302
v -0.088142 0.185219 0.150856
v -0.032513 0.185219 0.149343
v -0.088062 0.185219 0.151222
v -0.033789 0.185219 0.150294
v -0.087987 0.185219 0.151564
v -0.034942 0.185219 0.151152
v -0.087918 0.185219 0.151879
v -0.035975 0.185219 0.151921
v -0.085413 0.185219 0.163331
v -0.049626 0.185219 0.161316
v -0.051175 0.185219 0.162180
v -0.085027 0.185219 0.163782
v -0.036357 0.185219 0.152205
v -0.084820 0.185219 0.164024
v -0.052047 0.185219 0.162666
v -0.084816 0.185219 0.164029
v -0.052064 0.185219 0.162675
v -0.084738 0.185219 0.164120
v -0.052384 0.185219 0.162854
v -0.084649 0.185219 0.164224
v -0.052748 0.185219 0.163056
v -0.084555 0.185219 0.164333
v -0.053123 0.185219 0.163265
v -0.084456 0.185219 0.164449
v -0.053513 0.185219 0.163483
v -0.084351 0.185219 0.164572
v -0.053921 0.185219 0.163710
v -0.084239 0.185219 0.164703
v -0.054351 0.185219 0.163950
v -0.084118 0.185219 0.164845
v -0.054808 0.185219 0.164205
v -0.083986 0.185219 0.164999
v -0.055293 0.185219 0.164475
v -0.083843 0.185219 0.165167
v -0.055811 0.185219 0.164764
v -0.083686 0.185219 0.165350
v -0.056367 0.185219 0.165073
v -0.083513 0.185219 0.165552
v -0.056962 0.185219 0.165405
v -0.083324 0.185219 0.165774
v -0.057601 0.185219 0.165761
v -0.083113 0.185219 0.166019
v -0.058289 0.185219 0.166145
v -0.079778 0.185219 0.169920
v -0.071696 0.185219 0.171138
v -0.061525 0.185219 0.167949
v 0.062809 0.140406 0.048568
v 0.067820 0.140406 0.048077
v -0.076285 0.140406 0.067751
v -0.076253 0.140406 0.067658
v -0.076229 0.140406 0.067586
v -0.076209 0.140406 0.067528
v -0.076191 0.140406 0.067476
v -0.076173 0.140406 0.067424
v -0.076153 0.140406 0.067365
v -0.076128 0.140406 0.067292
v -0.076096 0.140406 0.067198
v -0.076054 0.140406 0.067077
v -0.076001 0.140406 0.066922
v -0.075972 0.140406 0.066838
v -0.075945 0.140406 0.066760
v -0.075920 0.140406 0.066686
v -0.075896 0.140406 0.066615
v -0.075872 0.140406 0.066545
v -0.075848 0.140406 0.066475
v -0.075823 0.140406 0.066403
v 0.018093 0.140406 0.113429
v 0.017020 0.140406 0.114094
v 0.016237 0.140406 0.114580
v 0.015679 0.140406 0.114925
v 0.015285 0.140406 0.115169
v 0.014995 0.140406 0.115348
v 0.014750 0.140406 0.115500
v 0.014492 0.140406 0.115660
v 0.014161 0.140406 0.115866
v 0.013700 0.140406 0.116151
v 0.011307 0.140406 0.117633
v 0.009419 0.140406 0.118803
v 0.098184 0.140406 0.067506
v 0.097941 0.140406 0.068040
v 0.098372 0.140406 0.067092
v 0.098524 0.140406 0.066758
v 0.098659 0.140406 0.066463
v 0.098794 0.140406 0.066164
v 0.098948 0.140406 0.065824
v -0.070071 0.140406 0.053523
v -0.069904 0.140406 0.053335
v -0.069991 0.140406 0.053432
v -0.069708 0.140406 0.053114
v -0.069810 0.140406 0.053229
v -0.069441 0.140406 0.052816
v -0.069560 0.140406 0.052949
v -0.069269 0.140406 0.052623
v -0.069347 0.140406 0.052709
v -0.069144 0.140406 0.052483
v -0.069204 0.140406 0.052549
v -0.069019 0.140406 0.052342
v -0.069085 0.140406 0.052415
v -0.068942 0.140406 0.052256
v -0.080088 0.140406 0.081898
v -0.080060 0.140406 0.081785
v -0.080034 0.140406 0.081678
v -0.080009 0.140406 0.081576
v -0.079984 0.140406 0.081476
v -0.079960 0.140406 0.081378
v -0.079935 0.140406 0.081277
v -0.079909 0.140406 0.081174
v -0.079883 0.140406 0.081066
v -0.079855 0.140406 0.080952
v -0.079824 0.140406 0.080830
v -0.079789 0.140406 0.080688
v -0.079763 0.140406 0.080580
v 0.006882 0.140406 0.120479
v 0.007942 0.140406 0.119730
v 0.048976 0.140406 0.049986
v 0.052338 0.140406 0.049637
v 0.055515 0.140406 0.049307
v 0.058808 0.140406 0.048965
v -0.088235 0.140406 0.150053
v -0.088012 0.140406 0.136730
v -0.088005 0.140406 0.136312
v -0.087999 0.140406 0.135987
v -0.087995 0.140406 0.135735
v -0.087992 0.140406 0.135539
v -0.087989 0.140406 0.135381
v -0.087987 0.140406 0.135243
v -0.087984 0.140406 0.135109
v -0.087982 0.140406 0.134963
v 0.093897 0.140406 0.074370
v 0.093338 0.140406 0.075034
v 0.092608 0.140406 0.075901
v 0.098200 0.140406 0.050454
v 0.097710 0.140406 0.049822
v 0.098820 0.140406 0.051251
v 0.097320 0.140406 0.049320
v -0.014122 0.140406 0.135623
v -0.012703 0.140406 0.134560
v -0.015890 0.140406 0.136946
v -0.010690 0.140406 0.133053
v -0.009962 0.140406 0.132508
v -0.011580 0.140406 0.133719
v -0.008690 0.140406 0.131556
v -0.009321 0.140406 0.132028
v -0.007994 0.140406 0.131034
v 0.090052 0.140406 0.078009
v 0.089254 0.140406 0.078633
v 0.088484 0.140406 0.079235
v 0.087728 0.140406 0.079825
v 0.086973 0.140406 0.080415
v 0.090892 0.140406 0.077352
v 0.091789 0.140406 0.076652
v 0.039988 0.140406 0.050856
v 0.044857 0.140406 0.050387
v -0.031112 0.140406 0.148302
v -0.029586 0.140406 0.147166
v -0.032513 0.140406 0.149343
v -0.033789 0.140406 0.150294
v -0.034942 0.140406 0.151152
v -0.035975 0.140406 0.151921
v 0.084896 0.140406 0.081643
v 0.083763 0.140406 0.082300
v 0.085971 0.140406 0.081018
v -0.087918 0.140406 0.151879
v -0.087987 0.140406 0.151564
v -0.088062 0.140406 0.151222
v -0.088142 0.140406 0.150856
v -0.088228 0.140406 0.150466
v -0.021320 0.140406 0.050801
v -0.020233 0.140406 0.050945
v -0.019283 0.140406 0.051072
v -0.018397 0.140406 0.051190
v -0.017491 0.140406 0.051310
v -0.016474 0.140406 0.051445
v -0.015242 0.140406 0.051609
v -0.013679 0.140406 0.051817
v 0.025147 0.140406 0.052066
v 0.033616 0.140406 0.051414
v -0.083998 0.140406 0.101487
v -0.083896 0.140406 0.100960
v -0.083937 0.140406 0.101170
v -0.083867 0.140406 0.100807
v -0.083846 0.140406 0.100700
v -0.083825 0.140406 0.100587
v -0.083820 0.140406 0.100563
v -0.083833 0.140406 0.100630
v -0.083814 0.140406 0.100532
v -0.083817 0.140406 0.100547
v -0.083801 0.140406 0.100464
v -0.083809 0.140406 0.100507
v -0.083768 0.140406 0.100292
v -0.083744 0.140406 0.100171
v -0.083788 0.140406 0.100395
v -0.083723 0.140406 0.100059
v -0.010965 0.140406 0.052077
v -0.005587 0.140406 0.052406
v -0.001480 0.140406 0.052656
v -0.053123 0.140406 0.163265
v -0.053513 0.140406 0.163483
v -0.053921 0.140406 0.163710
v -0.054351 0.140406 0.163950
v -0.054808 0.140406 0.164205
v -0.055293 0.140406 0.164475
v -0.055811 0.140406 0.164764
v -0.056367 0.140406 0.165073
v -0.056962 0.140406 0.165405
v -0.057601 0.140406 0.165761
v -0.058289 0.140406 0.166145
v -0.052748 0.140406 0.163056
v -0.052384 0.140406 0.162854
v -0.052064 0.140406 0.162675
v -0.052047 0.140406 0.162666
v -0.051175 0.140406 0.162180
v 0.016108 0.140406 0.052509
v 0.099193 0.140406 0.053690
v 0.099084 0.140406 0.052813
v 0.099140 0.140406 0.053263
v 0.098960 0.140406 0.051814
v 0.099024 0.140406 0.052332
v -0.083113 0.140406 0.166019
v -0.083324 0.140406 0.165774
v -0.083513 0.140406 0.165552
v -0.083686 0.140406 0.165350
v -0.083843 0.140406 0.165167
v -0.083986 0.140406 0.164999
v -0.084118 0.140406 0.164845
v -0.084239 0.140406 0.164703
v -0.084351 0.140406 0.164572
v -0.084456 0.140406 0.164449
v -0.084555 0.140406 0.164333
v -0.084649 0.140406 0.164224
v -0.084738 0.140406 0.164120
v -0.084816 0.140406 0.164029
v -0.084820 0.140406 0.164024
v -0.085027 0.140406 0.163782
v 0.061895 0.140406 0.092512
v 0.060232 0.140406 0.093195
v 0.058465 0.140406 0.093921
v 0.056978 0.140406 0.094532
v 0.056003 0.140406 0.094933
v 0.055406 0.140406 0.095178
v 0.055060 0.140406 0.095320
v 0.054841 0.140406 0.095410
v 0.054625 0.140406 0.095499
v 0.090949 0.140406 0.047371
v 0.052799 0.140406 0.096271
v 0.051404 0.140406 0.096862
v 0.049442 0.140406 0.097695
v 0.046835 0.140406 0.098802
v 0.054289 0.140406 0.095638
v 0.053723 0.140406 0.095878
v -0.070143 0.140406 0.053608
v 0.040410 0.140406 0.101677
v 0.038333 0.140406 0.102636
v 0.043127 0.140406 0.100423
v -0.086536 0.140406 0.120110
v -0.086509 0.140406 0.119917
v -0.086478 0.140406 0.119682
v -0.086438 0.140406 0.119393
v -0.086390 0.140406 0.119038
v -0.086381 0.140406 0.118970
v -0.086375 0.140406 0.118922
v -0.086370 0.140406 0.118885
v -0.086365 0.140406 0.118850
v -0.086359 0.140406 0.118808
v -0.086351 0.140406 0.118752
v -0.086341 0.140406 0.118673
v -0.086326 0.140406 0.118563
v -0.086306 0.140406 0.118414
v -0.084071 0.140406 0.101943
v -0.084044 0.140406 0.101743
v 0.093369 0.140406 0.047694
v 0.094298 0.140406 0.048007
v 0.095155 0.140406 0.048297
v 0.096021 0.140406 0.048590
v 0.096984 0.140406 0.048915
v 0.099652 0.140406 0.060757
v 0.099599 0.140406 0.061152
v 0.099705 0.140406 0.060353
v 0.099547 0.140406 0.061549
v 0.099493 0.140406 0.061953
v 0.099437 0.140406 0.062374
v 0.099378 0.140406 0.062818
v 0.099315 0.140406 0.063295
v 0.099199 0.140406 0.064177
v 0.099107 0.140406 0.064868
v 0.099036 0.140406 0.065405
v 0.098959 0.140406 0.051814
v 0.098959 0.140406 0.051814
v -0.055717 0.140406 0.099788
v -0.018979 0.140406 0.133320
v 0.007211 0.140406 0.119731
v -0.030048 0.140406 0.119805
v -0.007739 0.140406 0.115803
v -0.005824 0.140406 0.115460
v -0.003049 0.140406 0.114962
v -0.011657 0.140406 0.116506
v -0.009062 0.140406 0.116041
v -0.010821 0.140406 0.116356
v -0.010021 0.140406 0.116213
v -0.026286 0.140406 0.119130
v -0.021203 0.140406 0.118218
v -0.012711 0.140406 0.116695
v -0.014156 0.140406 0.116954
v -0.038431 0.140406 0.119822
v -0.035534 0.140406 0.119215
v -0.031676 0.140406 0.118407
v -0.025369 0.140406 0.117086
v -0.024598 0.140406 0.116925
v -0.023988 0.140406 0.116797
v -0.023406 0.140406 0.116675
v -0.022711 0.140406 0.116529
v -0.021754 0.140406 0.116329
v -0.020377 0.140406 0.116041
v -0.018396 0.140406 0.115626
v -0.060901 0.140406 0.100137
v -0.051769 0.140406 0.099523
v 0.050582 0.140406 0.095771
v -0.040057 0.140406 0.098733
v -0.033848 0.140406 0.098315
v -0.043449 0.140406 0.098962
v -0.047487 0.140406 0.099234
v -0.046412 0.140406 0.099162
v -0.045290 0.140406 0.099086
v -0.061785 0.140406 0.099757
v -0.061269 0.140406 0.099712
v -0.060737 0.140406 0.099666
v -0.059879 0.140406 0.099591
v -0.058343 0.140406 0.099457
v -0.055673 0.140406 0.099225
v -0.051162 0.140406 0.098831
v -0.044976 0.140406 0.098292
v -0.043868 0.140406 0.081754
v 0.082716 0.140406 0.048909
v 0.096840 0.140406 0.048918
v 0.096560 0.140406 0.048924
v 0.078791 0.140406 0.047742
v 0.072002 0.140406 0.047950
v 0.054108 0.140406 0.050199
v 0.063347 0.140406 0.050437
v 0.046580 0.140406 0.051221
v -0.040967 0.140406 0.051657
v 0.077259 0.140406 0.048155
v 0.088827 0.140406 0.047436
v -0.037852 0.140406 0.051450
v -0.033845 0.140406 0.051183
v 0.061775 0.140406 0.048885
v 0.081994 0.140406 0.048339
v 0.071637 0.140406 0.048896
v -0.031370 0.140406 0.053106
v 0.002467 0.140406 0.052905
v 0.098959 0.140406 0.051814
v 0.099024 0.140406 0.052332
v 0.099024 0.140406 0.052332
v 0.099084 0.140406 0.052813
v 0.099193 0.140406 0.053690
v 0.099193 0.140406 0.053690
v 0.099193 0.140406 0.053690
v 0.099024 0.140406 0.052332
v 0.099084 0.140406 0.052813
v 0.099084 0.140406 0.052813
v 0.099140 0.140406 0.053263
v 0.099140 0.140406 0.053263
v 0.099140 0.140406 0.053263
v 0.098959 0.140406 0.051814
v 0.098959 0.140406 0.051814
v 0.098958 0.140406 0.051814
v 0.098958 0.140406 0.051814
v 0.099024 0.140406 0.052332
v 0.013595 0.140406 0.052839
v 0.099083 0.140406 0.052813
v 0.099140 0.140406 0.053263
v 0.099193 0.140406 0.053690
v 0.099193 0.140406 0.053690
v 0.099139 0.140406 0.053263
v 0.099083 0.140406 0.052813
v 0.099023 0.140406 0.052332
v 0.098960 0.140406 0.051814
v 0.099024 0.140406 0.052332
v 0.099084 0.140406 0.052813
v 0.099140 0.140406 0.053263
v 0.099193 0.140406 0.053690
v 0.076490 0.140406 0.050776
v 0.096059 0.140406 0.051282
v 0.006343 0.140406 0.053152
v 0.010217 0.140406 0.053399
v -0.069728 0.140406 0.053608
v 0.014134 0.140406 0.053649
v 0.040689 0.140406 0.053662
v 0.024799 0.140406 0.053654
v 0.021067 0.140406 0.053382
v 0.037387 0.140406 0.053358
v 0.017347 0.140406 0.053112
v 0.034058 0.140406 0.053051
v 0.030661 0.140406 0.052738
v -0.069018 0.140406 0.053521
v -0.020608 0.140406 0.052220
v -0.065854 0.140406 0.053310
v -0.067544 0.140406 0.053423
v -0.067369 0.140406 0.053518
v 0.098958 0.140406 0.051814
v 0.027168 0.140406 0.052416
v 0.099192 0.140406 0.053690
v 0.099192 0.140406 0.053690
v 0.099192 0.140406 0.053690
v 0.099139 0.140406 0.053263
v 0.099139 0.140406 0.053263
v 0.099139 0.140406 0.053263
v 0.099083 0.140406 0.052813
v 0.099083 0.140406 0.052813
v 0.099083 0.140406 0.052813
v 0.099023 0.140406 0.052332
v 0.099023 0.140406 0.052332
v 0.099023 0.140406 0.052332
v 0.098958 0.140406 0.051814
v 0.098958 0.140406 0.051814
v 0.099022 0.140406 0.052332
v 0.099082 0.140406 0.052813
v 0.099139 0.140406 0.053263
v 0.099192 0.140406 0.053690
v 0.099192 0.140406 0.053690
v 0.099139 0.140406 0.053263
v 0.099082 0.140406 0.052813
v 0.099022 0.140406 0.052332
v 0.098958 0.140406 0.051814
v 0.099023 0.140406 0.052332
v 0.099083 0.140406 0.052813
v 0.099139 0.140406 0.053263
v 0.099192 0.140406 0.053690
v -0.040739 0.140406 0.081522
v -0.034013 0.140406 0.081024
v -0.037478 0.140406 0.081280
v 0.232222 0.185219 0.034762
v 0.224429 0.185219 0.037084
v 0.245326 0.185219 0.036928
v 0.239915 0.185219 0.034406
v 0.222705 0.185219 0.037598
v 0.220896 0.185219 0.038389
v 0.245886 0.185219 0.038299
v 0.245496 0.185219 0.037007
v 0.218492 0.185219 0.039441
v 0.246226 0.185219 0.039427
v 0.216541 0.185219 0.040294
v 0.246507 0.185219 0.040357
v 0.209080 0.185219 0.043762
v 0.245873 0.185219 0.042638
v 0.211650 0.185219 0.042434
v 0.246666 0.185219 0.040884
v 0.245556 0.185219 0.043337
v 0.207811 0.185219 0.044417
v 0.206734 0.185219 0.044974
v 0.245286 0.185219 0.043933
v 0.205755 0.185219 0.045480
v 0.245040 0.185219 0.044479
v 0.204779 0.185219 0.045984
v 0.244793 0.185219 0.045025
v 0.203712 0.185219 0.046535
v 0.244521 0.185219 0.045625
v 0.202459 0.185219 0.047182
v 0.244209 0.185219 0.046315
v 0.244194 0.185219 0.046333
v 0.200928 0.185219 0.047973
v 0.243473 0.185219 0.047211
v 0.199053 0.185219 0.048954
v 0.199346 0.185219 0.048791
v 0.242573 0.185219 0.048307
v 0.196878 0.185219 0.050168
v 0.241451 0.185219 0.049675
v 0.195377 0.185219 0.051005
v 0.240671 0.185219 0.050625
v 0.194009 0.185219 0.051768
v 0.239956 0.185219 0.051495
v 0.192751 0.185219 0.052469
v 0.239296 0.185219 0.052299
v 0.191584 0.185219 0.053121
v 0.238681 0.185219 0.053048
v 0.190484 0.185219 0.053734
v 0.237955 0.185219 0.053757
v 0.238663 0.185219 0.053071
v 0.183872 0.185219 0.057452
v 0.235998 0.185219 0.055655
v 0.186080 0.185219 0.056191
v 0.182832 0.185219 0.058046
v 0.235295 0.185219 0.056337
v 0.181817 0.185219 0.058626
v 0.234607 0.185219 0.057004
v 0.180808 0.185219 0.059203
v 0.233922 0.185219 0.057669
v 0.179786 0.185219 0.059787
v 0.233225 0.185219 0.058345
v 0.178729 0.185219 0.060390
v 0.232503 0.185219 0.059045
v 0.177619 0.185219 0.061024
v 0.231741 0.185219 0.059783
v 0.176436 0.185219 0.061700
v 0.230927 0.185219 0.060573
v 0.174275 0.185219 0.062934
v 0.229290 0.185219 0.062024
v 0.230567 0.185219 0.060923
v 0.172602 0.185219 0.063891
v 0.227980 0.185219 0.063154
v 0.171300 0.185219 0.064626
v 0.226968 0.185219 0.064027
v 0.172140 0.185219 0.064155
v 0.170285 0.185219 0.065197
v 0.226182 0.185219 0.064705
v 0.169469 0.185219 0.065655
v 0.225549 0.185219 0.065251
v 0.168756 0.185219 0.066055
v 0.224994 0.185219 0.065730
v 0.168050 0.185219 0.066452
v 0.224445 0.185219 0.066204
v 0.167257 0.185219 0.066898
v 0.223826 0.185219 0.066738
v 0.166280 0.185219 0.067446
v 0.223062 0.185219 0.067397
v 0.165026 0.185219 0.068151
v 0.222078 0.185219 0.068245
v 0.158038 0.185219 0.072077
v 0.220460 0.185219 0.069641
v 0.220196 0.185219 0.069854
v 0.156357 0.185219 0.072976
v 0.218859 0.185219 0.070934
v 0.157813 0.185219 0.072203
v 0.154160 0.185219 0.074142
v 0.217117 0.185219 0.072342
v 0.215624 0.185219 0.073548
v 0.152287 0.185219 0.075136
v 0.150556 0.185219 0.076055
v 0.214237 0.185219 0.074669
v 0.148939 0.185219 0.076912
v 0.212936 0.185219 0.075720
v 0.147410 0.185219 0.077724
v 0.211701 0.185219 0.076719
v 0.145941 0.185219 0.078503
v 0.210509 0.185219 0.077682
v 0.144504 0.185219 0.079266
v 0.209339 0.185219 0.078627
v 0.143037 0.185219 0.080025
v 0.208144 0.185219 0.079573
v 0.143387 0.185219 0.079858
v 0.208880 0.185219 0.078998
v 0.141416 0.185219 0.080798
v 0.206908 0.185219 0.080537
v 0.139742 0.185219 0.081595
v 0.205625 0.185219 0.081538
v 0.137984 0.185219 0.082433
v 0.204271 0.185219 0.082595
v 0.122192 0.185219 0.089387
v 0.200788 0.185219 0.085314
v 0.129151 0.185219 0.086641
v 0.119864 0.185219 0.090306
v 0.199324 0.185219 0.086456
v 0.117392 0.185219 0.091282
v 0.197753 0.185219 0.087682
v 0.115274 0.185219 0.092104
v 0.196418 0.185219 0.088724
v 0.115390 0.185219 0.092072
v 0.113238 0.185219 0.092668
v 0.195526 0.185219 0.089412
v 0.196366 0.185219 0.088765
v 0.111997 0.185219 0.093012
v 0.194977 0.185219 0.089836
v 0.111280 0.185219 0.093210
v 0.194657 0.185219 0.090081
v 0.110828 0.185219 0.093336
v 0.194455 0.185219 0.090238
v 0.110382 0.185219 0.093460
v 0.194255 0.185219 0.090391
v 0.109684 0.185219 0.093653
v 0.193941 0.185219 0.090633
v 0.108478 0.185219 0.093987
v 0.193396 0.185219 0.091053
v 0.106520 0.185219 0.094529
v 0.192502 0.185219 0.091743
v 0.103590 0.185219 0.095341
v 0.191145 0.185219 0.092788
v 0.102394 0.185219 0.095672
v 0.099676 0.185219 0.096466
v 0.189217 0.185219 0.094273
v 0.094634 0.185219 0.097937
v 0.186623 0.185219 0.096272
v 0.087886 0.185219 0.099906
v 0.087596 0.185219 0.100050
v 0.183457 0.185219 0.098712
v 0.182757 0.185219 0.099254
v 0.084372 0.185219 0.101655
v 0.179726 0.185219 0.101604
v 0.081901 0.185219 0.102883
v 0.177381 0.185219 0.103424
v 0.068922 0.185219 0.111002
v 0.075629 0.185219 0.106002
v 0.174083 0.185219 0.105980
v 0.067714 0.185219 0.111902
v 0.172277 0.185219 0.107380
v 0.066831 0.185219 0.112561
v 0.170956 0.185219 0.108405
v 0.066202 0.185219 0.113030
v 0.170032 0.185219 0.109135
v 0.170691 0.185219 0.108611
v 0.065756 0.185219 0.113362
v 0.169384 0.185219 0.109652
v 0.065452 0.185219 0.113605
v 0.065507 0.185219 0.113547
v 0.168906 0.185219 0.110032
v 0.065260 0.185219 0.113810
v 0.168502 0.185219 0.110353
v 0.065056 0.185219 0.114025
v 0.168075 0.185219 0.110694
v 0.064795 0.185219 0.114302
v 0.167528 0.185219 0.111129
v 0.064430 0.185219 0.114688
v 0.166764 0.185219 0.111737
v 0.062520 0.185219 0.116711
v 0.162785 0.185219 0.114906
v 0.060992 0.185219 0.118330
v 0.159620 0.185219 0.117425
v 0.059767 0.185219 0.119627
v 0.158607 0.185219 0.118232
v 0.157175 0.185219 0.119434
v 0.058769 0.185219 0.120684
v 0.155231 0.185219 0.121065
v 0.053437 0.185219 0.128017
v 0.152760 0.185219 0.123138
v 0.057402 0.185219 0.122131
v 0.052912 0.185219 0.128795
v 0.151271 0.185219 0.124388
v 0.052435 0.185219 0.129504
v 0.149921 0.185219 0.125520
v 0.051946 0.185219 0.130229
v 0.148548 0.185219 0.126673
v 0.051389 0.185219 0.131057
v 0.147055 0.185219 0.127981
v 0.147743 0.185219 0.127348
v 0.050854 0.185219 0.132073
v 0.145317 0.185219 0.129582
v 0.051196 0.185219 0.131343
v 0.050246 0.185219 0.133368
v 0.143116 0.185219 0.131608
v 0.049467 0.185219 0.135028
v 0.140321 0.185219 0.134180
v 0.048477 0.185219 0.137138
v 0.136900 0.185219 0.137402
v 0.138639 0.185219 0.135729
v 0.045972 0.185219 0.143447
v 0.046772 0.185219 0.140771
v 0.135180 0.185219 0.139057
v 0.045388 0.185219 0.145403
v 0.131995 0.185219 0.142120
v 0.044838 0.185219 0.147242
v 0.129026 0.185219 0.144955
v 0.129413 0.185219 0.144604
v 0.044325 0.185219 0.148957
v 0.126149 0.185219 0.147557
v 0.043937 0.185219 0.150539
v 0.123536 0.185219 0.149920
v 0.044012 0.185219 0.150004
v 0.043734 0.185219 0.151984
v 0.121187 0.185219 0.152045
v 0.118711 0.185219 0.154139
v 0.042926 0.185219 0.157726
v 0.120802 0.185219 0.152393
v 0.042799 0.185219 0.158631
v 0.042802 0.185219 0.158735
v 0.116883 0.185219 0.155664
v 0.116847 0.185219 0.155694
v 0.042802 0.185219 0.158754
v 0.116172 0.185219 0.156258
v 0.042813 0.185219 0.159129
v 0.115402 0.185219 0.156900
v 0.042825 0.185219 0.159557
v 0.114606 0.185219 0.157565
v 0.042838 0.185219 0.160004
v 0.113776 0.185219 0.158258
v 0.042851 0.185219 0.160473
v 0.112902 0.185219 0.158987
v 0.042865 0.185219 0.160970
v 0.111893 0.185219 0.159760
v 0.042880 0.185219 0.161500
v 0.112725 0.185219 0.159134
v 0.110799 0.185219 0.160583
v 0.042897 0.185219 0.162068
v 0.109630 0.185219 0.161462
v 0.042914 0.185219 0.162681
v 0.108378 0.185219 0.162404
v 0.042933 0.185219 0.163344
v 0.107032 0.185219 0.163416
v 0.042953 0.185219 0.164066
v 0.105581 0.185219 0.164507
v 0.042976 0.185219 0.164853
v 0.103858 0.185219 0.165684
v 0.043000 0.185219 0.165713
v 0.105105 0.185219 0.164865
v 0.043015 0.185219 0.166241
v 0.101925 0.185219 0.166954
v 0.043118 0.185219 0.166657
v 0.098512 0.185219 0.169195
v 0.044297 0.185219 0.171428
v 0.097862 0.185219 0.169623
v 0.096663 0.185219 0.170282
v 0.044488 0.185219 0.172198
v 0.095183 0.185219 0.171097
v 0.044766 0.185219 0.172778
v 0.044543 0.185219 0.172422
v 0.094069 0.185219 0.171710
v 0.045043 0.185219 0.173220
v 0.093192 0.185219 0.172193
v 0.045263 0.185219 0.173570
v 0.092430 0.185219 0.172613
v 0.045456 0.185219 0.173879
v 0.091664 0.185219 0.173034
v 0.045652 0.185219 0.174191
v 0.045881 0.185219 0.174556
v 0.090737 0.185219 0.173523
v 0.090917 0.185219 0.173445
v 0.089302 0.185219 0.174148
v 0.046175 0.185219 0.175025
v 0.087431 0.185219 0.174961
v 0.046565 0.185219 0.175647
v 0.085004 0.185219 0.176017
v 0.047083 0.185219 0.176474
v 0.048703 0.185219 0.177555
v 0.081023 0.185219 0.177364
v 0.047265 0.185219 0.176764
v 0.084191 0.185219 0.176371
v 0.051064 0.185219 0.178854
v 0.051064 0.185219 0.178854
v 0.051065 0.185219 0.178854
v 0.051066 0.185219 0.178854
v 0.051068 0.185219 0.178854
v 0.051070 0.185219 0.178854
v 0.051072 0.185219 0.178854
v 0.074591 0.185219 0.179010
v 0.051080 0.185219 0.178854
v 0.051844 0.185219 0.178966
v 0.051080 0.185219 0.178854
v 0.051074 0.185219 0.178854
v 0.051076 0.185219 0.178854
v 0.051078 0.185219 0.178854
v 0.051079 0.185219 0.178854
v 0.077605 0.185219 0.178436
v 0.057896 0.185219 0.179851
v 0.064537 0.185219 0.180139
v 0.071080 0.185219 0.179679
v 0.047083 0.140406 0.176474
v 0.046565 0.140406 0.175647
v 0.046175 0.140406 0.175025
v 0.045881 0.140406 0.174556
v 0.045652 0.140406 0.174191
v 0.045456 0.140406 0.173879
v 0.045263 0.140406 0.173570
v 0.045043 0.140406 0.173220
v 0.044766 0.140406 0.172778
v 0.051389 0.140406 0.131057
v 0.051946 0.140406 0.130229
v 0.052912 0.140406 0.128795
v 0.052435 0.140406 0.129504
v 0.053437 0.140406 0.128017
v 0.144504 0.140406 0.079266
v 0.145941 0.140406 0.078503
v 0.147410 0.140406 0.077724
v 0.148939 0.140406 0.076912
v 0.150556 0.140406 0.076055
v 0.152287 0.140406 0.075136
v 0.154160 0.140406 0.074142
v 0.156357 0.140406 0.072976
v 0.245326 0.140406 0.036928
v 0.224429 0.140406 0.037084
v 0.089302 0.140406 0.174148
v 0.087431 0.140406 0.174961
v 0.085004 0.140406 0.176017
v 0.090737 0.140406 0.173523
v 0.145317 0.140406 0.129582
v 0.143116 0.140406 0.131608
v 0.140321 0.140406 0.134180
v 0.147055 0.140406 0.127981
v 0.205625 0.140406 0.081538
v 0.204271 0.140406 0.082595
v 0.200788 0.140406 0.085314
v 0.199324 0.140406 0.086456
v 0.197753 0.140406 0.087682
v 0.196418 0.140406 0.088724
v 0.206908 0.140406 0.080537
v 0.208144 0.140406 0.079573
v 0.048477 0.140406 0.137138
v 0.049467 0.140406 0.135028
v 0.050246 0.140406 0.133368
v 0.050854 0.140406 0.132073
v 0.137984 0.140406 0.082433
v 0.139742 0.140406 0.081595
v 0.141416 0.140406 0.080798
v 0.143037 0.140406 0.080025
v 0.081023 0.140406 0.177364
v 0.245886 0.140406 0.038299
v 0.246226 0.140406 0.039427
v 0.246507 0.140406 0.040357
v 0.048703 0.140406 0.177555
v 0.117392 0.140406 0.091282
v 0.119864 0.140406 0.090306
v 0.122192 0.140406 0.089387
v 0.216541 0.140406 0.040294
v 0.218492 0.140406 0.039441
v 0.220896 0.140406 0.038389
v 0.074591 0.140406 0.179010
v 0.135180 0.140406 0.139057
v 0.131995 0.140406 0.142120
v 0.136900 0.140406 0.137402
v 0.051844 0.140406 0.178966
v 0.044325 0.140406 0.148957
v 0.044838 0.140406 0.147242
v 0.045388 0.140406 0.145403
v 0.045972 0.140406 0.143447
v 0.191145 0.140406 0.092788
v 0.192502 0.140406 0.091743
v 0.189217 0.140406 0.094273
v 0.186623 0.140406 0.096272
v 0.193396 0.140406 0.091053
v 0.193941 0.140406 0.090633
v 0.194255 0.140406 0.090391
v 0.194455 0.140406 0.090238
v 0.194657 0.140406 0.090081
v 0.195526 0.140406 0.089412
v 0.194977 0.140406 0.089836
v 0.245873 0.140406 0.042638
v 0.245556 0.140406 0.043337
v 0.245286 0.140406 0.043933
v 0.245040 0.140406 0.044479
v 0.244793 0.140406 0.045025
v 0.244521 0.140406 0.045625
v 0.103590 0.140406 0.095341
v 0.106520 0.140406 0.094529
v 0.108478 0.140406 0.093987
v 0.109684 0.140406 0.093653
v 0.110382 0.140406 0.093460
v 0.110828 0.140406 0.093336
v 0.111280 0.140406 0.093210
v 0.111997 0.140406 0.093012
v 0.113238 0.140406 0.092668
v 0.115274 0.140406 0.092104
v 0.200928 0.140406 0.047973
v 0.202459 0.140406 0.047182
v 0.203712 0.140406 0.046535
v 0.204779 0.140406 0.045984
v 0.205755 0.140406 0.045480
v 0.206734 0.140406 0.044974
v 0.207811 0.140406 0.044417
v 0.209080 0.140406 0.043762
v 0.129026 0.140406 0.144955
v 0.126149 0.140406 0.147557
v 0.123536 0.140406 0.149920
v 0.121187 0.140406 0.152045
v 0.042926 0.140406 0.157726
v 0.043734 0.140406 0.151984
v 0.043937 0.140406 0.150539
v 0.094634 0.140406 0.097937
v 0.099676 0.140406 0.096466
v 0.241451 0.140406 0.049675
v 0.240671 0.140406 0.050625
v 0.239956 0.140406 0.051495
v 0.239296 0.140406 0.052299
v 0.238681 0.140406 0.053048
v 0.242573 0.140406 0.048307
v 0.243473 0.140406 0.047211
v 0.244194 0.140406 0.046333
v 0.190484 0.140406 0.053734
v 0.191584 0.140406 0.053121
v 0.192751 0.140406 0.052469
v 0.194009 0.140406 0.051768
v 0.195377 0.140406 0.051005
v 0.196878 0.140406 0.050168
v 0.199053 0.140406 0.048954
v 0.116883 0.140406 0.155664
v 0.118711 0.140406 0.154139
v 0.116847 0.140406 0.155694
v 0.116172 0.140406 0.156258
v 0.115402 0.140406 0.156900
v 0.114606 0.140406 0.157565
v 0.113776 0.140406 0.158258
v 0.112902 0.140406 0.158987
v 0.177381 0.140406 0.103424
v 0.174083 0.140406 0.105980
v 0.172277 0.140406 0.107380
v 0.170956 0.140406 0.108405
v 0.182757 0.140406 0.099254
v 0.179726 0.140406 0.101604
v 0.043000 0.140406 0.165713
v 0.042976 0.140406 0.164853
v 0.042953 0.140406 0.164066
v 0.042933 0.140406 0.163344
v 0.042914 0.140406 0.162681
v 0.042897 0.140406 0.162068
v 0.042880 0.140406 0.161500
v 0.042865 0.140406 0.160970
v 0.042851 0.140406 0.160473
v 0.042838 0.140406 0.160004
v 0.042825 0.140406 0.159557
v 0.042813 0.140406 0.159129
v 0.042802 0.140406 0.158754
v 0.042802 0.140406 0.158735
v 0.081901 0.140406 0.102883
v 0.084372 0.140406 0.101655
v 0.087596 0.140406 0.100050
v 0.235998 0.140406 0.055655
v 0.235295 0.140406 0.056337
v 0.237955 0.140406 0.053757
v 0.234607 0.140406 0.057004
v 0.233922 0.140406 0.057669
v 0.233225 0.140406 0.058345
v 0.232503 0.140406 0.059045
v 0.231741 0.140406 0.059783
v 0.230927 0.140406 0.060573
v 0.065756 0.140406 0.113362
v 0.066202 0.140406 0.113030
v 0.066831 0.140406 0.112561
v 0.067714 0.140406 0.111902
v 0.068922 0.140406 0.111002
v 0.172602 0.140406 0.063891
v 0.174275 0.140406 0.062934
v 0.176436 0.140406 0.061700
v 0.177619 0.140406 0.061024
v 0.178729 0.140406 0.060390
v 0.179786 0.140406 0.059787
v 0.180808 0.140406 0.059203
v 0.181817 0.140406 0.058626
v 0.182832 0.140406 0.058046
v 0.183872 0.140406 0.057452
v 0.110799 0.140406 0.160583
v 0.109630 0.140406 0.161462
v 0.108378 0.140406 0.162404
v 0.107032 0.140406 0.163416
v 0.105581 0.140406 0.164507
v 0.111893 0.140406 0.159760
v 0.103858 0.140406 0.165684
v 0.101925 0.140406 0.166954
v 0.098512 0.140406 0.169195
v 0.166764 0.140406 0.111737
v 0.162785 0.140406 0.114906
v 0.159620 0.140406 0.117425
v 0.167528 0.140406 0.111129
v 0.168502 0.140406 0.110353
v 0.168075 0.140406 0.110694
v 0.168906 0.140406 0.110032
v 0.169384 0.140406 0.109652
v 0.170032 0.140406 0.109135
v 0.227980 0.140406 0.063154
v 0.226968 0.140406 0.064027
v 0.229290 0.140406 0.062024
v 0.226182 0.140406 0.064705
v 0.225549 0.140406 0.065251
v 0.224994 0.140406 0.065730
v 0.224445 0.140406 0.066204
v 0.223826 0.140406 0.066738
v 0.223062 0.140406 0.067397
v 0.222078 0.140406 0.068245
v 0.044488 0.140406 0.172198
v 0.044297 0.140406 0.171428
v 0.043118 0.140406 0.166657
v 0.058769 0.140406 0.120684
v 0.059767 0.140406 0.119627
v 0.060992 0.140406 0.118330
v 0.062520 0.140406 0.116711
v 0.064430 0.140406 0.114688
v 0.064795 0.140406 0.114302
v 0.065056 0.140406 0.114025
v 0.065260 0.140406 0.113810
v 0.065452 0.140406 0.113605
v 0.158038 0.140406 0.072077
v 0.165026 0.140406 0.068151
v 0.166280 0.140406 0.067446
v 0.167257 0.140406 0.066898
v 0.168050 0.140406 0.066452
v 0.168756 0.140406 0.066055
v 0.169469 0.140406 0.065655
v 0.170285 0.140406 0.065197
v 0.171300 0.140406 0.064626
v 0.095183 0.140406 0.171097
v 0.096663 0.140406 0.170282
v 0.094069 0.140406 0.171710
v 0.093192 0.140406 0.172193
v 0.092430 0.140406 0.172613
v 0.091664 0.140406 0.173034
v 0.152760 0.140406 0.123138
v 0.151271 0.140406 0.124388
v 0.149921 0.140406 0.125520
v 0.148548 0.140406 0.126673
v 0.157175 0.140406 0.119434
v 0.155231 0.140406 0.121065
v 0.215624 0.140406 0.073548
v 0.214237 0.140406 0.074669
v 0.212936 0.140406 0.075720
v 0.211701 0.140406 0.076719
v 0.210509 0.140406 0.077682
v 0.209339 0.140406 0.078627
v 0.217117 0.140406 0.072342
v 0.218859 0.140406 0.070934
v 0.220196 0.140406 0.069854
v 0.019166 0.185219 0.398254
v 0.019827 0.185219 0.397840
v 0.020762 0.185219 0.397648
v 0.021696 0.185219 0.397840
v 0.022637 0.185219 0.398448
v 0.022593 0.185219 0.398401
v 0.017672 0.185219 0.399932
v 0.018081 0.185219 0.399304
v 0.018931 0.185219 0.398401
v 0.023797 0.185219 0.399846
v 0.023443 0.185219 0.399304
v 0.016873 0.185219 0.401377
v 0.017285 0.185219 0.400524
v 0.024851 0.185219 0.401788
v 0.024238 0.185219 0.400524
v 0.016107 0.185219 0.403236
v 0.016553 0.185219 0.402038
v 0.025360 0.185219 0.403084
v 0.024971 0.185219 0.402038
v 0.015639 0.185219 0.404690
v 0.015891 0.185219 0.403818
v 0.026039 0.185219 0.405227
v 0.025633 0.185219 0.403818
v 0.015112 0.185219 0.406727
v 0.015308 0.185219 0.405840
v 0.026215 0.185219 0.405840
v 0.026368 0.185219 0.406528
v 0.014781 0.185219 0.408276
v 0.014813 0.185219 0.408080
v 0.026854 0.185219 0.408952
v 0.026711 0.185219 0.408080
v 0.014410 0.185219 0.410542
v 0.014414 0.185219 0.410511
v 0.027079 0.185219 0.410320
v 0.027110 0.185219 0.410511
v 0.014215 0.185219 0.412260
v 0.027406 0.185219 0.413118
v 0.027405 0.185219 0.413110
v 0.014004 0.185219 0.414816
v 0.014118 0.185219 0.413109
v 0.027505 0.185219 0.414603
v 0.013964 0.185219 0.415415
v 0.027572 0.185219 0.415595
v 0.013880 0.185219 0.418339
v 0.013935 0.185219 0.415849
v 0.027620 0.185219 0.417262
v 0.027589 0.185219 0.415849
v 0.013872 0.185219 0.418705
v 0.013883 0.185219 0.419185
v 0.027651 0.185219 0.418678
v 0.013906 0.185219 0.420249
v 0.027652 0.185219 0.418705
v 0.027613 0.185219 0.420461
v 0.013935 0.185219 0.421561
v 0.014072 0.185219 0.423604
v 0.027534 0.185219 0.422381
v 0.027589 0.185219 0.421561
v 0.014118 0.185219 0.424301
v 0.014178 0.185219 0.424828
v 0.027389 0.185219 0.424441
v 0.027405 0.185219 0.424301
v 0.014337 0.185219 0.426224
v 0.027128 0.185219 0.426737
v 0.014414 0.185219 0.426899
v 0.027110 0.185219 0.426899
v 0.026986 0.185219 0.427653
v 0.014562 0.185219 0.427801
v 0.014816 0.185219 0.429343
v 0.014813 0.185219 0.429330
v 0.026711 0.185219 0.429330
v 0.026541 0.185219 0.430096
v 0.026315 0.185219 0.431122
v 0.015197 0.185219 0.431067
v 0.015691 0.185219 0.432899
v 0.015308 0.185219 0.431569
v 0.026215 0.185219 0.431569
v 0.026011 0.185219 0.432280
v 0.016247 0.185219 0.434551
v 0.015891 0.185219 0.433592
v 0.025206 0.185219 0.434742
v 0.025633 0.185219 0.433592
v 0.016553 0.185219 0.435372
v 0.017035 0.185219 0.436368
v 0.024670 0.185219 0.435996
v 0.024971 0.185219 0.435372
v 0.018081 0.185219 0.438106
v 0.018171 0.185219 0.438202
v 0.017285 0.185219 0.436885
v 0.024238 0.185219 0.436885
v 0.023443 0.185219 0.438106
v 0.023177 0.185219 0.438389
v 0.019827 0.185219 0.439569
v 0.018931 0.185219 0.439009
v 0.021696 0.185219 0.439569
v 0.022593 0.185219 0.439009
v 0.020762 0.185219 0.439762
v 0.023177 0.140406 0.438389
v 0.016107 0.140406 0.403236
v 0.027620 0.140406 0.417262
v 0.027651 0.140406 0.418678
v 0.013906 0.140406 0.420249
v 0.013883 0.140406 0.419185
v 0.025206 0.140406 0.434742
v 0.026854 0.140406 0.408952
v 0.027079 0.140406 0.410320
v 0.017035 0.140406 0.436368
v 0.014215 0.140406 0.412260
v 0.014410 0.140406 0.410542
v 0.026986 0.140406 0.427653
v 0.025360 0.140406 0.403084
v 0.015197 0.140406 0.431067
v 0.014816 0.140406 0.429343
v 0.015639 0.140406 0.404690
v 0.027613 0.140406 0.420461
v 0.022637 0.140406 0.398448
v 0.014072 0.140406 0.423604
v 0.024670 0.140406 0.435996
v 0.017672 0.140406 0.399932
v 0.013964 0.140406 0.415415
v 0.014004 0.140406 0.414816
v 0.026541 0.140406 0.430096
v 0.026315 0.140406 0.431122
v 0.026039 0.140406 0.405227
v 0.015691 0.140406 0.432899
v 0.015112 0.140406 0.406727
v 0.027534 0.140406 0.422381
v 0.023797 0.140406 0.399846
v 0.014337 0.140406 0.426224
v 0.014178 0.140406 0.424828
v 0.016873 0.140406 0.401377
v 0.027505 0.140406 0.414603
v 0.027572 0.140406 0.415595
v 0.027406 0.140406 0.413118
v 0.018171 0.140406 0.438202
v 0.013880 0.140406 0.418339
v 0.026011 0.140406 0.432280
v 0.019166 0.140406 0.398254
v 0.026368 0.140406 0.406528
v 0.016247 0.140406 0.434551
v 0.014781 0.140406 0.408276
v 0.027389 0.140406 0.424441
v 0.027128 0.140406 0.426737
v 0.024851 0.140406 0.401788
v 0.014562 0.140406 0.427801
v 0.020302 0.140406 0.434637
v 0.021078 0.140406 0.432576
v 0.017803 0.140406 0.431080
v 0.023058 0.140406 0.427700
v 0.027373 0.140406 0.413116
v 0.023729 0.140406 0.429916
v 0.027271 0.140406 0.413110
v -0.068943 0.185219 0.052256
v 0.090950 0.185219 0.047370
v 0.086860 0.185219 0.047020
v -0.065920 0.185219 0.048864
v -0.061126 0.185219 0.046238
v 0.079117 0.185219 0.047189
v -0.021319 0.185219 0.050801
v 0.067818 0.185219 0.048078
v 0.069944 0.185219 0.047869
v -0.055614 0.185219 0.045313
v -0.033364 0.185219 0.048682
v -0.049243 0.185219 0.045682
v -0.023575 0.185219 0.050501
v -0.041873 0.185219 0.046940
v -0.020232 0.185219 0.050945
v 0.062807 0.185219 0.048568
v -0.069019 0.185219 0.052342
v 0.093369 0.185219 0.047694
v 0.092913 0.185219 0.047539
v 0.059603 0.185219 0.048882
v 0.058806 0.185219 0.048965
v -0.019282 0.185219 0.051072
v -0.069085 0.185219 0.052415
v 0.094298 0.185219 0.048007
v 0.055513 0.185219 0.049307
v -0.018396 0.185219 0.051190
v -0.069144 0.185219 0.052483
v 0.095155 0.185219 0.048297
v 0.052336 0.185219 0.049637
v -0.017490 0.185219 0.051310
v -0.069204 0.185219 0.052549
v 0.096022 0.185219 0.048590
v -0.016473 0.185219 0.051445
v 0.048975 0.185219 0.049986
v -0.069270 0.185219 0.052623
v 0.096984 0.185219 0.048915
v 0.048354 0.185219 0.050050
v -0.015241 0.185219 0.051609
v 0.044855 0.185219 0.050387
v -0.069347 0.185219 0.052709
v 0.097013 0.185219 0.048925
v 0.097320 0.185219 0.049320
v -0.013678 0.185219 0.051817
v 0.039986 0.185219 0.050856
v -0.069442 0.185219 0.052816
v 0.097710 0.185219 0.049822
v -0.010964 0.185219 0.052077
v 0.033614 0.185219 0.051414
v 0.036458 0.185219 0.051196
v -0.012365 0.185219 0.051992
v -0.069560 0.185219 0.052949
v 0.098201 0.185219 0.050454
v -0.005585 0.185219 0.052406
v 0.025145 0.185219 0.052066
v -0.069708 0.185219 0.053114
v 0.098820 0.185219 0.051251
v 0.016104 0.185219 0.052509
v -0.001478 0.185219 0.052656
v 0.024178 0.185219 0.052140
v -0.069810 0.185219 0.053229
v 0.098960 0.185219 0.051814
v 0.098900 0.185219 0.051355
v 0.098900 0.185219 0.051355
v 0.098900 0.185219 0.051339
v 0.098900 0.185219 0.051354
v 0.098900 0.185219 0.051353
v 0.098900 0.185219 0.051339
v 0.098900 0.185219 0.051340
v 0.098900 0.185219 0.051351
v 0.098900 0.185219 0.051349
v 0.098900 0.185219 0.051342
v 0.098900 0.185219 0.051343
v 0.098900 0.185219 0.051347
v 0.098900 0.185219 0.051345
v -0.000495 0.185219 0.052716
v 0.011773 0.185219 0.052706
v -0.069904 0.185219 0.053335
v 0.099024 0.185219 0.052332
v -0.069991 0.185219 0.053432
v 0.099084 0.185219 0.052813
v -0.070071 0.185219 0.053523
v 0.099140 0.185219 0.053263
v -0.070136 0.185219 0.053595
v -0.070143 0.185219 0.053608
v 0.099193 0.185219 0.053690
v -0.073915 0.185219 0.060839
v -0.075823 0.185219 0.066403
v 0.099869 0.185219 0.059114
v 0.099869 0.185219 0.059114
v -0.075848 0.185219 0.066475
v -0.075872 0.185219 0.066545
v -0.075896 0.185219 0.066615
v -0.075920 0.185219 0.066686
v -0.075945 0.185219 0.066760
v -0.075972 0.185219 0.066838
v -0.076001 0.185219 0.066922
v -0.076054 0.185219 0.067077
v -0.076096 0.185219 0.067198
v -0.076128 0.185219 0.067292
v -0.076153 0.185219 0.067365
v -0.076173 0.185219 0.067424
v -0.076191 0.185219 0.067476
v -0.076209 0.185219 0.067528
v -0.076229 0.185219 0.067586
v -0.076253 0.185219 0.067658
v -0.076285 0.185219 0.067751
v -0.077399 0.185219 0.070999
v -0.079763 0.185219 0.080580
v -0.079789 0.185219 0.080688
v -0.079824 0.185219 0.080830
v -0.079855 0.185219 0.080952
v -0.079883 0.185219 0.081066
v -0.079910 0.185219 0.081174
v -0.079935 0.185219 0.081277
v -0.079960 0.185219 0.081378
v -0.079984 0.185219 0.081476
v -0.080009 0.185219 0.081576
v -0.080034 0.185219 0.081678
v -0.080060 0.185219 0.081785
v -0.080088 0.185219 0.081898
v -0.080726 0.185219 0.084483
v -0.083723 0.185219 0.100059
v -0.083744 0.185219 0.100171
v -0.083768 0.185219 0.100292
v -0.083788 0.185219 0.100395
v -0.083801 0.185219 0.100464
v -0.083809 0.185219 0.100507
v -0.083814 0.185219 0.100532
v -0.083817 0.185219 0.100547
v -0.083820 0.185219 0.100563
v -0.083825 0.185219 0.100587
v -0.083833 0.185219 0.100630
v -0.083846 0.185219 0.100700
v -0.083867 0.185219 0.100807
v -0.083896 0.185219 0.100960
v -0.083937 0.185219 0.101170
v -0.083998 0.185219 0.101487
v -0.084038 0.185219 0.101696
v -0.084044 0.185219 0.101743
v -0.084071 0.185219 0.101943
v -0.086306 0.185219 0.118414
v -0.086326 0.185219 0.118563
v -0.086341 0.185219 0.118673
v -0.086351 0.185219 0.118752
v -0.086359 0.185219 0.118808
v -0.086365 0.185219 0.118850
v -0.086370 0.185219 0.118885
v -0.086375 0.185219 0.118922
v -0.086381 0.185219 0.118970
v -0.086390 0.185219 0.119038
v -0.086438 0.185219 0.119393
v -0.086478 0.185219 0.119682
v -0.086509 0.185219 0.119917
v -0.086536 0.185219 0.120110
v -0.087902 0.185219 0.130182
v -0.087970 0.185219 0.134261
v -0.087983 0.185219 0.135009
v -0.087984 0.185219 0.135109
v -0.087987 0.185219 0.135243
v -0.087988 0.185219 0.135312
v -0.087989 0.185219 0.135399
v -0.087992 0.185219 0.135539
v -0.087995 0.185219 0.135735
v -0.087998 0.185219 0.135887
v -0.088003 0.185219 0.136238
v -0.088005 0.185219 0.136312
v -0.088012 0.185219 0.136730
v -0.088235 0.185219 0.150053
v -0.088241 0.185219 0.150406
v -0.088241 0.185219 0.150406
v 0.059604 0.140406 0.048882
v -0.077399 0.140406 0.070999
v -0.077399 0.140406 0.070999
v -0.023575 0.140406 0.050501
v -0.023575 0.140406 0.050501
v -0.070136 0.140406 0.053595
v -0.070136 0.140406 0.053595
v -0.070136 0.140406 0.053595
v -0.070136 0.140406 0.053595
v -0.080726 0.140406 0.084483
v -0.080726 0.140406 0.084483
v -0.080726 0.140406 0.084483
v -0.080726 0.140406 0.084483
v -0.080726 0.140406 0.084483
v 0.048355 0.140406 0.050050
v 0.048355 0.140406 0.050050
v -0.087970 0.140406 0.134261
v -0.087983 0.140406 0.135009
v -0.087988 0.140406 0.135312
v -0.087989 0.140406 0.135399
v -0.087998 0.140406 0.135887
v -0.088003 0.140406 0.136238
v -0.088241 0.140406 0.150406
v -0.088241 0.140406 0.150406
v -0.088241 0.140406 0.150406
v -0.088241 0.140406 0.150406
v 0.098900 0.140406 0.051355
v 0.098900 0.140406 0.051355
v 0.098900 0.140406 0.051355
v 0.036460 0.140406 0.051196
v -0.061125 0.140406 0.046238
v -0.061124 0.140406 0.046238
v -0.049244 0.140406 0.045682
v -0.012365 0.140406 0.051992
v 0.024179 0.140406 0.052140
v 0.024180 0.140406 0.052140
v -0.041874 0.140406 0.046940
v -0.041874 0.140406 0.046940
v -0.084038 0.140406 0.101696
v -0.084038 0.140406 0.101696
v -0.084038 0.140406 0.101696
v -0.084038 0.140406 0.101696
v -0.084038 0.140406 0.101696
v -0.065919 0.140406 0.048864
v -0.065919 0.140406 0.048864
v -0.065919 0.140406 0.048864
v -0.000497 0.140406 0.052716
v 0.011774 0.140406 0.052706
v 0.099869 0.140406 0.059114
v 0.099869 0.140406 0.059114
v 0.099869 0.140406 0.059114
v 0.099869 0.140406 0.059114
v 0.099869 0.140406 0.059114
v 0.099869 0.140406 0.059114
v 0.099861 0.140406 0.059053
v 0.099861 0.140406 0.059052
v 0.099861 0.140406 0.059048
v 0.099860 0.140406 0.059042
v 0.099859 0.140406 0.059032
v 0.099857 0.140406 0.059016
v 0.099854 0.140406 0.058992
v 0.099849 0.140406 0.058952
v 0.099840 0.140406 0.058879
v 0.099821 0.140406 0.058726
v 0.099769 0.140406 0.058313
v 0.099510 0.140406 0.056232
v -0.033365 0.140406 0.048682
v 0.079120 0.140406 0.047189
v -0.000493 0.140406 0.052716
v 0.092911 0.140406 0.047539
v 0.092910 0.140406 0.047539
v 0.069945 0.140406 0.047869
v 0.069946 0.140406 0.047869
v -0.073915 0.140406 0.060839
v -0.073915 0.140406 0.060839
v -0.087902 0.140406 0.130182
v -0.087902 0.140406 0.130182
v -0.087902 0.140406 0.130182
v -0.087902 0.140406 0.130182
v 0.097013 0.140406 0.048925
v 0.097013 0.140406 0.048925
v 0.097013 0.140406 0.048925
v 0.062807 0.140406 0.048568
v 0.067818 0.140406 0.048078
v -0.076285 0.140406 0.067751
v -0.076253 0.140406 0.067658
v -0.076229 0.140406 0.067586
v -0.076209 0.140406 0.067528
v -0.076191 0.140406 0.067476
v -0.076173 0.140406 0.067424
v -0.076153 0.140406 0.067365
v -0.076128 0.140406 0.067292
v -0.076096 0.140406 0.067198
v -0.076054 0.140406 0.067077
v -0.076001 0.140406 0.066922
v -0.075972 0.140406 0.066838
v -0.075945 0.140406 0.066760
v -0.075920 0.140406 0.066686
v -0.075896 0.140406 0.066615
v -0.075872 0.140406 0.066545
v -0.075848 0.140406 0.066475
v -0.075823 0.140406 0.066403
v 0.033939 0.140406 0.104665
v 0.033939 0.140406 0.104665
v 0.023227 0.140406 0.110249
v 0.018093 0.140406 0.113429
v 0.017020 0.140406 0.114094
v 0.016236 0.140406 0.114580
v 0.015679 0.140406 0.114925
v 0.015285 0.140406 0.115169
v 0.014995 0.140406 0.115348
v 0.014750 0.140406 0.115500
v 0.014491 0.140406 0.115660
v 0.014161 0.140406 0.115866
v 0.013699 0.140406 0.116151
v 0.011307 0.140406 0.117633
v 0.009419 0.140406 0.118803
v 0.098993 0.140406 0.065725
v 0.098993 0.140406 0.065725
v 0.098948 0.140406 0.065824
v 0.098794 0.140406 0.066164
v 0.098658 0.140406 0.066463
v 0.098524 0.140406 0.066758
v 0.098372 0.140406 0.067092
v 0.098184 0.140406 0.067506
v 0.097941 0.140406 0.068040
v -0.070071 0.140406 0.053523
v -0.069904 0.140406 0.053335
v -0.069991 0.140406 0.053432
v -0.069810 0.140406 0.053229
v -0.069708 0.140406 0.053114
v -0.069442 0.140406 0.052816
v -0.069347 0.140406 0.052709
v -0.069560 0.140406 0.052949
v -0.069204 0.140406 0.052549
v -0.069270 0.140406 0.052623
v -0.069085 0.140406 0.052415
v -0.069144 0.140406 0.052483
v -0.069019 0.140406 0.052342
v -0.068943 0.140406 0.052256
v -0.080088 0.140406 0.081898
v -0.080060 0.140406 0.081785
v -0.080034 0.140406 0.081678
v -0.080009 0.140406 0.081576
v -0.079960 0.140406 0.081378
v -0.079935 0.140406 0.081277
v -0.079984 0.140406 0.081476
v -0.079883 0.140406 0.081066
v -0.079910 0.140406 0.081174
v -0.079824 0.140406 0.080830
v -0.079855 0.140406 0.080952
v -0.079763 0.140406 0.080580
v -0.079789 0.140406 0.080688
v 0.008073 0.140406 0.119637
v 0.007941 0.140406 0.119730
v 0.006882 0.140406 0.120479
v 0.048975 0.140406 0.049986
v 0.052336 0.140406 0.049637
v 0.055513 0.140406 0.049307
v 0.058806 0.140406 0.048965
v -0.088012 0.140406 0.136730
v -0.088235 0.140406 0.150053
v -0.087902 0.140406 0.130182
v -0.087982 0.140406 0.134963
v -0.088005 0.140406 0.136312
v -0.087984 0.140406 0.135109
v -0.087992 0.140406 0.135539
v -0.087999 0.140406 0.135987
v -0.087987 0.140406 0.135243
v -0.087989 0.140406 0.135381
v -0.087995 0.140406 0.135735
v 0.096430 0.140406 0.071364
v 0.096430 0.140406 0.071364
v 0.093897 0.140406 0.074370
v 0.093338 0.140406 0.075034
v 0.092608 0.140406 0.075901
v 0.097320 0.140406 0.049320
v 0.097710 0.140406 0.049822
v 0.098201 0.140406 0.050454
v 0.098820 0.140406 0.051251
v -0.007148 0.140406 0.130401
v -0.007148 0.140406 0.130401
v -0.007994 0.140406 0.131034
v -0.008691 0.140406 0.131556
v -0.009321 0.140406 0.132028
v -0.009963 0.140406 0.132508
v -0.010691 0.140406 0.133053
v -0.011580 0.140406 0.133719
v -0.012703 0.140406 0.134560
v -0.014122 0.140406 0.135623
v -0.015890 0.140406 0.136946
v 0.092335 0.140406 0.076224
v 0.091789 0.140406 0.076652
v 0.090892 0.140406 0.077352
v 0.090052 0.140406 0.078009
v 0.089253 0.140406 0.078633
v 0.088484 0.140406 0.079235
v 0.087728 0.140406 0.079825
v 0.086973 0.140406 0.080415
v 0.044855 0.140406 0.050387
v 0.039986 0.140406 0.050856
v -0.022078 0.140406 0.141579
v -0.029587 0.140406 0.147166
v -0.031112 0.140406 0.148302
v -0.032513 0.140406 0.149343
v -0.033789 0.140406 0.150294
v -0.034942 0.140406 0.151152
v -0.035975 0.140406 0.151921
v 0.086866 0.140406 0.080499
v 0.085971 0.140406 0.081018
v 0.084895 0.140406 0.081643
v 0.083763 0.140406 0.082300
v -0.087918 0.140406 0.151879
v -0.088062 0.140406 0.151222
v -0.088241 0.140406 0.150406
v -0.088241 0.140406 0.150406
v -0.088241 0.140406 0.150406
v -0.088227 0.140406 0.150466
v -0.088142 0.140406 0.150856
v -0.021319 0.140406 0.050801
v -0.020232 0.140406 0.050945
v -0.019282 0.140406 0.051072
v -0.018396 0.140406 0.051190
v -0.017490 0.140406 0.051310
v -0.016473 0.140406 0.051445
v -0.015241 0.140406 0.051609
v -0.013678 0.140406 0.051817
v 0.080178 0.140406 0.084381
v 0.033614 0.140406 0.051414
v 0.025145 0.140406 0.052066
v -0.083998 0.140406 0.101487
v -0.083896 0.140406 0.100960
v -0.083937 0.140406 0.101170
v -0.083846 0.140406 0.100700
v -0.083833 0.140406 0.100630
v -0.083867 0.140406 0.100807
v -0.083820 0.140406 0.100563
v -0.083825 0.140406 0.100587
v -0.083814 0.140406 0.100532
v -0.083809 0.140406 0.100507
v -0.083817 0.140406 0.100547
v -0.083788 0.140406 0.100395
v -0.083801 0.140406 0.100464
v -0.083744 0.140406 0.100171
v -0.083723 0.140406 0.100059
v -0.083768 0.140406 0.100292
v -0.036357 0.140406 0.152205
v -0.036357 0.140406 0.152205
v -0.010964 0.140406 0.052077
v -0.005585 0.140406 0.052406
v -0.001478 0.140406 0.052656
v -0.049626 0.140406 0.161316
v -0.051176 0.140406 0.162180
v -0.052047 0.140406 0.162666
v -0.052064 0.140406 0.162675
v -0.052384 0.140406 0.162854
v -0.052748 0.140406 0.163056
v -0.053123 0.140406 0.163265
v -0.053513 0.140406 0.163483
v -0.053921 0.140406 0.163710
v -0.054352 0.140406 0.163950
v -0.054808 0.140406 0.164205
v -0.055293 0.140406 0.164475
v -0.055812 0.140406 0.164764
v -0.056367 0.140406 0.165073
v -0.056962 0.140406 0.165405
v -0.057602 0.140406 0.165761
v -0.058289 0.140406 0.166145
v 0.072428 0.140406 0.088063
v 0.072428 0.140406 0.088063
v 0.016104 0.140406 0.052509
v 0.099193 0.140406 0.053690
v 0.099140 0.140406 0.053263
v 0.099084 0.140406 0.052813
v 0.099024 0.140406 0.052332
v 0.098960 0.140406 0.051814
v -0.083113 0.140406 0.166019
v -0.083323 0.140406 0.165774
v -0.083513 0.140406 0.165552
v -0.083686 0.140406 0.165350
v -0.083843 0.140406 0.165167
v -0.085027 0.140406 0.163782
v -0.085413 0.140406 0.163331
v -0.085413 0.140406 0.163331
v -0.085413 0.140406 0.163330
v 0.063773 0.140406 0.091740
v 0.061894 0.140406 0.092512
v 0.060232 0.140406 0.093195
v 0.058465 0.140406 0.093921
v 0.056978 0.140406 0.094532
v 0.056003 0.140406 0.094933
v 0.055406 0.140406 0.095178
v 0.055060 0.140406 0.095320
v 0.054841 0.140406 0.095410
v 0.054625 0.140406 0.095499
v -0.079778 0.140406 0.169919
v 0.090950 0.140406 0.047370
v -0.061526 0.140406 0.167949
v -0.061526 0.140406 0.167949
v 0.054369 0.140406 0.095604
v 0.054289 0.140406 0.095638
v 0.053723 0.140406 0.095878
v 0.052798 0.140406 0.096271
v 0.051404 0.140406 0.096862
v 0.049442 0.140406 0.097695
v 0.046835 0.140406 0.098802
v -0.070143 0.140406 0.053608
v 0.044372 0.140406 0.099848
v 0.043126 0.140406 0.100423
v 0.040410 0.140406 0.101677
v 0.038333 0.140406 0.102636
v -0.086536 0.140406 0.120110
v -0.086509 0.140406 0.119917
v -0.086478 0.140406 0.119682
v -0.086438 0.140406 0.119393
v -0.086390 0.140406 0.119038
v -0.086381 0.140406 0.118970
v -0.086375 0.140406 0.118922
v -0.086370 0.140406 0.118885
v -0.086365 0.140406 0.118850
v -0.086359 0.140406 0.118808
v -0.086351 0.140406 0.118752
v -0.086341 0.140406 0.118673
v -0.086326 0.140406 0.118563
v -0.086306 0.140406 0.118414
v -0.084071 0.140406 0.101943
v -0.084044 0.140406 0.101743
v 0.093369 0.140406 0.047694
v 0.094298 0.140406 0.048007
v 0.095155 0.140406 0.048297
v 0.096022 0.140406 0.048590
v 0.096984 0.140406 0.048915
v 0.099869 0.140406 0.059114
v 0.099869 0.140406 0.059114
v 0.099869 0.140406 0.059114
v 0.099869 0.140406 0.059114
v 0.099869 0.140406 0.059114
v 0.099869 0.140406 0.059114
v 0.099869 0.140406 0.059114
v 0.099869 0.140406 0.059114
v 0.099869 0.140406 0.059114
v 0.099869 0.140406 0.059114
v 0.099869 0.140406 0.059114
v 0.099869 0.140406 0.059114
v 0.099869 0.140406 0.059114
v 0.099869 0.140406 0.059114
v 0.099869 0.140406 0.059114
v 0.099869 0.140406 0.059114
v 0.099869 0.140406 0.059114
v 0.099705 0.140406 0.060353
v 0.099652 0.140406 0.060757
v 0.099599 0.140406 0.061152
v 0.099547 0.140406 0.061549
v 0.099493 0.140406 0.061953
v 0.099437 0.140406 0.062374
v 0.099378 0.140406 0.062818
v 0.099315 0.140406 0.063295
v 0.099199 0.140406 0.064177
v 0.099107 0.140406 0.064868
v 0.099036 0.140406 0.065405
v -0.025370 0.140406 0.117086
v -0.024598 0.140406 0.116925
v -0.022711 0.140406 0.116529
v -0.021755 0.140406 0.116329
v -0.067374 0.140406 0.053518
v -0.065918 0.140406 0.048864
v -0.065917 0.140406 0.048864
v -0.030049 0.140406 0.119805
v 0.007210 0.140406 0.119731
v 0.088829 0.140406 0.047436
v 0.096062 0.140406 0.051282
v 0.097010 0.140406 0.048925
v 0.099022 0.140406 0.052332
v 0.098958 0.140406 0.051814
v 0.099139 0.140406 0.053263
v 0.099869 0.140406 0.059114
v 0.099869 0.140406 0.059114
v 0.099082 0.140406 0.052813
v 0.099193 0.140406 0.053690
v 0.098959 0.140406 0.051814
v -0.088240 0.140406 0.150406
v -0.085412 0.140406 0.163330
v -0.061526 0.140406 0.167949
v -0.085412 0.140406 0.163330
v -0.085413 0.140406 0.163330
v -0.036358 0.140406 0.152205
v -0.077395 0.140406 0.070999
v -0.080724 0.140406 0.084483
v -0.043870 0.140406 0.081754
v -0.044979 0.140406 0.098293
v -0.061271 0.140406 0.099712
v -0.080724 0.140406 0.084483
v -0.055675 0.140406 0.099225
v -0.034015 0.140406 0.081024
v 0.096428 0.140406 0.071364
v -0.037480 0.140406 0.081280
v -0.040741 0.140406 0.081522
v -0.087901 0.140406 0.130182
v -0.087901 0.140406 0.130182
v -0.087901 0.140406 0.130182
v -0.087900 0.140406 0.130182
v -0.026286 0.140406 0.119130
v -0.014157 0.140406 0.116954
v -0.038431 0.140406 0.119822
v -0.035534 0.140406 0.119215
v -0.007148 0.140406 0.130401
v -0.087901 0.140406 0.130182
v -0.087898 0.140406 0.130181
v -0.055720 0.140406 0.099788
v -0.060904 0.140406 0.100137
v -0.051773 0.140406 0.099523
v -0.084033 0.140406 0.101696
v -0.084037 0.140406 0.101696
v -0.084034 0.140406 0.101696
v -0.040062 0.140406 0.098734
v -0.043453 0.140406 0.098962
v -0.045294 0.140406 0.099086
v -0.059882 0.140406 0.099591
v -0.058345 0.140406 0.099457
v -0.033853 0.140406 0.098315
v -0.046416 0.140406 0.099162
v -0.047491 0.140406 0.099234
v -0.060740 0.140406 0.099666
v -0.061787 0.140406 0.099757
v 0.050566 0.140406 0.095771
v -0.080720 0.140406 0.084483
v -0.080720 0.140406 0.084483
v -0.080723 0.140406 0.084483
v 0.072427 0.140406 0.088063
v -0.051165 0.140406 0.098831
v 0.099022 0.140406 0.052332
v 0.098958 0.140406 0.051814
v 0.099192 0.140406 0.053690
v 0.099139 0.140406 0.053263
v 0.099084 0.140406 0.052813
v 0.099024 0.140406 0.052332
v 0.027170 0.140406 0.052416
v 0.098958 0.140406 0.051814
v 0.099023 0.140406 0.052332
v 0.099024 0.140406 0.052332
v 0.099083 0.140406 0.052813
v 0.099024 0.140406 0.052332
v 0.099083 0.140406 0.052813
v 0.099023 0.140406 0.052332
v 0.099083 0.140406 0.052813
v 0.099083 0.140406 0.052813
v 0.099139 0.140406 0.053263
v 0.099082 0.140406 0.052813
v 0.099083 0.140406 0.052813
v 0.099023 0.140406 0.052332
v 0.099084 0.140406 0.052813
v 0.099140 0.140406 0.053263
v 0.099084 0.140406 0.052813
v 0.030663 0.140406 0.052738
v 0.098958 0.140406 0.051814
v 0.098891 0.140406 0.051355
v 0.098897 0.140406 0.051355
v 0.098895 0.140406 0.051355
v 0.024179 0.140406 0.052140
v 0.098960 0.140406 0.051814
v 0.098960 0.140406 0.051814
v 0.099024 0.140406 0.052332
v 0.099024 0.140406 0.052332
v 0.099023 0.140406 0.052332
v 0.099023 0.140406 0.052332
v 0.099139 0.140406 0.053263
v 0.099192 0.140406 0.053690
v 0.099192 0.140406 0.053690
v 0.099192 0.140406 0.053690
v 0.099139 0.140406 0.053263
v 0.037389 0.140406 0.053358
v 0.024801 0.140406 0.053654
v -0.073912 0.140406 0.060839
v 0.099866 0.140406 0.059114
v -0.069724 0.140406 0.053608
v 0.099861 0.140406 0.059047
v 0.099861 0.140406 0.059051
v 0.099861 0.140406 0.059052
v 0.099860 0.140406 0.059042
v 0.099861 0.140406 0.059047
v 0.099860 0.140406 0.059040
v 0.099775 0.140406 0.058365
v 0.099827 0.140406 0.058782
v 0.099851 0.140406 0.058970
v 0.099853 0.140406 0.058987
v 0.099855 0.140406 0.059003
v 0.099856 0.140406 0.059013
v 0.099858 0.140406 0.059022
v 0.099858 0.140406 0.059029
v 0.099859 0.140406 0.059034
v 0.099860 0.140406 0.059040
v 0.099794 0.140406 0.058517
v 0.099847 0.140406 0.058942
v 0.099813 0.140406 0.058668
v 0.099837 0.140406 0.058858
v 0.099844 0.140406 0.058910
v 0.099731 0.140406 0.058011
v 0.099084 0.140406 0.052813
v 0.099140 0.140406 0.053263
v 0.099139 0.140406 0.053263
v 0.099083 0.140406 0.052813
v 0.099139 0.140406 0.053263
v 0.034059 0.140406 0.053051
v 0.099140 0.140406 0.053263
v 0.099140 0.140406 0.053263
v 0.099193 0.140406 0.053690
v 0.099193 0.140406 0.053690
v 0.099193 0.140406 0.053690
v 0.099193 0.140406 0.053690
v 0.098959 0.140406 0.051814
v 0.098959 0.140406 0.051814
v 0.099775 0.140406 0.058362
v 0.099193 0.140406 0.053690
v 0.099731 0.140406 0.058004
v 0.099813 0.140406 0.058666
v 0.098958 0.140406 0.051814
v 0.099869 0.140406 0.059114
v 0.099869 0.140406 0.059114
v 0.099869 0.140406 0.059114
v 0.099869 0.140406 0.059114
v 0.099869 0.140406 0.059114
v 0.099869 0.140406 0.059114
v 0.099869 0.140406 0.059114
v 0.099869 0.140406 0.059114
v 0.099869 0.140406 0.059114
v 0.099869 0.140406 0.059114
v 0.099869 0.140406 0.059114
v 0.099868 0.140406 0.059114
v 0.099867 0.140406 0.059114
v 0.099867 0.140406 0.059114
v 0.098991 0.140406 0.065725
v 0.098958 0.140406 0.051814
v 0.099803 0.140406 0.058586
v 0.099834 0.140406 0.058835
v 0.099192 0.140406 0.053690
v 0.099807 0.140406 0.058619
v 0.099847 0.140406 0.058936
v 0.099853 0.140406 0.058983
v 0.099807 0.140406 0.058619
v 0.099803 0.140406 0.058586
v 0.099856 0.140406 0.059009
v 0.099837 0.140406 0.058859
v 0.099834 0.140406 0.058834
v 0.099858 0.140406 0.059025
v 0.099847 0.140406 0.058935
v 0.099844 0.140406 0.058910
v 0.099859 0.140406 0.059034
v 0.099851 0.140406 0.058970
v 0.099847 0.140406 0.058942
v 0.099858 0.140406 0.059029
v 0.099837 0.140406 0.058858
v 0.099856 0.140406 0.059013
v 0.099853 0.140406 0.058986
v 0.099858 0.140406 0.059022
v 0.099855 0.140406 0.059002
v 0.099856 0.140406 0.059009
v 0.099853 0.140406 0.058983
v 0.099853 0.140406 0.058987
v 0.099848 0.140406 0.058946
v 0.099848 0.140406 0.058946
v 0.099838 0.140406 0.058867
v 0.099837 0.140406 0.058859
v 0.014135 0.140406 0.053649
v 0.099855 0.140406 0.059114
v 0.099866 0.140406 0.059114
v 0.099862 0.140406 0.059114
v 0.099867 0.140406 0.059114
v 0.040690 0.140406 0.053662
v 0.099869 0.140406 0.059114
v 0.099869 0.140406 0.059114
v 0.099869 0.140406 0.059114
v 0.099869 0.140406 0.059114
v 0.099869 0.140406 0.059114
v 0.099869 0.140406 0.059114
v 0.099869 0.140406 0.059114
v 0.099869 0.140406 0.059114
v 0.099869 0.140406 0.059114
v 0.099869 0.140406 0.059114
v 0.099869 0.140406 0.059114
v 0.099869 0.140406 0.059114
v 0.099869 0.140406 0.059114
v 0.099869 0.140406 0.059114
v 0.099869 0.140406 0.059114
v 0.099869 0.140406 0.059114
v 0.099869 0.140406 0.059114
v 0.099869 0.140406 0.059114
v 0.099869 0.140406 0.059114
v 0.099869 0.140406 0.059114
v 0.099869 0.140406 0.059114
v 0.099869 0.140406 0.059114
v 0.099869 0.140406 0.059114
v 0.099869 0.140406 0.059114
v 0.099869 0.140406 0.059114
v 0.099869 0.140406 0.059114
v 0.099869 0.140406 0.059114
v 0.099869 0.140406 0.059114
v 0.099869 0.140406 0.059114
v 0.099869 0.140406 0.059114
v 0.099869 0.140406 0.059114
v 0.099869 0.140406 0.059114
v 0.099869 0.140406 0.059114
v 0.099869 0.140406 0.059114
v 0.099869 0.140406 0.059114
v 0.099869 0.140406 0.059114
v 0.099869 0.140406 0.059114
v 0.099869 0.140406 0.059114
v 0.099869 0.140406 0.059114
v 0.099869 0.140406 0.059114
v 0.099869 0.140406 0.059114
v 0.099869 0.140406 0.059114
v 0.099869 0.140406 0.059114
v 0.099869 0.140406 0.059114
v 0.099869 0.140406 0.059114
v 0.099869 0.140406 0.059114
v 0.099864 0.140406 0.059114
v 0.006345 0.140406 0.053152
v 0.010219 0.140406 0.053399
v 0.017349 0.140406 0.053112
v 0.021069 0.140406 0.053382
v -0.070133 0.140406 0.053595
v -0.070134 0.140406 0.053595
v -0.070134 0.140406 0.053595
v -0.069020 0.140406 0.053521
v 0.002468 0.140406 0.052905
v 0.013597 0.140406 0.052839
v 0.099865 0.140406 0.059114
v -0.031389 0.140406 0.053106
v 0.072004 0.140406 0.047949
v 0.069947 0.140406 0.047869
v 0.071642 0.140406 0.048896
v 0.096842 0.140406 0.048918
v 0.092909 0.140406 0.047539
v 0.078799 0.140406 0.047742
v 0.077260 0.140406 0.048154
v 0.061779 0.140406 0.048884
v 0.081996 0.140406 0.048339
v 0.082721 0.140406 0.048909
v 0.048356 0.140406 0.050051
v 0.054111 0.140406 0.050199
v 0.046588 0.140406 0.051221
v 0.076494 0.140406 0.050776
v 0.099869 0.140406 0.059114
v 0.099192 0.140406 0.053690
v 0.099451 0.140406 0.055764
v 0.099766 0.140406 0.058286
v 0.099820 0.140406 0.058721
v 0.099839 0.140406 0.058877
v 0.099849 0.140406 0.058950
v 0.099854 0.140406 0.058991
v 0.099857 0.140406 0.059016
v 0.099859 0.140406 0.059031
v 0.099860 0.140406 0.059042
v 0.099861 0.140406 0.059048
v -0.080721 0.140406 0.084483
v -0.080724 0.140406 0.084483
v -0.080723 0.140406 0.084483
v -0.080723 0.140406 0.084483
v -0.080720 0.140406 0.084483
v -0.084036 0.140406 0.101696
v -0.084036 0.140406 0.101696
v -0.031677 0.140406 0.118407
v -0.012712 0.140406 0.116695
v -0.011657 0.140406 0.116506
v -0.010022 0.140406 0.116213
v -0.010822 0.140406 0.116356
v -0.021204 0.140406 0.118218
v -0.009063 0.140406 0.116041
v -0.023407 0.140406 0.116675
v -0.007740 0.140406 0.115803
v -0.003050 0.140406 0.114962
v -0.023989 0.140406 0.116797
v -0.018397 0.140406 0.115626
v 0.033939 0.140406 0.104665
v -0.005825 0.140406 0.115460
v -0.020378 0.140406 0.116041
v -0.061124 0.140406 0.046238
v -0.041874 0.140406 0.046940
v -0.084031 0.140406 0.101695
v -0.084036 0.140406 0.101696
v -0.084035 0.140406 0.101696
v -0.084035 0.140406 0.101696
v -0.084032 0.140406 0.101695
v -0.023576 0.140406 0.050501
v -0.065918 0.140406 0.048864
v -0.033848 0.140406 0.051183
v 0.098959 0.140406 0.051814
v 0.099795 0.140406 0.058518
v 0.099828 0.140406 0.058782
v 0.099140 0.140406 0.053263
v 0.097008 0.140406 0.048925
v 0.063350 0.140406 0.050437
v 0.097011 0.140406 0.048925
v 0.096565 0.140406 0.048924
v -0.018979 0.140406 0.133320
v -0.088240 0.140406 0.150406
v -0.088239 0.140406 0.150406
v -0.070135 0.140406 0.053595
v -0.070127 0.140406 0.053595
v -0.070133 0.140406 0.053595
v -0.020618 0.140406 0.052221
v -0.037855 0.140406 0.051450
v -0.040970 0.140406 0.051657
v -0.067546 0.140406 0.053423
v -0.065857 0.140406 0.053310
vn -0.0000 -1.0000 -0.0000
vn -0.0000 1.0000 -0.0000
vn -0.0001 -1.0000 -0.0000
vn 0.0001 -1.0000 -0.0000
vn -0.0078 -1.0000 -0.0000
vn 0.0009 1.0000 -0.0000
vn -0.0149 -0.9999 -0.0000
vn 0.0015 -1.0000 -0.0000
vn 0.2425 -0.9701 -0.0000
vn 1.0000 -0.0000 -0.0000
vn -0.0624 -0.9981 -0.0000
vn -0.0357 -0.9994 -0.0000
vn -0.0416 -0.9991 -0.0000
vn -1.0000 -0.0000 -0.0000
vn -0.2425 0.9701 -0.0000
vn -0.2425 -0.9701 -0.0000
vn -0.0995 -0.9950 -0.0000
vn -0.1240 0.9923 -0.0000
vn 0.0555 0.9985 -0.0000
vn -0.1240 -0.9923 -0.0000
vn 0.1240 0.9923 -0.0000
vn 0.2425 0.9701 -0.0000
vn 0.3511 -0.9363 -0.0000
vn -0.0830 -0.9965 -0.0000
vn -0.6000 0.8000 -0.0000
vn -0.0543 -0.9985 -0.0000
vn 0.1644 -0.9864 -0.0000
vn -0.6585 -0.7526 -0.0000
vn 0.0499 0.9988 -0.0000
vn -0.3162 0.9487 -0.0000
vn 0.1240 -0.9923 -0.0000
vn -0.0995 0.9950 -0.0000
vn 0.0624 -0.9981 -0.0000
vn -0.0187 -0.9998 -0.0000
vn -0.7071 -0.7071 -0.0000
vn 0.0312 -0.9995 -0.0000
vn 0.0538 -0.9986 -0.0000
vn -0.0172 -0.9999 -0.0000
vn 0.0070 -1.0000 -0.0000
vn -0.0020 -1.0000 -0.0000
vn -0.0312 0.9995 -0.0000
vn -0.0005 -1.0000 -0.0000
vn 0.0006 -1.0000 -0.0000
vn 0.0003 1.0000 -0.0000
vn -0.0001 1.0000 -0.0000
vn 0.0002 1.0000 -0.0000
vn 0.0005 1.0000 -0.0000
vn 0.0001 1.0000 -0.0000
vn -0.1805 -0.0000 0.9836
vn 0.8815 -0.0000 -0.4722
vn 0.8551 -0.0000 0.5185
vn 0.8564 -0.0000 -0.5163
vn 0.7229 -0.0000 0.6910
vn -0.9755 -0.0000 0.2202
vn -0.7126 -0.0000 0.7015
vn -0.9932 -0.0000 -0.1165
vn 0.8794 -0.0000 -0.4762
vn 0.7439 -0.0000 0.6683
vn -0.9891 -0.0000 -0.1469
vn -0.9922 -0.0000 -0.1250
vn 0.8871 -0.0000 0.4615
vn 0.6605 -0.0000 0.7509
vn 0.7601 -0.0000 0.6498
vn -0.9560 -0.0000 0.2934
vn 0.8888 -0.0000 -0.4583
vn 0.8771 -0.0000 -0.4803
vn 0.7688 -0.0000 0.6395
vn 0.5121 -0.0000 -0.8589
vn -0.9825 -0.0000 -0.1861
vn -0.5787 -0.0000 0.8156
vn -0.9990 -0.0000 -0.0442
vn -0.9909 -0.0000 -0.1344
vn 0.9117 -0.0000 0.4109
vn -0.9059 -0.0000 0.4235
vn -0.9895 -0.0000 -0.1444
vn 0.9102 -0.0000 -0.4141
vn 0.4313 -0.0000 0.9022
vn 0.7681 -0.0000 0.6404
vn -0.9796 -0.0000 -0.2011
vn -0.3134 -0.0000 0.9496
vn 0.9306 -0.0000 0.3660
vn 0.0998 -0.0000 0.9950
vn 0.7566 -0.0000 0.6539
vn 0.5410 -0.0000 -0.8410
vn -0.7687 -0.0000 0.6396
vn -0.9879 -0.0000 -0.1552
vn 0.9391 -0.0000 -0.3435
vn 0.9138 -0.0000 -0.4061
vn 0.7350 -0.0000 0.6781
vn -0.9820 -0.0000 -0.1890
vn -0.4244 -0.0000 0.9055
vn -0.9860 -0.0000 -0.1665
vn 0.9559 -0.0000 -0.2935
vn 0.7051 -0.0000 0.7091
vn 0.9675 -0.0000 -0.2529
vn 0.0996 -0.0000 0.9950
vn 0.9893 -0.0000 -0.1459
vn 0.6704 -0.0000 0.7420
vn 0.5671 -0.0000 -0.8236
vn -0.9885 -0.0000 -0.1512
vn -0.9840 -0.0000 -0.1784
vn 0.9997 -0.0000 0.0252
vn 0.6339 -0.0000 0.7734
vn -0.0047 -0.0000 1.0000
vn -0.9816 -0.0000 -0.1908
vn 0.9879 -0.0000 -0.1550
vn 0.5991 -0.0000 0.8007
vn -0.9956 -0.0000 -0.0940
vn -0.1356 -0.0000 0.9908
vn 0.9676 -0.0000 0.2527
vn 0.5505 -0.0000 0.8348
vn 0.5905 -0.0000 -0.8070
vn -0.9790 -0.0000 -0.2038
vn 0.9980 -0.0000 -0.0629
vn 0.1719 -0.0000 0.9851
vn 0.8415 -0.0000 0.5402
vn 0.4815 -0.0000 0.8764
vn -0.9997 -0.0000 -0.0262
vn -0.2822 -0.0000 0.9593
vn -0.9761 -0.0000 -0.2172
vn 0.6577 -0.0000 0.7533
vn 0.4111 -0.0000 0.9116
vn -0.9729 -0.0000 -0.2312
vn 1.0000 -0.0000 -0.0081
vn 0.2132 -0.0000 0.9770
vn 0.5033 -0.0000 0.8641
vn 0.3463 -0.0000 0.9381
vn -0.9991 -0.0000 0.0434
vn 0.9452 -0.0000 0.3265
vn 0.4184 -0.0000 0.9083
vn 0.2966 -0.0000 0.9550
vn 0.6114 -0.0000 -0.7913
vn -0.4289 -0.0000 0.9034
vn -0.9693 -0.0000 -0.2457
vn 0.9998 -0.0000 0.0221
vn 0.4036 -0.0000 0.9150
vn 0.2696 -0.0000 0.9630
vn -0.9650 -0.0000 -0.2622
vn 0.9982 -0.0000 0.0596
vn 0.2231 -0.0000 0.9748
vn 0.4513 -0.0000 0.8924
vn 0.2711 -0.0000 0.9625
vn -0.9941 -0.0000 0.1084
vn 0.1999 -0.0000 0.9798
vn 0.5542 -0.0000 0.8324
vn 0.3030 -0.0000 0.9530
vn 0.6300 -0.0000 -0.7766
vn -0.9600 -0.0000 -0.2799
vn 0.9946 -0.0000 0.1039
vn 0.1407 -0.0000 0.9900
vn 0.6933 -0.0000 0.7206
vn 0.3621 -0.0000 0.9321
vn -0.0950 -0.0000 0.9955
vn -0.9551 -0.0000 -0.2964
vn 0.9878 -0.0000 0.1556
vn 0.0438 -0.0000 0.9990
vn 0.8342 -0.0000 0.5515
vn 0.4401 -0.0000 0.8979
vn -0.9902 -0.0000 0.1396
vn -0.5560 -0.0000 0.8312
vn -0.9969 -0.0000 -0.0785
vn 0.9369 -0.0000 0.3495
vn 0.6466 -0.0000 -0.7628
vn -0.6702 -0.0000 0.7422
vn -0.9501 -0.0000 -0.3119
vn 0.9764 -0.0000 0.2159
vn 0.9879 -0.0000 0.1551
vn 0.5259 -0.0000 0.8506
vn -0.9883 -0.0000 0.1524
vn -0.7679 -0.0000 0.6406
vn -0.9810 -0.0000 -0.1939
vn -0.9453 -0.0000 -0.3263
vn 0.6081 -0.0000 0.7939
vn -0.9845 -0.0000 0.1753
vn -0.8411 -0.0000 0.5409
vn -0.9405 -0.0000 -0.3397
vn 0.9981 -0.0000 0.0610
vn 0.6735 -0.0000 0.7392
vn -0.8888 -0.0000 0.4583
vn 0.9583 -0.0000 0.2857
vn 0.9989 -0.0000 0.0479
vn 0.7346 -0.0000 0.6785
vn 0.6576 -0.0000 -0.7534
vn -0.9782 -0.0000 0.2076
vn -0.9360 -0.0000 -0.3520
vn 0.9564 -0.0000 0.2921
vn 0.9990 -0.0000 0.0454
vn 0.7946 -0.0000 0.6071
vn -0.9152 -0.0000 0.4031
vn -0.9850 -0.0000 -0.1725
vn 0.8459 -0.0000 0.5333
vn 0.6679 -0.0000 -0.7443
vn -0.9682 -0.0000 0.2500
vn -0.9249 -0.0000 0.3802
vn -0.9316 -0.0000 -0.3634
vn 0.9985 -0.0000 0.0547
vn 0.8816 -0.0000 0.4719
vn -0.9206 -0.0000 0.3905
vn -0.9276 -0.0000 -0.3736
vn 0.8896 -0.0000 0.4568
vn 0.9970 -0.0000 0.0773
vn 0.8989 -0.0000 0.4381
vn -0.9528 -0.0000 0.3037
vn -0.9016 -0.0000 0.4325
vn 0.9934 -0.0000 0.1147
vn 0.8969 -0.0000 0.4422
vn 0.6840 -0.0000 -0.7295
vn -0.9910 -0.0000 -0.1338
vn -0.9241 -0.0000 -0.3821
vn 0.8306 -0.0000 0.5568
vn 0.9646 -0.0000 0.2636
vn 0.8762 -0.0000 0.4820
vn -0.9287 -0.0000 0.3709
vn -0.8651 -0.0000 0.5016
vn 0.9858 -0.0000 0.1679
vn 0.8377 -0.0000 0.5461
vn 0.7055 -0.0000 -0.7087
vn -0.8073 -0.0000 0.5901
vn -0.9215 -0.0000 -0.3885
vn 0.7495 -0.0000 0.6620
vn 0.9714 -0.0000 0.2374
vn 0.7852 -0.0000 0.6193
vn -0.8911 -0.0000 0.4539
vn -0.9936 -0.0000 -0.1130
vn -0.9208 -0.0000 -0.3901
vn 0.9467 -0.0000 0.3220
vn -0.9972 -0.0000 -0.0752
vn -0.9457 -0.0000 -0.3251
vn 0.6438 -0.0000 0.7652
vn 0.0306 -0.0000 0.9995
vn 0.7259 -0.0000 0.6878
vn -0.8325 -0.0000 0.5540
vn -0.0755 -0.0000 0.9971
vn 0.9084 -0.0000 0.4181
vn 0.6669 -0.0000 0.7452
vn 0.7313 -0.0000 -0.6820
vn -0.7425 -0.0000 0.6699
vn 0.1157 -0.0000 0.9933
vn 0.8543 -0.0000 0.5199
vn 0.5634 -0.0000 0.8262
vn 0.7600 -0.0000 -0.6499
vn -0.7275 -0.0000 0.6861
vn 0.5795 -0.0000 0.8150
vn 0.7853 -0.0000 0.6191
vn 0.4067 -0.0000 0.9136
vn 0.7900 -0.0000 -0.6132
vn -0.1938 -0.0000 0.9810
vn -1.0000 -0.0000 0.0040
vn -0.9757 -0.0000 -0.2191
vn 0.5611 -0.0000 0.8278
vn 0.2702 -0.0000 0.9628
vn 0.5339 -0.0000 0.8455
vn 0.9770 -0.0000 0.2132
vn 0.6454 -0.0000 0.7639
vn 0.1729 -0.0000 0.9849
vn 0.8195 -0.0000 -0.5731
vn 0.4989 -0.0000 0.8667
vn 0.1775 -0.0000 0.9841
vn 0.1233 -0.0000 0.9924
vn 0.8472 -0.0000 -0.5312
vn -0.6097 -0.0000 0.7926
vn -0.3200 -0.0000 0.9474
vn -0.9903 -0.0000 -0.1387
vn 0.1221 -0.0000 0.9925
vn 0.4557 -0.0000 0.8901
vn 0.2141 -0.0000 0.9768
vn 0.1717 -0.0000 0.9852
vn 0.8723 -0.0000 -0.4890
vn -0.5799 -0.0000 0.8147
vn 0.4030 -0.0000 0.9152
vn 0.4080 -0.0000 0.9130
vn 0.2728 -0.0000 0.9621
vn 0.8941 -0.0000 -0.4479
vn -0.4295 -0.0000 0.9031
vn -0.9968 -0.0000 -0.0802
vn 0.2241 -0.0000 0.9746
vn 0.0656 -0.0000 -0.9978
vn 0.4195 -0.0000 0.9077
vn -0.4435 -0.0000 0.8963
vn 0.3380 -0.0000 0.9411
vn 0.1755 -0.0000 0.9845
vn 0.5905 -0.0000 0.8071
vn 0.9126 -0.0000 -0.4089
vn -0.1121 -0.0000 0.9937
vn 0.2584 -0.0000 0.9660
vn 0.2039 -0.0000 0.9790
vn 0.7477 -0.0000 0.6640
vn 0.9563 -0.0000 -0.2924
vn -0.2466 -0.0000 0.9691
vn -0.3464 -0.0000 0.9381
vn 0.1870 -0.0000 0.9824
vn 0.8633 -0.0000 0.5046
vn 0.9958 -0.0000 -0.0914
vn -0.1144 -0.0000 0.9934
vn 0.1610 -0.0000 0.9870
vn 0.1455 -0.0000 0.9894
vn 0.8932 -0.0000 0.4497
vn 0.9957 -0.0000 0.0930
vn -0.0935 -0.0000 0.9956
vn -0.5498 -0.0000 0.8353
vn -0.9992 -0.0000 -0.0395
vn 0.0440 -0.0000 0.9990
vn 0.3690 -0.0000 0.9294
vn 0.8664 -0.0000 0.4994
vn -0.1261 -0.0000 0.9920
vn -0.0709 -0.0000 0.9975
vn 0.0394 -0.0000 0.9992
vn 0.0263 -0.0000 0.9997
vn 0.8276 -0.0000 0.5613
vn 0.9693 -0.0000 0.2457
vn -0.6292 -0.0000 0.7772
vn -0.9901 -0.0000 -0.1403
vn 0.5791 -0.0000 0.8153
vn 0.9314 -0.0000 0.3640
vn -0.6786 -0.0000 0.7346
vn 0.7510 -0.0000 0.6603
vn 0.7719 -0.0000 0.6358
vn 0.8919 -0.0000 0.4521
vn -0.7006 -0.0000 0.7135
vn -0.9948 -0.0000 0.1014
vn 0.6943 -0.0000 0.7197
vn 0.8565 -0.0000 0.5161
vn 0.9911 -0.0000 0.1332
vn 0.8764 -0.0000 0.4817
vn 0.5952 -0.0000 0.8035
vn 0.8279 -0.0000 0.5609
vn -0.6987 -0.0000 0.7155
vn -0.9999 -0.0000 -0.0135
vn 0.9508 -0.0000 0.3097
vn 0.4871 -0.0000 0.8733
vn -0.6760 -0.0000 0.7369
vn 0.9847 -0.0000 0.1744
vn 0.3964 -0.0000 0.9181
vn 0.8078 -0.0000 0.5895
vn -0.6351 -0.0000 0.7724
vn -0.9713 -0.0000 0.2377
vn 0.3505 -0.0000 0.9366
vn 0.7977 -0.0000 0.6031
vn -0.5790 -0.0000 0.8153
vn -0.9117 -0.0000 0.4109
vn 0.3649 -0.0000 0.9311
vn 0.8002 -0.0000 0.5998
vn 0.9986 -0.0000 0.0530
vn 0.9963 -0.0000 0.0864
vn 0.4349 -0.0000 0.9005
vn 0.8202 -0.0000 0.5721
vn -0.5119 -0.0000 0.8590
vn -0.8225 -0.0000 0.5688
vn 0.5385 -0.0000 0.8426
vn 0.8205 -0.0000 0.5716
vn -0.4160 -0.0000 0.9094
vn 0.9990 -0.0000 0.0457
vn 0.5601 -0.0000 0.8284
vn 0.7810 -0.0000 0.6245
vn -0.0089 -0.0000 -1.0000
vn -0.7255 -0.0000 0.6882
vn -1.0000 -0.0000 0.0003
vn 0.4920 -0.0000 0.8706
vn 0.0484 -0.0000 -0.9988
vn -0.6463 -0.0000 0.7631
vn -0.0634 -0.0000 -0.9980
vn 0.0249 -0.0000 0.9997
vn 0.4278 -0.0000 0.9039
vn 0.7399 -0.0000 0.6727
vn -0.0963 -0.0000 0.9954
vn 0.9987 -0.0000 0.0502
vn 0.3742 -0.0000 0.9273
vn 0.6980 -0.0000 0.7161
vn 0.0994 -0.0000 -0.9950
vn -0.6002 -0.0000 0.7999
vn -0.9864 -0.0000 -0.1645
vn -0.1149 -0.0000 -0.9934
vn 0.1134 -0.0000 0.9935
vn 0.6566 -0.0000 0.7543
vn -0.2383 -0.0000 0.9712
vn -0.5918 -0.0000 0.8061
vn 0.3385 -0.0000 0.9410
vn 0.6165 -0.0000 0.7873
vn 0.1398 -0.0000 -0.9902
vn -0.6197 -0.0000 0.7849
vn -1.0000 -0.0000 0.0033
vn -0.1632 -0.0000 -0.9866
vn 0.1639 -0.0000 0.9865
vn 0.3285 -0.0000 0.9445
vn -0.2812 -0.0000 0.9597
vn 0.9949 -0.0000 0.1010
vn 0.3517 -0.0000 0.9361
vn 0.5789 -0.0000 0.8154
vn 0.1758 -0.0000 -0.9844
vn -0.6768 -0.0000 0.7361
vn 0.1753 -0.0000 0.9845
vn 0.4143 -0.0000 0.9101
vn 0.5447 -0.0000 0.8386
vn 0.2079 -0.0000 -0.9781
vn -0.4203 -0.0000 0.9074
vn -0.7527 -0.0000 0.6584
vn -0.2081 -0.0000 -0.9781
vn 0.5175 -0.0000 0.8557
vn 0.5151 -0.0000 0.8572
vn 0.1483 -0.0000 0.9889
vn 0.9796 -0.0000 0.2011
vn 0.6485 -0.0000 0.7612
vn 0.4915 -0.0000 0.8709
vn 0.2365 -0.0000 -0.9716
vn -0.1423 -0.0000 0.9898
vn -0.2498 -0.0000 -0.9683
vn 0.7798 -0.0000 0.6260
vn 0.4758 -0.0000 0.8796
vn 0.9997 -0.0000 -0.0240
vn 0.9367 -0.0000 0.3502
vn 0.8823 -0.0000 0.4708
vn 0.4708 -0.0000 0.8822
vn 0.2617 -0.0000 -0.9651
vn -0.0158 -0.0000 0.9999
vn -0.9021 -0.0000 0.4316
vn -0.9829 -0.0000 -0.1840
vn 0.0835 -0.0000 0.9965
vn 0.4336 -0.0000 0.9011
vn 0.2839 -0.0000 -0.9589
vn -0.6056 -0.0000 0.7958
vn -0.2881 -0.0000 -0.9576
vn 0.8461 -0.0000 0.5330
vn 0.9278 -0.0000 0.3730
vn 0.3417 -0.0000 0.9398
vn -0.9435 -0.0000 0.3315
vn 0.9955 -0.0000 -0.0946
vn 0.9441 -0.0000 0.3297
vn 0.2489 -0.0000 0.9685
vn 0.3030 -0.0000 -0.9530
vn -0.7373 -0.0000 0.6756
vn -0.3232 -0.0000 -0.9463
vn 0.7015 -0.0000 0.7127
vn 0.9562 -0.0000 0.2926
vn 0.1786 -0.0000 0.9839
vn -0.8252 -0.0000 0.5649
vn -0.9631 -0.0000 0.2690
vn 0.9643 -0.0000 0.2647
vn 0.1469 -0.0000 0.9891
vn 0.3188 -0.0000 -0.9478
vn 0.9876 -0.0000 -0.1567
vn 0.5666 -0.0000 0.8240
vn 0.9684 -0.0000 0.2492
vn 0.1537 -0.0000 0.9881
vn 0.3305 -0.0000 -0.9438
vn -0.8828 -0.0000 0.4698
vn -0.9804 -0.0000 -0.1970
vn 0.4473 -0.0000 0.8944
vn 0.1877 -0.0000 0.9822
vn 0.3359 -0.0000 -0.9419
vn -1.0000 -0.0000 -0.0034
vn -0.3552 -0.0000 -0.9348
vn 0.9779 -0.0000 -0.2090
vn 0.3171 -0.0000 0.9484
vn 0.9680 -0.0000 -0.2510
vn 0.1971 -0.0000 0.9804
vn 0.9680 -0.0000 0.2509
vn 0.2347 -0.0000 0.9721
vn 0.3272 -0.0000 -0.9450
vn -0.9209 -0.0000 0.3899
vn 0.1077 -0.0000 0.9942
vn 0.9612 -0.0000 0.2757
vn 0.2844 -0.0000 0.9587
vn 0.3301 -0.0000 -0.9440
vn 0.9591 -0.0000 -0.2831
vn 0.0595 -0.0000 0.9982
vn 0.0723 -0.0000 0.9974
vn 0.3308 -0.0000 0.9437
vn 0.3700 -0.0000 -0.9290
vn -0.9464 -0.0000 0.3230
vn -0.3737 -0.0000 0.9276
vn -0.3840 -0.0000 -0.9233
vn 0.0535 -0.0000 0.9986
vn 0.3714 -0.0000 0.9285
vn 0.9521 -0.0000 -0.3059
vn 0.0845 -0.0000 0.9964
vn 0.5130 -0.0000 0.8584
vn 0.4060 -0.0000 0.9139
vn 0.4089 -0.0000 -0.9126
vn -0.9639 -0.0000 0.2663
vn -0.6251 -0.0000 0.7805
vn 0.1442 -0.0000 0.9895
vn 0.3993 -0.0000 0.9168
vn 0.4459 -0.0000 -0.8951
vn -0.4097 -0.0000 -0.9122
vn 0.9473 -0.0000 -0.3202
vn 0.2224 -0.0000 0.9750
vn 0.7536 -0.0000 0.6574
vn 0.3575 -0.0000 0.9339
vn -0.9761 -0.0000 0.2171
vn -0.9750 -0.0000 0.2220
vn -0.7388 -0.0000 0.6739
vn 0.3189 -0.0000 0.9478
vn 0.4804 -0.0000 -0.8771
vn -0.9998 -0.0000 -0.0193
vn -0.1998 -0.0000 0.9798
vn 0.9450 -0.0000 -0.3270
vn 0.3082 -0.0000 0.9513
vn 0.9367 -0.0000 0.3503
vn -0.9849 -0.0000 0.1732
vn -0.1398 -0.0000 0.9902
vn 0.3926 -0.0000 0.9197
vn 0.9432 -0.0000 0.3323
vn 0.2871 -0.0000 0.9579
vn 0.9381 -0.0000 -0.3464
vn 0.4929 -0.0000 0.8701
vn 0.9997 -0.0000 -0.0257
vn 0.2663 -0.0000 0.9639
vn -0.9912 -0.0000 0.1324
vn -0.9819 -0.0000 0.1895
vn -0.7855 -0.0000 0.6188
vn -0.1467 -0.0000 0.9892
vn 0.2609 -0.0000 0.9654
vn -0.1603 -0.0000 0.9871
vn 0.9229 -0.0000 -0.3850
vn 0.6010 -0.0000 0.7992
vn 0.9531 -0.0000 -0.3027
vn 0.2755 -0.0000 0.9613
vn -0.9958 -0.0000 0.0918
vn -0.7952 -0.0000 0.6063
vn -0.1820 -0.0000 0.9833
vn 0.6893 -0.0000 0.7245
vn 0.3135 -0.0000 0.9496
vn -0.9992 -0.0000 0.0394
vn -0.9852 -0.0000 0.1711
vn -0.1512 -0.0000 0.9885
vn 0.9026 -0.0000 0.4306
vn 0.3754 -0.0000 0.9269
vn -0.1590 -0.0000 0.9873
vn 0.9068 -0.0000 -0.4215
vn 0.7591 -0.0000 0.6510
vn 0.8932 -0.0000 -0.4497
vn 0.4583 -0.0000 0.8888
vn -0.9997 -0.0000 -0.0260
vn -0.9858 -0.0000 0.1678
vn -0.1823 -0.0000 0.9832
vn 0.8600 -0.0000 -0.5104
vn 0.5525 -0.0000 0.8335
vn -0.7740 -0.0000 0.6331
vn -0.1827 -0.0000 0.9832
vn 0.8920 -0.0000 -0.4520
vn 0.8134 -0.0000 0.5817
vn 0.6459 -0.0000 0.7634
vn -0.9959 -0.0000 -0.0907
vn -0.9833 -0.0000 0.1822
vn 0.8176 -0.0000 0.5758
vn 0.6990 -0.0000 0.7151
vn -0.8963 -0.0000 0.4435
vn -0.3879 -0.0000 -0.9217
vn 0.1694 -0.0000 0.9855
vn 0.8776 -0.0000 0.4793
vn -0.1678 -0.0000 -0.9858
vn 0.4832 -0.0000 -0.8755
vn -0.0491 -0.0000 -0.9988
vn 0.1664 -0.0000 -0.9861
vn -0.4688 -0.0000 0.8833
vn -0.0917 -0.0000 0.9958
vn 0.0391 -0.0000 -0.9992
vn 0.4645 -0.0000 0.8856
vn 0.0359 -0.0000 0.9994
vn 0.3568 -0.0000 -0.9342
vn -0.5909 -0.0000 0.8067
vn -0.7020 -0.0000 -0.7121
vn 0.1284 -0.0000 -0.9917
vn 0.0129 -0.0000 -0.9999
vn 0.6593 -0.0000 0.7519
vn 0.9686 -0.0000 0.2485
vn -0.0162 -0.0000 -0.9999
vn -0.4594 -0.0000 0.8882
vn 0.7333 -0.0000 0.6799
vn -0.2933 -0.0000 -0.9560
vn 0.9436 -0.0000 -0.3312
vn -0.1227 -0.0000 -0.9924
vn 0.5723 -0.0000 0.8200
vn 0.2730 -0.0000 -0.9620
vn 0.1565 -0.0000 0.9877
vn -0.2618 -0.0000 0.9651
vn 0.0957 -0.0000 -0.9954
vn 0.1650 -0.0000 0.9863
vn 0.0083 -0.0000 1.0000
vn -0.9993 -0.0000 0.0382
vn -0.0465 -0.0000 0.9989
vn -0.5198 -0.0000 -0.8543
vn 0.8027 -0.0000 0.5964
vn -0.2228 -0.0000 -0.9749
vn 0.1205 -0.0000 0.9927
vn 0.6841 -0.0000 -0.7294
vn -0.0839 -0.0000 -0.9965
vn -0.2259 -0.0000 0.9742
vn 0.2128 -0.0000 -0.9771
vn -0.2643 -0.0000 0.9644
vn 0.0665 -0.0000 -0.9978
vn 0.1251 -0.0000 0.9921
vn 0.3277 -0.0000 0.9448
vn -0.9084 -0.0000 -0.4181
vn -0.0920 -0.0000 0.9958
vn -0.0411 -0.0000 -0.9992
vn 0.0966 -0.0000 0.9953
vn -0.8791 -0.0000 -0.4767
vn -0.2759 -0.0000 -0.9612
vn -0.6267 -0.0000 -0.7793
vn 0.1659 -0.0000 -0.9861
vn 0.4023 -0.0000 0.9155
vn -0.4606 -0.0000 -0.8876
vn -0.6782 -0.0000 0.7349
vn 0.6415 -0.0000 0.7671
vn 0.9989 -0.0000 -0.0470
vn -0.0990 -0.0000 -0.9951
vn 0.2731 -0.0000 0.9620
vn -0.1846 -0.0000 0.9828
vn 0.0882 -0.0000 -0.9961
vn 0.7320 -0.0000 0.6813
vn -0.0915 -0.0000 -0.9958
vn 0.1446 -0.0000 0.9895
vn -0.7678 -0.0000 -0.6407
vn -0.0394 -0.0000 -0.9992
vn 0.4507 -0.0000 0.8927
vn 0.2308 -0.0000 -0.9730
vn -0.8946 -0.0000 0.4468
vn -0.1175 -0.0000 -0.9931
vn 0.0406 -0.0000 -0.9992
vn -0.0958 -0.0000 -0.9954
vn 0.3149 -0.0000 0.9491
vn -0.5730 -0.0000 -0.8196
vn 0.3503 -0.0000 -0.9367
vn -0.3056 -0.0000 0.9522
vn 0.5047 -0.0000 0.8633
vn 0.8403 -0.0000 0.5422
vn 0.1893 -0.0000 0.9819
vn 0.0433 -0.0000 0.9991
vn -0.3851 -0.0000 -0.9229
vn -0.9961 -0.0000 -0.0878
vn -0.1210 -0.0000 -0.9926
vn -0.6882 -0.0000 -0.7255
vn 0.8135 -0.0000 -0.5816
vn -0.0183 -0.0000 0.9998
vn 0.3576 -0.0000 0.9339
vn -0.5200 -0.0000 -0.8541
vn 0.3587 -0.0000 -0.9334
vn -0.4680 -0.0000 0.8837
vn 0.5671 -0.0000 0.8237
vn 0.9508 -0.0000 0.3098
vn 0.2320 -0.0000 0.9727
vn -0.1515 -0.0000 -0.9885
vn 0.4600 -0.0000 -0.8879
vn -0.1392 -0.0000 -0.9903
vn -0.3741 -0.0000 0.9274
vn 0.1633 -0.0000 -0.9866
vn -0.2241 -0.0000 -0.9746
vn -0.1336 -0.0000 0.9910
vn -0.1924 -0.0000 -0.9813
vn -0.1639 -0.0000 0.9865
vn -0.0940 -0.0000 -0.9956
vn 0.3528 -0.0000 -0.9357
vn 0.0753 -0.0000 -0.9972
vn -0.2471 -0.0000 0.9690
vn 0.5816 -0.0000 -0.8135
vn -0.0102 -0.0000 -0.9999
vn -0.2206 -0.0000 0.9754
vn -0.1688 -0.0000 -0.9857
vn 0.0321 -0.0000 0.9995
vn 0.2551 -0.0000 -0.9669
vn -0.3237 -0.0000 -0.9462
vn -0.7355 -0.0000 0.6775
vn -0.1858 -0.0000 0.9826
vn -0.2666 -0.0000 -0.9638
vn 0.2496 -0.0000 0.9683
vn -0.1373 -0.0000 0.9905
vn -0.4636 -0.0000 0.8860
vn 0.9246 -0.0000 -0.3810
vn -0.7096 -0.0000 -0.7046
vn -0.5324 -0.0000 0.8465
vn 0.7944 -0.0000 -0.6074
vn -0.2690 -0.0000 0.9631
vn 0.6323 -0.0000 -0.7747
vn -0.9096 -0.0000 -0.4154
vn 0.0312 -0.0000 -0.9995
vn 0.9945 -0.0000 -0.1052
vn 0.1912 -0.0000 0.9815
vn -0.1415 -0.0000 -0.9899
vn -0.5032 -0.0000 0.8642
vn -0.6677 -0.0000 -0.7444
vn -0.5814 -0.0000 0.8136
vn 0.0554 -0.0000 0.9985
vn 0.6293 -0.0000 -0.7771
vn -0.9553 -0.0000 0.2957
vn 0.3747 -0.0000 -0.9271
vn -0.3445 -0.0000 0.9388
vn 0.7075 -0.0000 -0.7067
vn -0.8348 -0.0000 -0.5506
vn 0.4129 -0.0000 0.9108
vn 0.7370 -0.0000 -0.6759
vn -0.0218 -0.0000 0.9998
vn -0.9997 -0.0000 0.0250
vn -0.5278 -0.0000 0.8493
vn 0.9975 -0.0000 -0.0709
vn -0.6472 -0.0000 -0.7623
vn -0.7107 -0.0000 0.7034
vn -0.1037 -0.0000 0.9946
vn 0.2672 -0.0000 -0.9636
vn -0.4103 -0.0000 0.9120
vn 0.8130 -0.0000 -0.5823
vn -0.7661 -0.0000 -0.6427
vn 0.1116 -0.0000 0.9938
vn -0.5377 -0.0000 0.8431
vn 0.9590 -0.0000 0.2834
vn 0.6092 -0.0000 -0.7930
vn 0.5991 -0.0000 -0.8007
vn -0.9747 -0.0000 -0.2234
vn 0.9529 -0.0000 -0.3034
vn -0.4312 -0.0000 -0.9023
vn -0.8464 -0.0000 0.5325
vn -0.1874 -0.0000 0.9823
vn -0.9390 -0.0000 -0.3439
vn -0.9993 -0.0000 -0.0376
vn -0.9998 -0.0000 -0.0179
vn 0.6357 -0.0000 -0.7719
vn -0.3847 -0.0000 0.9230
vn -0.9866 -0.0000 -0.1634
vn -0.9379 -0.0000 0.3469
vn 0.6217 -0.0000 0.7832
vn 0.4895 -0.0000 0.8720
vn -0.9982 -0.0000 -0.0596
vn 0.8675 -0.0000 -0.4975
vn -0.6722 -0.0000 -0.7403
vn 0.7351 -0.0000 0.6780
vn 0.3517 -0.0000 -0.9361
vn -0.9796 -0.0000 0.2008
vn -0.9088 -0.0000 -0.4172
vn 0.7108 -0.0000 0.7034
vn -0.9993 -0.0000 -0.0374
vn 0.5790 -0.0000 -0.8153
vn -0.6130 -0.0000 0.7901
vn -0.9753 -0.0000 -0.2209
vn 0.7357 -0.0000 0.6773
vn -0.9981 -0.0000 -0.0612
vn 0.7735 -0.0000 -0.6338
vn -0.4742 -0.0000 -0.8804
vn -0.7454 -0.0000 0.6666
vn 0.7240 -0.0000 0.6898
vn 0.1676 -0.0000 -0.9859
vn -0.9961 -0.0000 0.0877
vn 0.9808 -0.0000 0.1952
vn -0.8634 -0.0000 -0.5045
vn 0.6046 -0.0000 0.7965
vn -0.1750 -0.0000 -0.9846
vn 0.5209 -0.0000 -0.8536
vn -0.9600 -0.0000 -0.2798
vn -1.0000 -0.0000 0.0097
vn -0.9989 -0.0000 -0.0463
vn 0.6982 -0.0000 -0.7159
vn 0.2939 -0.0000 0.9558
vn 0.7306 -0.0000 0.6828
vn -0.9946 -0.0000 -0.1038
vn -0.8596 -0.0000 0.5110
vn 0.6915 -0.0000 0.7223
vn 0.9692 -0.0000 -0.2464
vn -0.7914 -0.0000 -0.6113
vn 0.6720 -0.0000 0.7405
vn -0.0132 -0.0000 0.9999
vn 0.4516 -0.0000 -0.8922
vn -0.4622 -0.0000 -0.8868
vn -0.5266 -0.0000 -0.8501
vn -0.9104 -0.0000 -0.4138
vn -0.5774 -0.0000 -0.8165
vn 0.9999 -0.0000 0.0168
vn 0.9998 -0.0000 0.0175
vn 0.9999 -0.0000 0.0165
vn -0.7648 -0.0000 -0.6443
vn -0.5993 -0.0000 -0.8005
vn -0.6158 -0.0000 -0.7879
vn -0.5970 -0.0000 -0.8022
vn -0.5020 -0.0000 -0.8649
vn 0.9769 -0.0000 -0.2137
vn -0.4292 -0.0000 -0.9032
vn -0.5661 -0.0000 -0.8244
vn -0.4868 -0.0000 -0.8735
vn -0.3910 -0.0000 -0.9204
vn -0.3800 -0.0000 -0.9250
vn 0.1490 -0.0000 -0.9888
vn -0.2992 -0.0000 -0.9542
vn -0.3908 -0.0000 -0.9205
vn -0.4192 -0.0000 -0.9079
vn -0.9913 -0.0000 -0.1313
vn -0.0000 -0.0000 -1.0000
vn 0.8473 -0.0000 -0.5312
vn 0.8293 -0.0000 0.5587
vn 0.4688 -0.0000 0.8833
vn -0.6773 -0.0000 -0.7357
vn -0.6153 -0.0000 -0.7883
vn 0.9053 -0.0000 0.4248
vn 0.3671 -0.0000 0.9302
vn -0.1872 -0.0000 -0.9823
vn 0.1447 -0.0000 -0.9895
vn 0.9581 -0.0000 0.2864
vn 0.0433 -0.0000 -0.9991
vn 0.2670 -0.0000 0.9637
vn -0.0700 -0.0000 -0.9975
vn -0.6708 -0.0000 -0.7416
vn 0.9903 -0.0000 0.1392
vn 0.2802 -0.0000 0.9600
vn -0.6408 -0.0000 -0.7677
vn 0.9996 -0.0000 -0.0284
vn 0.4453 -0.0000 0.8954
vn -0.6962 -0.0000 -0.7178
vn 0.5976 -0.0000 0.8018
vn -0.6010 -0.0000 -0.7992
vn -0.5490 -0.0000 -0.8358
vn -0.6229 -0.0000 -0.7823
vn 0.9708 -0.0000 -0.2399
vn 0.7271 -0.0000 0.6865
vn -0.4822 -0.0000 -0.8761
vn -0.6428 -0.0000 -0.7660
vn -0.7281 -0.0000 -0.6855
vn 0.9373 -0.0000 0.3484
vn -0.9998 -0.0000 0.0220
vn -0.5300 -0.0000 0.8480
vn 0.5298 -0.0000 -0.8481
vn 0.9998 -0.0000 -0.0220
vn -0.9373 -0.0000 -0.3484
vn 0.7282 -0.0000 0.6853
vn -0.9868 -0.0000 0.1621
vn 0.9000 -0.0000 -0.4358
vn 0.9936 -0.0000 0.1130
vn -0.9868 -0.0000 -0.1621
vn -0.9373 -0.0000 0.3484
vn 0.9764 -0.0000 -0.2159
vn -0.5298 -0.0000 -0.8481
vn 0.9609 -0.0000 0.2768
vn -0.9998 -0.0000 -0.0220
vn -0.7282 -0.0000 0.6853
vn 0.2019 -0.0000 -0.9794
vn 0.9978 -0.0000 -0.0668
vn -0.9000 -0.0000 -0.4358
vn -0.9936 -0.0000 0.1130
vn -0.2019 -0.0000 -0.9794
vn 0.8378 -0.0000 -0.5460
vn 0.9978 -0.0000 0.0668
vn -0.9764 -0.0000 -0.2159
vn -0.9609 -0.0000 0.2768
vn 0.9609 -0.0000 -0.2768
vn 0.2015 -0.0000 0.9795
vn -0.9978 -0.0000 -0.0667
vn -0.8377 -0.0000 0.5461
vn 0.9936 -0.0000 -0.1130
vn -0.8378 -0.0000 -0.5460
vn 0.9000 -0.0000 0.4358
vn -0.9978 -0.0000 0.0667
vn -0.2015 -0.0000 0.9795
vn 0.7281 -0.0000 -0.6855
vn 0.9998 -0.0000 0.0220
vn -0.9609 -0.0000 -0.2768
vn 0.5300 -0.0000 0.8480
vn -0.9764 -0.0000 0.2159
vn 0.9373 -0.0000 -0.3484
vn 0.9868 -0.0000 0.1621
vn -0.9000 -0.0000 0.4358
vn 0.9868 -0.0000 -0.1621
vn 0.0975 -0.0000 0.9952
vn 0.9460 -0.0000 0.3243
vn 0.7466 -0.0000 0.6653
vn 0.9709 -0.0000 0.2396
vn 0.1033 -0.0000 0.9947
vn 0.9999 -0.0000 0.0167
vn 0.9999 -0.0000 0.0169
vn 0.9999 -0.0000 0.0164
vn -0.7898 -0.0000 0.6134
vn 0.0959 -0.0000 0.9954
vn 0.1655 -0.0000 0.9862
vn -0.0579 -0.0000 0.9983
vn -0.1318 -0.0000 0.9913
vn 0.0767 -0.0000 0.9971
vn -0.1683 -0.0000 0.9857
vn 0.9820 -0.0000 0.1889
vn 0.4804 -0.0000 0.8770
vn -0.0609 -0.0000 0.9981
vn 0.0456 -0.0000 0.9990
vn -0.9923 -0.0000 0.1236
vn -0.2005 -0.0000 0.9797
vn 0.0218 -0.0000 0.9998
vn 0.0008 -0.0000 1.0000
vn -0.0854 -0.0000 0.9963
vn 0.0740 -0.0000 0.9973
vn 0.8866 -0.0000 0.4626
vn 0.9909 -0.0000 0.1344
vn -0.3202 -0.0000 0.9473
vn -0.8261 -0.0000 -0.5635
vn -0.8136 -0.0000 -0.5814
vn -0.7874 -0.0000 -0.6165
vn -0.7439 -0.0000 -0.6683
vn -0.6770 -0.0000 -0.7360
vn -0.5775 -0.0000 -0.8164
vn -0.4360 -0.0000 -0.8999
vn -0.9350 -0.0000 -0.3545
vn -0.9932 -0.0000 0.1168
vn -0.8781 -0.0000 0.4784
vn -0.7227 -0.0000 0.6912
vn -0.5203 -0.0000 0.8540
vn -0.5143 -0.0000 0.8576
vn -0.3956 -0.0000 0.9184
vn -0.2968 -0.0000 0.9549
vn -0.1673 -0.0000 0.9859
vn -0.4234 -0.0000 0.9060
vn -0.9900 -0.0000 0.1408
vn -0.9537 -0.0000 -0.3006
vn -0.8101 -0.0000 -0.5863
vn -0.6448 -0.0000 -0.7644
vn -0.5059 -0.0000 -0.8626
vn -0.4010 -0.0000 -0.9161
vn 0.8589 -0.0000 -0.5122
vn 0.4876 -0.0000 -0.8731
vn 0.1575 -0.0000 -0.9875
vn -0.6104 -0.0000 -0.7921
vn -0.6128 -0.0000 -0.7903
vn -0.6285 -0.0000 -0.7778
vn -0.6532 -0.0000 -0.7572
vn -0.7729 -0.0000 -0.6345
vn -0.9574 -0.0000 0.2889
vn -0.9111 -0.0000 -0.4122
vn -0.4224 -0.0000 0.9064
vn 0.0462 -0.0000 0.9989
vn 0.2855 -0.0000 0.9584
vn 0.4008 -0.0000 0.9162
vn 0.4590 -0.0000 0.8884
vn 0.4917 -0.0000 0.8707
vn 0.4898 -0.0000 0.8718
vn 0.4301 -0.0000 0.9028
vn -0.6933 -0.0000 -0.7206
vn -0.3988 -0.0000 -0.9170
vn 0.4806 -0.0000 -0.8770
vt 0.019881 0.000000
vt 0.021869 0.000000
vt 0.023857 0.000000
vt 0.017893 0.000000
vt 0.025845 0.000000
vt 0.015905 0.000000
vt 0.027833 0.000000
vt 0.013917 0.000000
vt 0.029821 0.000000
vt 0.031809 0.000000
vt 0.011928 0.000000
vt 0.033797 0.000000
vt 0.009940 0.000000
vt 0.035785 0.000000
vt 0.037773 0.000000
vt 0.007952 0.000000
vt 0.039761 0.000000
vt 0.005964 0.000000
vt 0.041750 0.000000
vt 0.043738 0.000000
vt 0.045726 0.000000
vt 0.003976 0.000000
vt 0.047714 0.000000
vt 0.018354 0.000000
vt 0.018337 0.000000
vt 0.018329 0.000000
vt 0.049702 0.000000
vt 0.020340 0.000000
vt 0.020170 0.000000
vt 0.019207 0.000000
vt 0.017093 0.000000
vt 0.017579 0.000000
vt 0.029686 0.000000
vt 0.029534 0.000000
vt 0.021366 0.000000
vt 0.021153 0.000000
vt 0.051690 0.000000
vt 0.032377 0.000000
vt 0.030818 0.000000
vt 0.016601 0.000000
vt 0.016924 0.000000
vt 0.028892 0.000000
vt 0.028440 0.000000
vt 0.022300 0.000000
vt 0.022186 0.000000
vt 0.021781 0.000000
vt 0.033272 0.000000
vt 0.032698 0.000000
vt 0.013908 0.000000
vt 0.013688 0.000000
vt 0.001988 0.000000
vt 0.016123 0.000000
vt 0.015035 0.000000
vt 0.028444 0.000000
vt 0.022883 0.000000
vt 0.022823 0.000000
vt 0.053678 0.000000
vt 0.034595 0.000000
vt 0.013531 0.000000
vt 0.013323 0.000000
vt 0.012034 0.000000
vt 0.011335 0.000000
vt 0.000000 0.000000
vt 0.013205 0.000000
vt 0.036179 0.000000
vt 0.055666 0.000000
vt 0.057654 0.000000
vt 0.037394 0.000000
vt 0.011169 0.000000
vt 0.388810 0.000000
vt 0.388810 0.000000
vt 0.817449 0.000000
vt 1.000000 0.000000
vt 0.817447 0.000000
vt 0.388114 0.000000
vt 0.815861 0.000000
vt 0.998012 0.000000
vt 0.387420 0.000000
vt 0.814280 0.000000
vt 0.996024 0.000000
vt 0.386728 0.000000
vt 0.812704 0.000000
vt 0.994036 0.000000
vt 0.386036 0.000000
vt 0.811132 0.000000
vt 0.992048 0.000000
vt 0.385345 0.000000
vt 0.809561 0.000000
vt 0.990060 0.000000
vt 0.384654 0.000000
vt 0.807990 0.000000
vt 0.988072 0.000000
vt 0.383962 0.000000
vt 0.806418 0.000000
vt 0.986084 0.000000
vt 0.383269 0.000000
vt 0.804842 0.000000
vt 0.984095 0.000000
vt 0.382575 0.000000
vt 0.803260 0.000000
vt 0.982107 0.000000
vt 0.381880 0.000000
vt 0.801670 0.000000
vt 0.980119 0.000000
vt 0.800072 0.000000
vt 0.978131 0.000000
vt 0.800071 0.000000
vt 0.381183 0.000000
vt 0.381182 0.000000
vt 0.800595 0.000000
vt 0.806338 0.000000
vt 0.976143 0.000000
vt 0.377690 0.000000
vt 0.379385 0.000000
vt 0.811990 0.000000
vt 0.813086 0.000000
vt 0.974155 0.000000
vt 0.373985 0.000000
vt 0.820646 0.000000
vt 0.603851 0.000000
vt 0.536770 0.000000
vt 0.552624 0.000000
vt 0.616143 0.000000
vt 0.826462 0.000000
vt 0.826715 0.000000
vt 0.972167 0.000000
vt 0.553149 0.000000
vt 0.553818 0.000000
vt 0.617094 0.000000
vt 0.832219 0.000000
vt 0.970179 0.000000
vt 0.371490 0.000000
vt 0.059642 0.000000
vt 0.367336 0.000000
vt 0.367910 0.000000
vt 0.838635 0.000000
vt 0.061630 0.000000
vt 0.362099 0.000000
vt 0.838815 0.000000
vt 0.843141 0.000000
vt 0.968191 0.000000
vt 0.571009 0.000000
vt 0.634173 0.000000
vt 0.633167 0.000000
vt 0.632020 0.000000
vt 0.569807 0.000000
vt 0.845149 0.000000
vt 0.847201 0.000000
vt 0.966203 0.000000
vt 0.571655 0.000000
vt 0.572118 0.000000
vt 0.636927 0.000000
vt 0.852190 0.000000
vt 0.063618 0.000000
vt 0.326672 0.000000
vt 0.341549 0.000000
vt 0.349114 0.000000
vt 0.853480 0.000000
vt 0.854866 0.000000
vt 0.964215 0.000000
vt 0.651088 0.000000
vt 0.586268 0.000000
vt 0.587202 0.000000
vt 0.654637 0.000000
vt 0.856164 0.000000
vt 0.856485 0.000000
vt 0.962227 0.000000
vt 0.588189 0.000000
vt 0.658414 0.000000
vt 0.315031 0.000000
vt 0.303871 0.000000
vt 0.860229 0.000000
vt 0.271222 0.000000
vt 0.286494 0.000000
vt 0.303050 0.000000
vt 0.065606 0.000000
vt 0.249964 0.000000
vt 0.250096 0.000000
vt 0.258626 0.000000
vt 0.860475 0.000000
vt 0.859771 0.000000
vt 0.960239 0.000000
vt 0.602623 0.000000
vt 0.678988 0.000000
vt 0.677284 0.000000
vt 0.673925 0.000000
vt 0.601907 0.000000
vt 0.246438 0.000000
vt 0.859323 0.000000
vt 0.857273 0.000000
vt 0.958251 0.000000
vt 0.603358 0.000000
vt 0.685241 0.000000
vt 0.242902 0.000000
vt 0.856187 0.000000
vt 0.851091 0.000000
vt 0.956262 0.000000
vt 0.799672 0.000000
vt 0.788406 0.000000
vt 0.775125 0.000000
vt 0.761706 0.000000
vt 0.748403 0.000000
vt 0.735470 0.000000
vt 0.734304 0.000000
vt 0.848923 0.000000
vt 0.851153 0.000000
vt 0.729979 0.000000
vt 0.727913 0.000000
vt 0.825754 0.000000
vt 0.816853 0.000000
vt 0.801672 0.000000
vt 0.723216 0.000000
vt 0.715083 0.000000
vt 0.617321 0.000000
vt 0.617870 0.000000
vt 0.954274 0.000000
vt 0.847792 0.000000
vt 0.839306 0.000000
vt 0.829481 0.000000
vt 0.250251 0.000000
vt 0.067594 0.000000
vt 0.249295 0.000000
vt 0.952286 0.000000
vt 0.628457 0.000000
vt 0.625211 0.000000
vt 0.950298 0.000000
vt 0.273874 0.000000
vt 0.069583 0.000000
vt 0.274353 0.000000
vt 0.274111 0.000000
vt 0.619042 0.000000
vt 0.946322 0.000000
vt 0.948310 0.000000
vt 0.625599 0.000000
vt 0.315486 0.000000
vt 0.071571 0.000000
vt 0.318354 0.000000
vt 0.614274 0.000000
vt 0.612590 0.000000
vt 0.944334 0.000000
vt 0.321490 0.000000
vt 0.319749 0.000000
vt 0.605512 0.000000
vt 0.942346 0.000000
vt 0.324872 0.000000
vt 0.605736 0.000000
vt 0.073559 0.000000
vt 0.342910 0.000000
vt 0.336186 0.000000
vt 0.602528 0.000000
vt 0.598597 0.000000
vt 0.940358 0.000000
vt 0.347062 0.000000
vt 0.597624 0.000000
vt 0.075547 0.000000
vt 0.182498 0.000000
vt 0.183539 0.000000
vt 0.189245 0.000000
vt 0.196565 0.000000
vt 0.205710 0.000000
vt 0.216890 0.000000
vt 0.239801 0.000000
vt 0.366957 0.000000
vt 0.355344 0.000000
vt 0.590651 0.000000
vt 0.938370 0.000000
vt 0.180225 0.000000
vt 0.240094 0.000000
vt 0.243242 0.000000
vt 0.371743 0.000000
vt 0.239188 0.000000
vt 0.587942 0.000000
vt 0.583794 0.000000
vt 0.936382 0.000000
vt 0.178309 0.000000
vt 0.246125 0.000000
vt 0.376310 0.000000
vt 0.373898 0.000000
vt 0.581108 0.000000
vt 0.077535 0.000000
vt 0.172540 0.000000
vt 0.173884 0.000000
vt 0.177033 0.000000
vt 0.262599 0.000000
vt 0.263484 0.000000
vt 0.398925 0.000000
vt 0.396426 0.000000
vt 0.252524 0.000000
vt 0.574826 0.000000
vt 0.724786 0.000000
vt 0.728081 0.000000
vt 0.728840 0.000000
vt 0.934394 0.000000
vt 0.171490 0.000000
vt 0.262980 0.000000
vt 0.403962 0.000000
vt 0.738428 0.000000
vt 0.699608 0.000000
vt 0.573526 0.000000
vt 0.570368 0.000000
vt 0.699048 0.000000
vt 0.079523 0.000000
vt 0.168814 0.000000
vt 0.169181 0.000000
vt 0.170834 0.000000
vt 0.266572 0.000000
vt 0.267835 0.000000
vt 0.428070 0.000000
vt 0.418257 0.000000
vt 0.703921 0.000000
vt 0.746574 0.000000
vt 0.932406 0.000000
vt 0.563875 0.000000
vt 0.691082 0.000000
vt 0.168116 0.000000
vt 0.266826 0.000000
vt 0.432562 0.000000
vt 0.751938 0.000000
vt 0.930417 0.000000
vt 0.559079 0.000000
vt 0.685184 0.000000
vt 0.167570 0.000000
vt 0.265991 0.000000
vt 0.435534 0.000000
vt 0.779795 0.000000
vt 0.928429 0.000000
vt 0.753538 0.000000
vt 0.775544 0.000000
vt 0.662789 0.000000
vt 0.553271 0.000000
vt 0.531238 0.000000
vt 0.507872 0.000000
vt 0.483469 0.000000
vt 0.458327 0.000000
vt 0.438218 0.000000
vt 0.264686 0.000000
vt 0.260957 0.000000
vt 0.651472 0.000000
vt 0.164255 0.000000
vt 0.748655 0.000000
vt 0.782917 0.000000
vt 0.261122 0.000000
vt 0.261058 0.000000
vt 0.650446 0.000000
vt 0.081511 0.000000
vt 0.162783 0.000000
vt 0.163152 0.000000
vt 0.164148 0.000000
vt 0.785992 0.000000
vt 0.260529 0.000000
vt 0.260517 0.000000
vt 0.649170 0.000000
vt 0.083499 0.000000
vt 0.160838 0.000000
vt 0.160851 0.000000
vt 0.162096 0.000000
vt 0.161933 0.000000
vt 0.789048 0.000000
vt 0.259921 0.000000
vt 0.647583 0.000000
vt 0.085487 0.000000
vt 0.159183 0.000000
vt 0.799051 0.000000
vt 0.807031 0.000000
vt 0.926441 0.000000
vt 0.255178 0.000000
vt 0.624010 0.000000
vt 0.634825 0.000000
vt 0.257669 0.000000
vt 0.156771 0.000000
vt 0.809284 0.000000
vt 0.255233 0.000000
vt 0.621899 0.000000
vt 0.154844 0.000000
vt 0.154827 0.000000
vt 0.087475 0.000000
vt 0.811554 0.000000
vt 0.387789 0.000000
vt 0.619316 0.000000
vt 0.255145 0.000000
vt 0.256037 0.000000
vt 0.354940 0.000000
vt 0.358038 0.000000
vt 0.382027 0.000000
vt 0.089463 0.000000
vt 0.154351 0.000000
vt 0.375924 0.000000
vt 0.817617 0.000000
vt 0.826485 0.000000
vt 0.924453 0.000000
vt 0.252759 0.000000
vt 0.335927 0.000000
vt 0.338326 0.000000
vt 0.152722 0.000000
vt 0.590446 0.000000
vt 0.604254 0.000000
vt 0.409123 0.000000
vt 0.432544 0.000000
vt 0.828228 0.000000
vt 0.252922 0.000000
vt 0.254804 0.000000
vt 0.333140 0.000000
vt 0.153000 0.000000
vt 0.152236 0.000000
vt 0.091451 0.000000
vt 0.464121 0.000000
vt 0.582205 0.000000
vt 0.438639 0.000000
vt 0.829999 0.000000
vt 0.330691 0.000000
vt 0.256891 0.000000
vt 0.257069 0.000000
vt 0.331148 0.000000
vt 0.153964 0.000000
vt 0.153843 0.000000
vt 0.093439 0.000000
vt 0.474205 0.000000
vt 0.501033 0.000000
vt 0.566131 0.000000
vt 0.574922 0.000000
vt 0.833267 0.000000
vt 0.842789 0.000000
vt 0.922465 0.000000
vt 0.256018 0.000000
vt 0.327644 0.000000
vt 0.153310 0.000000
vt 0.508910 0.000000
vt 0.541956 0.000000
vt 0.844158 0.000000
vt 0.260040 0.000000
vt 0.328776 0.000000
vt 0.095427 0.000000
vt 0.156284 0.000000
vt 0.844823 0.000000
vt 0.261051 0.000000
vt 0.262345 0.000000
vt 0.329653 0.000000
vt 0.158962 0.000000
vt 0.156660 0.000000
vt 0.097416 0.000000
vt 0.845398 0.000000
vt 0.264002 0.000000
vt 0.330375 0.000000
vt 0.329821 0.000000
vt 0.099404 0.000000
vt 0.161052 0.000000
vt 0.845894 0.000000
vt 0.265067 0.000000
vt 0.331426 0.000000
vt 0.162580 0.000000
vt 0.162264 0.000000
vt 0.101392 0.000000
vt 0.855601 0.000000
vt 0.920477 0.000000
vt 0.846039 0.000000
vt 0.854306 0.000000
vt 0.264370 0.000000
vt 0.264131 0.000000
vt 0.330462 0.000000
vt 0.162698 0.000000
vt 0.855849 0.000000
vt 0.263942 0.000000
vt 0.331073 0.000000
vt 0.103380 0.000000
vt 0.164449 0.000000
vt 0.856054 0.000000
vt 0.263378 0.000000
vt 0.331755 0.000000
vt 0.331250 0.000000
vt 0.105368 0.000000
vt 0.165718 0.000000
vt 0.856222 0.000000
vt 0.262540 0.000000
vt 0.333066 0.000000
vt 0.167344 0.000000
vt 0.165769 0.000000
vt 0.107356 0.000000
vt 0.856364 0.000000
vt 0.262423 0.000000
vt 0.260834 0.000000
vt 0.334141 0.000000
vt 0.109344 0.000000
vt 0.168711 0.000000
vt 0.856486 0.000000
vt 0.259002 0.000000
vt 0.335057 0.000000
vt 0.170096 0.000000
vt 0.169461 0.000000
vt 0.111332 0.000000
vt 0.859536 0.000000
vt 0.860759 0.000000
vt 0.859624 0.000000
vt 0.918489 0.000000
vt 0.336469 0.000000
vt 0.256641 0.000000
vt 0.256424 0.000000
vt 0.337725 0.000000
vt 0.170882 0.000000
vt 0.859527 0.000000
vt 0.253942 0.000000
vt 0.339799 0.000000
vt 0.113320 0.000000
vt 0.172520 0.000000
vt 0.859443 0.000000
vt 0.251709 0.000000
vt 0.341763 0.000000
vt 0.174190 0.000000
vt 0.173823 0.000000
vt 0.115308 0.000000
vt 0.859383 0.000000
vt 0.249855 0.000000
vt 0.343682 0.000000
vt 0.117296 0.000000
vt 0.176245 0.000000
vt 0.859357 0.000000
vt 0.249755 0.000000
vt 0.247861 0.000000
vt 0.345622 0.000000
vt 0.119284 0.000000
vt 0.178383 0.000000
vt 0.859042 0.000000
vt 0.347018 0.000000
vt 0.240858 0.000000
vt 0.239158 0.000000
vt 0.349741 0.000000
vt 0.121272 0.000000
vt 0.181605 0.000000
vt 0.179164 0.000000
vt 0.858726 0.000000
vt 0.230521 0.000000
vt 0.228262 0.000000
vt 0.354372 0.000000
vt 0.184812 0.000000
vt 0.182498 0.000000
vt 0.123260 0.000000
vt 0.857569 0.000000
vt 0.850149 0.000000
vt 0.838599 0.000000
vt 0.829538 0.000000
vt 0.916501 0.000000
vt 0.221646 0.000000
vt 0.365359 0.000000
vt 0.360760 0.000000
vt 0.186502 0.000000
vt 0.185682 0.000000
vt 0.827941 0.000000
vt 0.371845 0.000000
vt 0.221215 0.000000
vt 0.211474 0.000000
vt 0.202878 0.000000
vt 0.197699 0.000000
vt 0.125249 0.000000
vt 0.195246 0.000000
vt 0.190720 0.000000
vt 0.187956 0.000000
vt 0.826421 0.000000
vt 0.377338 0.000000
vt 0.195822 0.000000
vt 0.127237 0.000000
vt 0.824985 0.000000
vt 0.129225 0.000000
vt 0.384007 0.000000
vt 0.378027 0.000000
vt 0.823642 0.000000
vt 0.131213 0.000000
vt 0.389968 0.000000
vt 0.822260 0.000000
vt 0.803221 0.000000
vt 0.780948 0.000000
vt 0.755752 0.000000
vt 0.740617 0.000000
vt 0.914513 0.000000
vt 0.419786 0.000000
vt 0.399833 0.000000
vt 0.735752 0.000000
vt 0.133201 0.000000
vt 0.427712 0.000000
vt 0.426602 0.000000
vt 0.731218 0.000000
vt 0.135189 0.000000
vt 0.437077 0.000000
vt 0.727044 0.000000
vt 0.137177 0.000000
vt 0.444958 0.000000
vt 0.722354 0.000000
vt 0.726542 0.000000
vt 0.139165 0.000000
vt 0.451645 0.000000
vt 0.717979 0.000000
vt 0.141153 0.000000
vt 0.458974 0.000000
vt 0.453995 0.000000
vt 0.714064 0.000000
vt 0.143141 0.000000
vt 0.466212 0.000000
vt 0.708227 0.000000
vt 0.145129 0.000000
vt 0.474995 0.000000
vt 0.703924 0.000000
vt 0.147117 0.000000
vt 0.480638 0.000000
vt 0.700791 0.000000
vt 0.149105 0.000000
vt 0.484524 0.000000
vt 0.483439 0.000000
vt 0.510678 0.000000
vt 0.698342 0.000000
vt 0.151093 0.000000
vt 0.488163 0.000000
vt 0.696011 0.000000
vt 0.153082 0.000000
vt 0.491027 0.000000
vt 0.693168 0.000000
vt 0.155070 0.000000
vt 0.494283 0.000000
vt 0.688275 0.000000
vt 0.691504 0.000000
vt 0.157058 0.000000
vt 0.499033 0.000000
vt 0.912525 0.000000
vt 0.657847 0.000000
vt 0.623018 0.000000
vt 0.586790 0.000000
vt 0.549931 0.000000
vt 0.513415 0.000000
vt 0.159046 0.000000
vt 0.161034 0.000000
vt 0.163022 0.000000
vt 0.165010 0.000000
vt 0.172962 0.000000
vt 0.292539 0.000000
vt 0.296115 0.000000
vt 0.170974 0.000000
vt 0.753430 0.000000
vt 0.757378 0.000000
vt 0.757379 0.000000
vt 0.753429 0.000000
vt 0.774611 0.000000
vt 0.789617 0.000000
vt 0.789617 0.000000
vt 0.774610 0.000000
vt 0.757379 0.000000
vt 0.789618 0.000000
vt 0.802570 0.000000
vt 0.802572 0.000000
vt 0.596267 0.000000
vt 0.596265 0.000000
vt 0.599901 0.000000
vt 0.599904 0.000000
vt 0.596264 0.000000
vt 0.813641 0.000000
vt 0.823000 0.000000
vt 0.823002 0.000000
vt 0.560066 0.000000
vt 0.567191 0.000000
vt 0.580534 0.000000
vt 0.580539 0.000000
vt 0.560064 0.000000
vt 0.823001 0.000000
vt 0.823002 0.000000
vt 0.830823 0.000000
vt 0.830824 0.000000
vt 0.830823 0.000000
vt 0.830824 0.000000
vt 0.835452 0.000000
vt 0.830823 0.000000
vt 0.596263 0.000000
vt 0.757380 0.000000
vt 0.830822 0.000000
vt 0.830819 0.000000
vt 0.789618 0.000000
vt 0.822999 0.000000
vt 0.830821 0.000000
vt 0.293235 0.000000
vt 0.174950 0.000000
vt 0.291041 0.000000
vt 0.554322 0.000000
vt 0.555776 0.000000
vt 0.555778 0.000000
vt 0.554322 0.000000
vt 0.555780 0.000000
vt 0.835251 0.000000
vt 0.910537 0.000000
vt 0.835251 0.000000
vt 0.607193 0.000000
vt 0.750850 0.000000
vt 0.750852 0.000000
vt 0.607190 0.000000
vt 0.555782 0.000000
vt 0.551310 0.000000
vt 0.551310 0.000000
vt 0.835069 0.000000
vt 0.835069 0.000000
vt 0.611820 0.000000
vt 0.612951 0.000000
vt 0.748573 0.000000
vt 0.611818 0.000000
vt 0.748575 0.000000
vt 0.612948 0.000000
vt 0.548572 0.000000
vt 0.548573 0.000000
vt 0.834912 0.000000
vt 0.834912 0.000000
vt 0.617659 0.000000
vt 0.746468 0.000000
vt 0.746469 0.000000
vt 0.617656 0.000000
vt 0.180915 0.000000
vt 0.285885 0.000000
vt 0.287355 0.000000
vt 0.178926 0.000000
vt 0.545953 0.000000
vt 0.545953 0.000000
vt 0.834785 0.000000
vt 0.834785 0.000000
vt 0.622320 0.000000
vt 0.744384 0.000000
vt 0.744385 0.000000
vt 0.622317 0.000000
vt 0.182903 0.000000
vt 0.284679 0.000000
vt 0.543285 0.000000
vt 0.543284 0.000000
vt 0.834696 0.000000
vt 0.834696 0.000000
vt 0.627436 0.000000
vt 0.742153 0.000000
vt 0.742155 0.000000
vt 0.627433 0.000000
vt 0.184891 0.000000
vt 0.283760 0.000000
vt 0.283772 0.000000
vt 0.541817 0.000000
vt 0.541817 0.000000
vt 0.543211 0.000000
vt 0.543212 0.000000
vt 0.543212 0.000000
vt 0.543212 0.000000
vt 0.834651 0.000000
vt 0.834650 0.000000
vt 0.628416 0.000000
vt 0.633997 0.000000
vt 0.739587 0.000000
vt 0.628414 0.000000
vt 0.628414 0.000000
vt 0.628416 0.000000
vt 0.633994 0.000000
vt 0.739588 0.000000
vt 0.543537 0.000000
vt 0.543534 0.000000
vt 0.543217 0.000000
vt 0.543215 0.000000
vt 0.543220 0.000000
vt 0.544018 0.000000
vt 0.544028 0.000000
vt 0.628411 0.000000
vt 0.186879 0.000000
vt 0.283686 0.000000
vt 0.540341 0.000000
vt 0.834655 0.000000
vt 0.834655 0.000000
vt 0.641978 0.000000
vt 0.736468 0.000000
vt 0.736470 0.000000
vt 0.641975 0.000000
vt 0.360490 0.000000
vt 0.360827 0.000000
vt 0.538751 0.000000
vt 0.358597 0.000000
vt 0.538752 0.000000
vt 0.834716 0.000000
vt 0.834715 0.000000
vt 0.733931 0.000000
vt 0.647877 0.000000
vt 0.652696 0.000000
vt 0.731340 0.000000
vt 0.731343 0.000000
vt 0.733931 0.000000
vt 0.733933 0.000000
vt 0.647875 0.000000
vt 0.647877 0.000000
vt 0.652692 0.000000
vt 0.190855 0.000000
vt 0.284889 0.000000
vt 0.284048 0.000000
vt 0.188867 0.000000
vt 0.363668 0.000000
vt 0.536979 0.000000
vt 0.834838 0.000000
vt 0.834838 0.000000
vt 0.667194 0.000000
vt 0.721507 0.000000
vt 0.721510 0.000000
vt 0.667191 0.000000
vt 0.192843 0.000000
vt 0.286276 0.000000
vt 0.366328 0.000000
vt 0.536736 0.000000
vt 0.536837 0.000000
vt 0.536837 0.000000
vt 0.536837 0.000000
vt 0.536836 0.000000
vt 0.536837 0.000000
vt 0.536837 0.000000
vt 0.536837 0.000000
vt 0.835020 0.000000
vt 0.835020 0.000000
vt 0.668903 0.000000
vt 0.683175 0.000000
vt 0.714250 0.000000
vt 0.714254 0.000000
vt 0.668900 0.000000
vt 0.668902 0.000000
vt 0.536737 0.000000
vt 0.536737 0.000000
vt 0.536737 0.000000
vt 0.536737 0.000000
vt 0.536738 0.000000
vt 0.536739 0.000000
vt 0.536739 0.000000
vt 0.536739 0.000000
vt 0.536738 0.000000
vt 0.536736 0.000000
vt 0.536843 0.000000
vt 0.536847 0.000000
vt 0.536854 0.000000
vt 0.668901 0.000000
vt 0.668903 0.000000
vt 0.536739 0.000000
vt 0.536739 0.000000
vt 0.536740 0.000000
vt 0.536740 0.000000
vt 0.536738 0.000000
vt 0.536738 0.000000
vt 0.368971 0.000000
vt 0.536777 0.000000
vt 0.835217 0.000000
vt 0.835217 0.000000
vt 0.690878 0.000000
vt 0.712532 0.000000
vt 0.712536 0.000000
vt 0.712529 0.000000
vt 0.712532 0.000000
vt 0.690876 0.000000
vt 0.683169 0.000000
vt 0.536777 0.000000
vt 0.536777 0.000000
vt 0.536777 0.000000
vt 0.536777 0.000000
vt 0.536778 0.000000
vt 0.536778 0.000000
vt 0.536777 0.000000
vt 0.536777 0.000000
vt 0.536777 0.000000
vt 0.536779 0.000000
vt 0.536780 0.000000
vt 0.536780 0.000000
vt 0.536779 0.000000
vt 0.536780 0.000000
vt 0.536780 0.000000
vt 0.536779 0.000000
vt 0.371586 0.000000
vt 0.536944 0.000000
vt 0.835425 0.000000
vt 0.835425 0.000000
vt 0.536945 0.000000
vt 0.536945 0.000000
vt 0.536945 0.000000
vt 0.536945 0.000000
vt 0.536945 0.000000
vt 0.536946 0.000000
vt 0.536945 0.000000
vt 0.536944 0.000000
vt 0.536947 0.000000
vt 0.536947 0.000000
vt 0.536947 0.000000
vt 0.536947 0.000000
vt 0.536946 0.000000
vt 0.536947 0.000000
vt 0.536946 0.000000
vt 0.536946 0.000000
vt 0.374166 0.000000
vt 0.537206 0.000000
vt 0.835640 0.000000
vt 0.835640 0.000000
vt 0.537207 0.000000
vt 0.537207 0.000000
vt 0.537207 0.000000
vt 0.537207 0.000000
vt 0.537207 0.000000
vt 0.537208 0.000000
vt 0.537208 0.000000
vt 0.537206 0.000000
vt 0.537206 0.000000
vt 0.537209 0.000000
vt 0.537209 0.000000
vt 0.537209 0.000000
vt 0.537209 0.000000
vt 0.537208 0.000000
vt 0.537208 0.000000
vt 0.537208 0.000000
vt 0.200795 0.000000
vt 0.293072 0.000000
vt 0.291156 0.000000
vt 0.291101 0.000000
vt 0.198807 0.000000
vt 0.376702 0.000000
vt 0.537529 0.000000
vt 0.835850 0.000000
vt 0.835825 0.000000
vt 0.835825 0.000000
vt 0.835825 0.000000
vt 0.835825 0.000000
vt 0.537530 0.000000
vt 0.537530 0.000000
vt 0.537530 0.000000
vt 0.537531 0.000000
vt 0.537531 0.000000
vt 0.537530 0.000000
vt 0.537530 0.000000
vt 0.537529 0.000000
vt 0.537530 0.000000
vt 0.835819 0.000000
vt 0.835821 0.000000
vt 0.835823 0.000000
vt 0.835821 0.000000
vt 0.835820 0.000000
vt 0.537532 0.000000
vt 0.537532 0.000000
vt 0.537532 0.000000
vt 0.537532 0.000000
vt 0.537531 0.000000
vt 0.537531 0.000000
vt 0.537531 0.000000
vt 0.835810 0.000000
vt 0.296104 0.000000
vt 0.535151 0.000000
vt 0.383923 0.000000
vt 0.387535 0.000000
vt 0.535169 0.000000
vt 0.535178 0.000000
vt 0.535179 0.000000
vt 0.536415 0.000000
vt 0.535503 0.000000
vt 0.535321 0.000000
vt 0.535254 0.000000
vt 0.535223 0.000000
vt 0.535205 0.000000
vt 0.535194 0.000000
vt 0.535187 0.000000
vt 0.535183 0.000000
vt 0.535180 0.000000
vt 0.843054 0.000000
vt 0.908549 0.000000
vt 0.840912 0.000000
vt 0.840912 0.000000
vt 0.840912 0.000000
vt 0.535189 0.000000
vt 0.535192 0.000000
vt 0.535186 0.000000
vt 0.535184 0.000000
vt 0.535151 0.000000
vt 0.535197 0.000000
vt 0.535190 0.000000
vt 0.535225 0.000000
vt 0.535209 0.000000
vt 0.535207 0.000000
vt 0.535183 0.000000
vt 0.535188 0.000000
vt 0.535413 0.000000
vt 0.535383 0.000000
vt 0.535274 0.000000
vt 0.535263 0.000000
vt 0.535230 0.000000
vt 0.535183 0.000000
vt 0.535181 0.000000
vt 0.535481 0.000000
vt 0.535200 0.000000
vt 0.535192 0.000000
vt 0.535180 0.000000
vt 0.535297 0.000000
vt 0.535241 0.000000
vt 0.535215 0.000000
vt 0.535196 0.000000
vt 0.535200 0.000000
vt 0.535209 0.000000
vt 0.535260 0.000000
vt 0.535225 0.000000
vt 0.535194 0.000000
vt 0.535368 0.000000
vt 0.535215 0.000000
vt 0.535368 0.000000
vt 0.535205 0.000000
vt 0.535179 0.000000
vt 0.535179 0.000000
vt 0.535638 0.000000
vt 0.535348 0.000000
vt 0.535264 0.000000
vt 0.535196 0.000000
vt 0.535227 0.000000
vt 0.535154 0.000000
vt 0.535153 0.000000
vt 0.535157 0.000000
vt 0.535155 0.000000
vt 0.535177 0.000000
vt 0.535159 0.000000
vt 0.535154 0.000000
vt 0.535158 0.000000
vt 0.535157 0.000000
vt 0.840906 0.000000
vt 0.535480 0.000000
vt 0.535413 0.000000
vt 0.535297 0.000000
vt 0.535263 0.000000
vt 0.535347 0.000000
vt 0.535255 0.000000
vt 0.535324 0.000000
vt 0.535636 0.000000
vt 0.535515 0.000000
vt 0.536622 0.000000
vt 0.535227 0.000000
vt 0.535241 0.000000
vt 0.535274 0.000000
vt 0.535383 0.000000
vt 0.535223 0.000000
vt 0.535163 0.000000
vt 0.202783 0.000000
vt 0.298067 0.000000
vt 0.389980 0.000000
vt 0.535708 0.000000
vt 0.843175 0.000000
vt 0.204771 0.000000
vt 0.299986 0.000000
vt 0.392364 0.000000
vt 0.536237 0.000000
vt 0.843294 0.000000
vt 0.206759 0.000000
vt 0.301835 0.000000
vt 0.394679 0.000000
vt 0.536727 0.000000
vt 0.843405 0.000000
vt 0.208748 0.000000
vt 0.303585 0.000000
vt 0.396916 0.000000
vt 0.537147 0.000000
vt 0.843505 0.000000
vt 0.210736 0.000000
vt 0.305208 0.000000
vt 0.399067 0.000000
vt 0.537467 0.000000
vt 0.843589 0.000000
vt 0.212724 0.000000
vt 0.306677 0.000000
vt 0.401122 0.000000
vt 0.537656 0.000000
vt 0.843651 0.000000
vt 0.214712 0.000000
vt 0.307963 0.000000
vt 0.403074 0.000000
vt 0.537683 0.000000
vt 0.843686 0.000000
vt 0.216700 0.000000
vt 0.308673 0.000000
vt 0.308074 0.000000
vt 0.405042 0.000000
vt 0.536555 0.000000
vt 0.843546 0.000000
vt 0.218688 0.000000
vt 0.309052 0.000000
vt 0.406369 0.000000
vt 0.535523 0.000000
vt 0.843411 0.000000
vt 0.220676 0.000000
vt 0.309111 0.000000
vt 0.843280 0.000000
vt 0.534576 0.000000
vt 0.222664 0.000000
vt 0.308943 0.000000
vt 0.843155 0.000000
vt 0.533908 0.000000
vt 0.533908 0.000000
vt 0.533908 0.000000
vt 0.533912 0.000000
vt 0.533759 0.000000
vt 0.533759 0.000000
vt 0.224652 0.000000
vt 0.308638 0.000000
vt 0.843035 0.000000
vt 0.533141 0.000000
vt 0.533141 0.000000
vt 0.226640 0.000000
vt 0.308290 0.000000
vt 0.842921 0.000000
vt 0.532547 0.000000
vt 0.532547 0.000000
vt 0.228628 0.000000
vt 0.307992 0.000000
vt 0.408118 0.000000
vt 0.408310 0.000000
vt 0.531988 0.000000
vt 0.842813 0.000000
vt 0.230616 0.000000
vt 0.307840 0.000000
vt 0.408678 0.000000
vt 0.531472 0.000000
vt 0.842712 0.000000
vt 0.232604 0.000000
vt 0.307932 0.000000
vt 0.409364 0.000000
vt 0.531009 0.000000
vt 0.842616 0.000000
vt 0.234592 0.000000
vt 0.308365 0.000000
vt 0.410505 0.000000
vt 0.530608 0.000000
vt 0.842528 0.000000
vt 0.311280 0.000000
vt 0.310868 0.000000
vt 0.532376 0.000000
vt 0.421907 0.000000
vt 0.536063 0.000000
vt 0.845138 0.000000
vt 0.906561 0.000000
vt 0.843606 0.000000
vt 0.843606 0.000000
vt 0.843598 0.000000
vt 0.532376 0.000000
vt 0.532379 0.000000
vt 0.236581 0.000000
vt 0.312268 0.000000
vt 0.422148 0.000000
vt 0.423768 0.000000
vt 0.536190 0.000000
vt 0.845041 0.000000
vt 0.238569 0.000000
vt 0.313854 0.000000
vt 0.426454 0.000000
vt 0.536544 0.000000
vt 0.844945 0.000000
vt 0.240557 0.000000
vt 0.315929 0.000000
vt 0.536869 0.000000
vt 0.429323 0.000000
vt 0.537636 0.000000
vt 0.844937 0.000000
vt 0.536869 0.000000
vt 0.537636 0.000000
vt 0.242545 0.000000
vt 0.318335 0.000000
vt 0.432361 0.000000
vt 0.539193 0.000000
vt 0.844980 0.000000
vt 0.539193 0.000000
vt 0.435526 0.000000
vt 0.540908 0.000000
vt 0.845063 0.000000
vt 0.540908 0.000000
vt 0.438778 0.000000
vt 0.542737 0.000000
vt 0.845176 0.000000
vt 0.542737 0.000000
vt 0.442077 0.000000
vt 0.544638 0.000000
vt 0.845309 0.000000
vt 0.544638 0.000000
vt 0.445387 0.000000
vt 0.546568 0.000000
vt 0.845451 0.000000
vt 0.252485 0.000000
vt 0.332894 0.000000
vt 0.331024 0.000000
vt 0.329844 0.000000
vt 0.250497 0.000000
vt 0.447950 0.000000
vt 0.448736 0.000000
vt 0.548488 0.000000
vt 0.845593 0.000000
vt 0.254473 0.000000
vt 0.335893 0.000000
vt 0.845723 0.000000
vt 0.548748 0.000000
vt 0.548749 0.000000
vt 0.548748 0.000000
vt 0.550770 0.000000
vt 0.550770 0.000000
vt 0.256461 0.000000
vt 0.338752 0.000000
vt 0.845832 0.000000
vt 0.553042 0.000000
vt 0.553042 0.000000
vt 0.258449 0.000000
vt 0.341410 0.000000
vt 0.845909 0.000000
vt 0.555210 0.000000
vt 0.555211 0.000000
vt 0.346769 0.000000
vt 0.473411 0.000000
vt 0.484924 0.000000
vt 0.590915 0.000000
vt 0.587817 0.000000
vt 0.573575 0.000000
vt 0.560941 0.000000
vt 0.459015 0.000000
vt 0.846883 0.000000
vt 0.904573 0.000000
vt 0.846261 0.000000
vt 0.846261 0.000000
vt 0.590916 0.000000
vt 0.587817 0.000000
vt 0.573576 0.000000
vt 0.573576 0.000000
vt 0.573575 0.000000
vt 0.573577 0.000000
vt 0.560941 0.000000
vt 0.846256 0.000000
vt 0.846251 0.000000
vt 0.587817 0.000000
vt 0.846258 0.000000
vt 0.846259 0.000000
vt 0.846258 0.000000
vt 0.846257 0.000000
vt 0.846252 0.000000
vt 0.846251 0.000000
vt 0.846253 0.000000
vt 0.260437 0.000000
vt 0.349187 0.000000
vt 0.488901 0.000000
vt 0.593752 0.000000
vt 0.846905 0.000000
vt 0.593752 0.000000
vt 0.262425 0.000000
vt 0.351274 0.000000
vt 0.492745 0.000000
vt 0.596482 0.000000
vt 0.846875 0.000000
vt 0.596483 0.000000
vt 0.264414 0.000000
vt 0.352625 0.000000
vt 0.495557 0.000000
vt 0.495734 0.000000
vt 0.598547 0.000000
vt 0.846806 0.000000
vt 0.598547 0.000000
vt 0.266402 0.000000
vt 0.353072 0.000000
vt 0.352651 0.000000
vt 0.498495 0.000000
vt 0.599643 0.000000
vt 0.846711 0.000000
vt 0.599643 0.000000
vt 0.268390 0.000000
vt 0.352821 0.000000
vt 0.499791 0.000000
vt 0.600024 0.000000
vt 0.846597 0.000000
vt 0.600024 0.000000
vt 0.270378 0.000000
vt 0.352106 0.000000
vt 0.500124 0.000000
vt 0.599930 0.000000
vt 0.846471 0.000000
vt 0.599931 0.000000
vt 0.272366 0.000000
vt 0.351163 0.000000
vt 0.499975 0.000000
vt 0.599602 0.000000
vt 0.846339 0.000000
vt 0.599602 0.000000
vt 0.599930 0.000000
vt 0.274354 0.000000
vt 0.350234 0.000000
vt 0.499831 0.000000
vt 0.599278 0.000000
vt 0.846209 0.000000
vt 0.599601 0.000000
vt 0.599279 0.000000
vt 0.276342 0.000000
vt 0.349565 0.000000
vt 0.599224 0.000000
vt 0.500180 0.000000
vt 0.599201 0.000000
vt 0.846088 0.000000
vt 0.599225 0.000000
vt 0.599224 0.000000
vt 0.605828 0.000000
vt 0.605856 0.000000
vt 0.599202 0.000000
vt 0.278330 0.000000
vt 0.349410 0.000000
vt 0.501516 0.000000
vt 0.599593 0.000000
vt 0.845983 0.000000
vt 0.599593 0.000000
vt 0.280318 0.000000
vt 0.350023 0.000000
vt 0.504310 0.000000
vt 0.600707 0.000000
vt 0.845903 0.000000
vt 0.600707 0.000000
vt 0.282306 0.000000
vt 0.351653 0.000000
vt 0.508990 0.000000
vt 0.602770 0.000000
vt 0.845855 0.000000
vt 0.602770 0.000000
vt 0.284294 0.000000
vt 0.354539 0.000000
vt 0.511020 0.000000
vt 0.515615 0.000000
vt 0.605982 0.000000
vt 0.845846 0.000000
vt 0.605982 0.000000
vt 0.286282 0.000000
vt 0.358896 0.000000
vt 0.524471 0.000000
vt 0.610505 0.000000
vt 0.845885 0.000000
vt 0.610506 0.000000
vt 0.536031 0.000000
vt 0.536509 0.000000
vt 0.616688 0.000000
vt 0.614621 0.000000
vt 0.845895 0.000000
vt 0.614621 0.000000
vt 0.614620 0.000000
vt 0.616688 0.000000
vt 0.290258 0.000000
vt 0.369699 0.000000
vt 0.364931 0.000000
vt 0.288270 0.000000
vt 0.541850 0.000000
vt 0.621216 0.000000
vt 0.845902 0.000000
vt 0.845905 0.000000
vt 0.845905 0.000000
vt 0.621217 0.000000
vt 0.845901 0.000000
vt 0.845899 0.000000
vt 0.845902 0.000000
vt 0.845900 0.000000
vt 0.845897 0.000000
vt 0.845901 0.000000
vt 0.845903 0.000000
vt 0.845893 0.000000
vt 0.845899 0.000000
vt 0.845895 0.000000
vt 0.292247 0.000000
vt 0.373432 0.000000
vt 0.545971 0.000000
vt 0.624701 0.000000
vt 0.845896 0.000000
vt 0.624702 0.000000
vt 0.843917 0.000000
vt 0.902584 0.000000
vt 0.378452 0.000000
vt 0.649190 0.000000
vt 0.631891 0.000000
vt 0.556153 0.000000
vt 0.566436 0.000000
vt 0.657295 0.000000
vt 0.657296 0.000000
vt 0.649190 0.000000
vt 0.631892 0.000000
vt 0.631891 0.000000
vt 0.631892 0.000000
vt 0.631892 0.000000
vt 0.649190 0.000000
vt 0.568395 0.000000
vt 0.659070 0.000000
vt 0.843919 0.000000
vt 0.659070 0.000000
vt 0.569862 0.000000
vt 0.660388 0.000000
vt 0.843925 0.000000
vt 0.660389 0.000000
vt 0.298211 0.000000
vt 0.385141 0.000000
vt 0.384012 0.000000
vt 0.383556 0.000000
vt 0.296223 0.000000
vt 0.570945 0.000000
vt 0.661354 0.000000
vt 0.843937 0.000000
vt 0.661355 0.000000
vt 0.300199 0.000000
vt 0.386313 0.000000
vt 0.571749 0.000000
vt 0.662065 0.000000
vt 0.843952 0.000000
vt 0.662065 0.000000
vt 0.302187 0.000000
vt 0.387232 0.000000
vt 0.572225 0.000000
vt 0.572334 0.000000
vt 0.662613 0.000000
vt 0.843969 0.000000
vt 0.662614 0.000000
vt 0.304175 0.000000
vt 0.388045 0.000000
vt 0.572736 0.000000
vt 0.663093 0.000000
vt 0.843988 0.000000
vt 0.663094 0.000000
vt 0.306163 0.000000
vt 0.388895 0.000000
vt 0.573156 0.000000
vt 0.663596 0.000000
vt 0.844007 0.000000
vt 0.663596 0.000000
vt 0.308151 0.000000
vt 0.389929 0.000000
vt 0.573659 0.000000
vt 0.664214 0.000000
vt 0.844025 0.000000
vt 0.664214 0.000000
vt 0.310139 0.000000
vt 0.391292 0.000000
vt 0.574309 0.000000
vt 0.665037 0.000000
vt 0.844041 0.000000
vt 0.665038 0.000000
vt 0.312127 0.000000
vt 0.391692 0.000000
vt 0.573397 0.000000
vt 0.666208 0.000000
vt 0.843348 0.000000
vt 0.666208 0.000000
vt 0.314115 0.000000
vt 0.391000 0.000000
vt 0.572015 0.000000
vt 0.666666 0.000000
vt 0.842667 0.000000
vt 0.666666 0.000000
vt 0.316103 0.000000
vt 0.389374 0.000000
vt 0.390404 0.000000
vt 0.666607 0.000000
vt 0.570304 0.000000
vt 0.666566 0.000000
vt 0.842003 0.000000
vt 0.666608 0.000000
vt 0.666608 0.000000
vt 0.666566 0.000000
vt 0.318091 0.000000
vt 0.387210 0.000000
vt 0.568414 0.000000
vt 0.665882 0.000000
vt 0.841366 0.000000
vt 0.665882 0.000000
vt 0.390952 0.000000
vt 0.687922 0.000000
vt 0.570353 0.000000
vt 0.575249 0.000000
vt 0.689235 0.000000
vt 0.837657 0.000000
vt 0.900596 0.000000
vt 0.839574 0.000000
vt 0.837938 0.000000
vt 0.839574 0.000000
vt 0.687923 0.000000
vt 0.687922 0.000000
vt 0.689236 0.000000
vt 0.839572 0.000000
vt 0.839573 0.000000
vt 0.687922 0.000000
vt 0.687923 0.000000
vt 0.839566 0.000000
vt 0.839572 0.000000
vt 0.839573 0.000000
vt 0.839571 0.000000
vt 0.320080 0.000000
vt 0.388442 0.000000
vt 0.572848 0.000000
vt 0.688343 0.000000
vt 0.837007 0.000000
vt 0.837452 0.000000
vt 0.688344 0.000000
vt 0.322068 0.000000
vt 0.386106 0.000000
vt 0.570623 0.000000
vt 0.687511 0.000000
vt 0.836404 0.000000
vt 0.687511 0.000000
vt 0.324056 0.000000
vt 0.384288 0.000000
vt 0.568707 0.000000
vt 0.686896 0.000000
vt 0.835854 0.000000
vt 0.836127 0.000000
vt 0.686896 0.000000
vt 0.326044 0.000000
vt 0.383211 0.000000
vt 0.383802 0.000000
vt 0.567242 0.000000
vt 0.686662 0.000000
vt 0.835364 0.000000
vt 0.835797 0.000000
vt 0.686662 0.000000
vt 0.328032 0.000000
vt 0.383162 0.000000
vt 0.566999 0.000000
vt 0.566078 0.000000
vt 0.686973 0.000000
vt 0.834940 0.000000
vt 0.686973 0.000000
vt 0.330020 0.000000
vt 0.384606 0.000000
vt 0.565424 0.000000
vt 0.687986 0.000000
vt 0.834588 0.000000
vt 0.834727 0.000000
vt 0.687986 0.000000
vt 0.332008 0.000000
vt 0.387842 0.000000
vt 0.565500 0.000000
vt 0.689843 0.000000
vt 0.834313 0.000000
vt 0.834376 0.000000
vt 0.689843 0.000000
vt 0.333996 0.000000
vt 0.392969 0.000000
vt 0.390380 0.000000
vt 0.566406 0.000000
vt 0.692658 0.000000
vt 0.834122 0.000000
vt 0.692658 0.000000
vt 0.395516 0.000000
vt 0.702482 0.000000
vt 0.567940 0.000000
vt 0.568177 0.000000
vt 0.714418 0.000000
vt 0.898608 0.000000
vt 0.827930 0.000000
vt 0.714418 0.000000
vt 0.702482 0.000000
vt 0.702482 0.000000
vt 0.335984 0.000000
vt 0.401130 0.000000
vt 0.568943 0.000000
vt 0.717170 0.000000
vt 0.827875 0.000000
vt 0.827838 0.000000
vt 0.827875 0.000000
vt 0.827838 0.000000
vt 0.717170 0.000000
vt 0.827874 0.000000
vt 0.827873 0.000000
vt 0.827874 0.000000
vt 0.337972 0.000000
vt 0.406761 0.000000
vt 0.406026 0.000000
vt 0.569927 0.000000
vt 0.719839 0.000000
vt 0.827655 0.000000
vt 0.719840 0.000000
vt 0.339960 0.000000
vt 0.412557 0.000000
vt 0.571069 0.000000
vt 0.722393 0.000000
vt 0.827532 0.000000
vt 0.722393 0.000000
vt 0.827532 0.000000
vt 0.341948 0.000000
vt 0.418097 0.000000
vt 0.571890 0.000000
vt 0.572145 0.000000
vt 0.724800 0.000000
vt 0.827458 0.000000
vt 0.724800 0.000000
vt 0.343936 0.000000
vt 0.423296 0.000000
vt 0.572985 0.000000
vt 0.727034 0.000000
vt 0.827422 0.000000
vt 0.727035 0.000000
vt 0.426969 0.000000
vt 0.423855 0.000000
vt 0.748425 0.000000
vt 0.727621 0.000000
vt 0.571498 0.000000
vt 0.623477 0.000000
vt 0.624938 0.000000
vt 0.641963 0.000000
vt 0.657902 0.000000
vt 0.672849 0.000000
vt 0.680741 0.000000
vt 0.750960 0.000000
vt 0.896620 0.000000
vt 0.816504 0.000000
vt 0.815518 0.000000
vt 0.816504 0.000000
vt 0.815518 0.000000
vt 0.750960 0.000000
vt 0.748425 0.000000
vt 0.816504 0.000000
vt 0.727622 0.000000
vt 0.727622 0.000000
vt 0.827422 0.000000
vt 0.816504 0.000000
vt 0.816503 0.000000
vt 0.816503 0.000000
vt 0.727622 0.000000
vt 0.727623 0.000000
vt 0.748425 0.000000
vt 0.816503 0.000000
vt 0.815829 0.000000
vt 0.685034 0.000000
vt 0.753869 0.000000
vt 0.753870 0.000000
vt 0.377734 0.000000
vt 0.434492 0.000000
vt 0.574263 0.000000
vt 0.574549 0.000000
vt 0.623892 0.000000
vt 0.345924 0.000000
vt 0.347913 0.000000
vt 0.815832 0.000000
vt 0.685107 0.000000
vt 0.753919 0.000000
vt 0.753919 0.000000
vt 0.379722 0.000000
vt 0.434617 0.000000
vt 0.574588 0.000000
vt 0.623887 0.000000
vt 0.375746 0.000000
vt 0.815677 0.000000
vt 0.685979 0.000000
vt 0.754512 0.000000
vt 0.754512 0.000000
vt 0.381710 0.000000
vt 0.435852 0.000000
vt 0.574538 0.000000
vt 0.623126 0.000000
vt 0.373757 0.000000
vt 0.815638 0.000000
vt 0.687324 0.000000
vt 0.755424 0.000000
vt 0.755425 0.000000
vt 0.383698 0.000000
vt 0.438039 0.000000
vt 0.575029 0.000000
vt 0.622716 0.000000
vt 0.371769 0.000000
vt 0.815695 0.000000
vt 0.688966 0.000000
vt 0.756537 0.000000
vt 0.756538 0.000000
vt 0.385686 0.000000
vt 0.440860 0.000000
vt 0.575933 0.000000
vt 0.622621 0.000000
vt 0.349901 0.000000
vt 0.815831 0.000000
vt 0.690864 0.000000
vt 0.757823 0.000000
vt 0.757824 0.000000
vt 0.387674 0.000000
vt 0.444223 0.000000
vt 0.577178 0.000000
vt 0.622775 0.000000
vt 0.369781 0.000000
vt 0.816024 0.000000
vt 0.692026 0.000000
vt 0.692840 0.000000
vt 0.759254 0.000000
vt 0.759255 0.000000
vt 0.389662 0.000000
vt 0.448033 0.000000
vt 0.578692 0.000000
vt 0.623106 0.000000
vt 0.367793 0.000000
vt 0.351889 0.000000
vt 0.816256 0.000000
vt 0.694812 0.000000
vt 0.760803 0.000000
vt 0.760803 0.000000
vt 0.391650 0.000000
vt 0.452354 0.000000
vt 0.448830 0.000000
vt 0.580400 0.000000
vt 0.623794 0.000000
vt 0.623197 0.000000
vt 0.816504 0.000000
vt 0.696907 0.000000
vt 0.762443 0.000000
vt 0.762443 0.000000
vt 0.393638 0.000000
vt 0.456985 0.000000
vt 0.582230 0.000000
vt 0.624604 0.000000
vt 0.365805 0.000000
vt 0.353877 0.000000
vt 0.816751 0.000000
vt 0.699086 0.000000
vt 0.764149 0.000000
vt 0.764150 0.000000
vt 0.395626 0.000000
vt 0.461802 0.000000
vt 0.584110 0.000000
vt 0.625404 0.000000
vt 0.363817 0.000000
vt 0.355865 0.000000
vt 0.816974 0.000000
vt 0.701312 0.000000
vt 0.765898 0.000000
vt 0.765899 0.000000
vt 0.397614 0.000000
vt 0.466725 0.000000
vt 0.585974 0.000000
vt 0.626124 0.000000
vt 0.361829 0.000000
vt 0.357853 0.000000
vt 0.359841 0.000000
vt 0.817156 0.000000
vt 0.703551 0.000000
vt 0.767668 0.000000
vt 0.817156 0.000000
vt 0.816974 0.000000
vt 0.767668 0.000000
vt 0.399602 0.000000
vt 0.471677 0.000000
vt 0.587753 0.000000
vt 0.626696 0.000000
vt 0.817275 0.000000
vt 0.705772 0.000000
vt 0.769438 0.000000
vt 0.769438 0.000000
vt 0.817275 0.000000
vt 0.401590 0.000000
vt 0.476588 0.000000
vt 0.589383 0.000000
vt 0.627053 0.000000
vt 0.817312 0.000000
vt 0.707943 0.000000
vt 0.771189 0.000000
vt 0.817312 0.000000
vt 0.771190 0.000000
vt 0.403579 0.000000
vt 0.481675 0.000000
vt 0.478049 0.000000
vt 0.590800 0.000000
vt 0.627371 0.000000
vt 0.627082 0.000000
vt 0.817246 0.000000
vt 0.710038 0.000000
vt 0.772906 0.000000
vt 0.772907 0.000000
vt 0.817245 0.000000
vt 0.405567 0.000000
vt 0.486744 0.000000
vt 0.591439 0.000000
vt 0.591780 0.000000
vt 0.627535 0.000000
vt 0.809264 0.000000
vt 0.794215 0.000000
vt 0.777738 0.000000
vt 0.715167 0.000000
vt 0.723073 0.000000
vt 0.894632 0.000000
vt 0.777739 0.000000
vt 0.777739 0.000000
vt 0.809263 0.000000
vt 0.809264 0.000000
vt 0.777738 0.000000
vt 0.777739 0.000000
vt 0.491662 0.000000
vt 0.587190 0.000000
vt 0.619845 0.000000
vt 0.623446 0.000000
vt 0.724445 0.000000
vt 0.407555 0.000000
vt 0.496077 0.000000
vt 0.493266 0.000000
vt 0.587745 0.000000
vt 0.620195 0.000000
vt 0.725419 0.000000
vt 0.409543 0.000000
vt 0.499418 0.000000
vt 0.620363 0.000000
vt 0.587868 0.000000
vt 0.587831 0.000000
vt 0.620378 0.000000
vt 0.726092 0.000000
vt 0.411531 0.000000
vt 0.501786 0.000000
vt 0.587670 0.000000
vt 0.620523 0.000000
vt 0.726556 0.000000
vt 0.413519 0.000000
vt 0.503491 0.000000
vt 0.587417 0.000000
vt 0.620527 0.000000
vt 0.726899 0.000000
vt 0.415507 0.000000
vt 0.504831 0.000000
vt 0.587083 0.000000
vt 0.620431 0.000000
vt 0.727210 0.000000
vt 0.417495 0.000000
vt 0.506096 0.000000
vt 0.586679 0.000000
vt 0.620276 0.000000
vt 0.727576 0.000000
vt 0.419483 0.000000
vt 0.507641 0.000000
vt 0.507339 0.000000
vt 0.586216 0.000000
vt 0.620103 0.000000
vt 0.728084 0.000000
vt 0.421471 0.000000
vt 0.510159 0.000000
vt 0.585704 0.000000
vt 0.619954 0.000000
vt 0.728813 0.000000
vt 0.728716 0.000000
vt 0.423459 0.000000
vt 0.513601 0.000000
vt 0.585156 0.000000
vt 0.619874 0.000000
vt 0.729774 0.000000
vt 0.425447 0.000000
vt 0.518257 0.000000
vt 0.584582 0.000000
vt 0.619906 0.000000
vt 0.731101 0.000000
vt 0.427435 0.000000
vt 0.525937 0.000000
vt 0.519870 0.000000
vt 0.584426 0.000000
vt 0.582358 0.000000
vt 0.620094 0.000000
vt 0.732861 0.000000
vt 0.429423 0.000000
vt 0.538248 0.000000
vt 0.532613 0.000000
vt 0.579120 0.000000
vt 0.579119 0.000000
vt 0.579118 0.000000
vt 0.579115 0.000000
vt 0.579112 0.000000
vt 0.579109 0.000000
vt 0.579105 0.000000
vt 0.579102 0.000000
vt 0.579099 0.000000
vt 0.579095 0.000000
vt 0.579093 0.000000
vt 0.579092 0.000000
vt 0.579091 0.000000
vt 0.577836 0.000000
vt 0.620675 0.000000
vt 0.620188 0.000000
vt 0.741105 0.000000
vt 0.742407 0.000000
vt 0.892644 0.000000
vt 0.617977 0.000000
vt 0.566856 0.000000
vt 0.555159 0.000000
vt 0.544013 0.000000
vt 0.617579 0.000000
vt 0.745244 0.000000
vt 0.431412 0.000000
vt 0.618442 0.000000
vt 0.747951 0.000000
vt 0.433400 0.000000
vt 0.619415 0.000000
vt 0.619194 0.000000
vt 0.750513 0.000000
vt 0.435388 0.000000
vt 0.620566 0.000000
vt 0.754577 0.000000
vt 0.759068 0.000000
vt 0.890656 0.000000
vt 0.618787 0.000000
vt 0.619366 0.000000
vt 0.761323 0.000000
vt 0.437376 0.000000
vt 0.619993 0.000000
vt 0.763417 0.000000
vt 0.439364 0.000000
vt 0.621113 0.000000
vt 0.765339 0.000000
vt 0.441352 0.000000
vt 0.622106 0.000000
vt 0.621167 0.000000
vt 0.766900 0.000000
vt 0.774183 0.000000
vt 0.888668 0.000000
vt 0.620801 0.000000
vt 0.775855 0.000000
vt 0.443340 0.000000
vt 0.621581 0.000000
vt 0.621004 0.000000
vt 0.777342 0.000000
vt 0.445328 0.000000
vt 0.622126 0.000000
vt 0.778736 0.000000
vt 0.777580 0.000000
vt 0.447316 0.000000
vt 0.622402 0.000000
vt 0.787553 0.000000
vt 0.789695 0.000000
vt 0.886680 0.000000
vt 0.621328 0.000000
vt 0.621972 0.000000
vt 0.791029 0.000000
vt 0.449304 0.000000
vt 0.621208 0.000000
vt 0.792144 0.000000
vt 0.451292 0.000000
vt 0.620721 0.000000
vt 0.793037 0.000000
vt 0.453280 0.000000
vt 0.619811 0.000000
vt 0.797244 0.000000
vt 0.804273 0.000000
vt 0.884692 0.000000
vt 0.619285 0.000000
vt 0.619769 0.000000
vt 0.804450 0.000000
vt 0.455268 0.000000
vt 0.617781 0.000000
vt 0.798349 0.000000
vt 0.469185 0.000000
vt 0.597467 0.000000
vt 0.471173 0.000000
vt 0.467197 0.000000
vt 0.457256 0.000000
vt 0.797287 0.000000
vt 0.593923 0.000000
vt 0.796327 0.000000
vt 0.797076 0.000000
vt 0.473161 0.000000
vt 0.590464 0.000000
vt 0.465209 0.000000
vt 0.459245 0.000000
vt 0.463221 0.000000
vt 0.795434 0.000000
vt 0.475149 0.000000
vt 0.587197 0.000000
vt 0.461233 0.000000
vt 0.794701 0.000000
vt 0.477137 0.000000
vt 0.584239 0.000000
vt 0.794275 0.000000
vt 0.479125 0.000000
vt 0.582380 0.000000
vt 0.583997 0.000000
vt 0.796152 0.000000
vt 0.795289 0.000000
vt 0.882704 0.000000
vt 0.582775 0.000000
vt 0.794622 0.000000
vt 0.481113 0.000000
vt 0.582152 0.000000
vt 0.794197 0.000000
vt 0.483101 0.000000
vt 0.582625 0.000000
vt 0.582391 0.000000
vt 0.793959 0.000000
vt 0.485089 0.000000
vt 0.584057 0.000000
vt 0.792371 0.000000
vt 0.880716 0.000000
vt 0.584163 0.000000
vt 0.791834 0.000000
vt 0.791178 0.000000
vt 0.878728 0.000000
vt 0.584424 0.000000
vt 0.790553 0.000000
vt 0.487078 0.000000
vt 0.586337 0.000000
vt 0.789389 0.000000
vt 0.876740 0.000000
vt 0.586730 0.000000
vt 0.788812 0.000000
vt 0.489066 0.000000
vt 0.589168 0.000000
vt 0.586862 0.000000
vt 0.788309 0.000000
vt 0.874752 0.000000
vt 0.589732 0.000000
vt 0.788274 0.000000
vt 0.872763 0.000000
vt 0.590391 0.000000
vt 0.787700 0.000000
vt 0.491054 0.000000
vt 0.592796 0.000000
vt 0.787832 0.000000
vt 0.787673 0.000000
vt 0.870775 0.000000
vt 0.593529 0.000000
vt 0.787436 0.000000
vt 0.868787 0.000000
vt 0.594324 0.000000
vt 0.787053 0.000000
vt 0.866799 0.000000
vt 0.595161 0.000000
vt 0.786048 0.000000
vt 0.493042 0.000000
vt 0.597469 0.000000
vt 0.595901 0.000000
vt 0.785298 0.000000
vt 0.864811 0.000000
vt 0.598394 0.000000
vt 0.783931 0.000000
vt 0.862823 0.000000
vt 0.599334 0.000000
vt 0.782810 0.000000
vt 0.495030 0.000000
vt 0.601182 0.000000
vt 0.782523 0.000000
vt 0.779850 0.000000
vt 0.860835 0.000000
vt 0.602111 0.000000
vt 0.778203 0.000000
vt 0.497018 0.000000
vt 0.603166 0.000000
vt 0.603026 0.000000
vt 0.773917 0.000000
vt 0.858847 0.000000
vt 0.604205 0.000000
vt 0.771954 0.000000
vt 0.499006 0.000000
vt 0.604459 0.000000
vt 0.767614 0.000000
vt 0.765828 0.000000
vt 0.856859 0.000000
vt 0.605686 0.000000
vt 0.763144 0.000000
vt 0.500994 0.000000
vt 0.604524 0.000000
vt 0.755715 0.000000
vt 0.854871 0.000000
vt 0.605633 0.000000
vt 0.754473 0.000000
vt 0.502982 0.000000
vt 0.605284 0.000000
vt 0.605586 0.000000
vt 0.753486 0.000000
vt 0.504970 0.000000
vt 0.604804 0.000000
vt 0.752703 0.000000
vt 0.506958 0.000000
vt 0.604177 0.000000
vt 0.752068 0.000000
vt 0.508946 0.000000
vt 0.603401 0.000000
vt 0.751515 0.000000
vt 0.510934 0.000000
vt 0.602474 0.000000
vt 0.750976 0.000000
vt 0.512922 0.000000
vt 0.601393 0.000000
vt 0.750376 0.000000
vt 0.514911 0.000000
vt 0.600155 0.000000
vt 0.749636 0.000000
vt 0.516899 0.000000
vt 0.598756 0.000000
vt 0.748670 0.000000
vt 0.518887 0.000000
vt 0.597192 0.000000
vt 0.747379 0.000000
vt 0.520875 0.000000
vt 0.595457 0.000000
vt 0.742321 0.000000
vt 0.739534 0.000000
vt 0.852883 0.000000
vt 0.596481 0.000000
vt 0.737687 0.000000
vt 0.522863 0.000000
vt 0.594533 0.000000
vt 0.735196 0.000000
vt 0.524851 0.000000
vt 0.592398 0.000000
vt 0.729658 0.000000
vt 0.526839 0.000000
vt 0.588292 0.000000
vt 0.721341 0.000000
vt 0.850895 0.000000
vt 0.589366 0.000000
vt 0.588306 0.000000
vt 0.715015 0.000000
vt 0.528827 0.000000
vt 0.586982 0.000000
vt 0.707703 0.000000
vt 0.710240 0.000000
vt 0.530815 0.000000
vt 0.585776 0.000000
vt 0.698895 0.000000
vt 0.848907 0.000000
vt 0.586739 0.000000
vt 0.586671 0.000000
vt 0.690187 0.000000
vt 0.532803 0.000000
vt 0.587814 0.000000
vt 0.683413 0.000000
vt 0.682416 0.000000
vt 0.846918 0.000000
vt 0.589032 0.000000
vt 0.671468 0.000000
vt 0.534791 0.000000
vt 0.591881 0.000000
vt 0.590321 0.000000
vt 0.664066 0.000000
vt 0.844930 0.000000
vt 0.593621 0.000000
vt 0.650745 0.000000
vt 0.657783 0.000000
vt 0.599442 0.000000
vt 0.597823 0.000000
vt 0.643360 0.000000
vt 0.842942 0.000000
vt 0.602480 0.000000
vt 0.636495 0.000000
vt 0.620197 0.000000
vt 0.608190 0.000000
vt 0.538767 0.000000
vt 0.840954 0.000000
vt 0.540755 0.000000
vt 0.838966 0.000000
vt 0.542744 0.000000
vt 0.836978 0.000000
vt 0.834990 0.000000
vt 0.821074 0.000000
vt 0.819085 0.000000
vt 0.817097 0.000000
vt 0.815109 0.000000
vt 0.823062 0.000000
vt 0.813121 0.000000
vt 0.825050 0.000000
vt 0.544732 0.000000
vt 0.811133 0.000000
vt 0.827038 0.000000
vt 0.829026 0.000000
vt 0.831014 0.000000
vt 0.833002 0.000000
vt 0.809145 0.000000
vt 0.807157 0.000000
vt 0.805169 0.000000
vt 0.803181 0.000000
vt 0.801193 0.000000
vt 0.546720 0.000000
vt 0.799205 0.000000
vt 0.797217 0.000000
vt 0.795229 0.000000
vt 0.793241 0.000000
vt 0.548708 0.000000
vt 0.791252 0.000000
vt 0.789264 0.000000
vt 0.765408 0.000000
vt 0.767396 0.000000
vt 0.763420 0.000000
vt 0.769384 0.000000
vt 0.787276 0.000000
vt 0.761431 0.000000
vt 0.550696 0.000000
vt 0.771372 0.000000
vt 0.759443 0.000000
vt 0.773360 0.000000
vt 0.785288 0.000000
vt 0.775348 0.000000
vt 0.757455 0.000000
vt 0.777336 0.000000
vt 0.783300 0.000000
vt 0.779324 0.000000
vt 0.755467 0.000000
vt 0.781312 0.000000
vt 0.753479 0.000000
vt 0.751491 0.000000
vt 0.749503 0.000000
vt 0.552684 0.000000
vt 0.747515 0.000000
vt 0.745527 0.000000
vt 0.743539 0.000000
vt 0.741551 0.000000
vt 0.554672 0.000000
vt 0.739563 0.000000
vt 0.737575 0.000000
vt 0.719682 0.000000
vt 0.721670 0.000000
vt 0.717694 0.000000
vt 0.723658 0.000000
vt 0.715706 0.000000
vt 0.725646 0.000000
vt 0.735586 0.000000
vt 0.727634 0.000000
vt 0.713718 0.000000
vt 0.729622 0.000000
vt 0.733598 0.000000
vt 0.556660 0.000000
vt 0.731610 0.000000
vt 0.711730 0.000000
vt 0.558648 0.000000
vt 0.709742 0.000000
vt 0.707753 0.000000
vt 0.560636 0.000000
vt 0.705765 0.000000
vt 0.562624 0.000000
vt 0.564612 0.000000
vt 0.703777 0.000000
vt 0.566600 0.000000
vt 0.701789 0.000000
vt 0.568588 0.000000
vt 0.699801 0.000000
vt 0.570577 0.000000
vt 0.697813 0.000000
vt 0.572565 0.000000
vt 0.695825 0.000000
vt 0.574553 0.000000
vt 0.693837 0.000000
vt 0.576541 0.000000
vt 0.691849 0.000000
vt 0.689861 0.000000
vt 0.578529 0.000000
vt 0.687873 0.000000
vt 0.580517 0.000000
vt 0.685885 0.000000
vt 0.582505 0.000000
vt 0.584493 0.000000
vt 0.683897 0.000000
vt 0.586481 0.000000
vt 0.681909 0.000000
vt 0.588469 0.000000
vt 0.628513 0.000000
vt 0.628531 0.000000
vt 0.629501 0.000000
vt 0.631130 0.000000
vt 0.633367 0.000000
vt 0.635388 0.000000
vt 0.679920 0.000000
vt 0.635694 0.000000
vt 0.636430 0.000000
vt 0.636593 0.000000
vt 0.624890 0.000000
vt 0.626111 0.000000
vt 0.640003 0.000000
vt 0.638102 0.000000
vt 0.590457 0.000000
vt 0.625447 0.000000
vt 0.624945 0.000000
vt 0.639953 0.000000
vt 0.639622 0.000000
vt 0.677932 0.000000
vt 0.623329 0.000000
vt 0.625000 0.000000
vt 0.641946 0.000000
vt 0.640603 0.000000
vt 0.592445 0.000000
vt 0.624367 0.000000
vt 0.623614 0.000000
vt 0.641551 0.000000
vt 0.641148 0.000000
vt 0.675944 0.000000
vt 0.622760 0.000000
vt 0.623573 0.000000
vt 0.642891 0.000000
vt 0.642686 0.000000
vt 0.594433 0.000000
vt 0.623858 0.000000
vt 0.623411 0.000000
vt 0.641964 0.000000
vt 0.641949 0.000000
vt 0.673956 0.000000
vt 0.622599 0.000000
vt 0.643200 0.000000
vt 0.596421 0.000000
vt 0.623658 0.000000
vt 0.623654 0.000000
vt 0.622658 0.000000
vt 0.623707 0.000000
vt 0.623858 0.000000
vt 0.642909 0.000000
vt 0.642208 0.000000
vt 0.671968 0.000000
vt 0.622760 0.000000
vt 0.643054 0.000000
vt 0.598410 0.000000
vt 0.623973 0.000000
vt 0.642941 0.000000
vt 0.642136 0.000000
vt 0.669980 0.000000
vt 0.623316 0.000000
vt 0.623859 0.000000
vt 0.642470 0.000000
vt 0.642881 0.000000
vt 0.600398 0.000000
vt 0.624528 0.000000
vt 0.643542 0.000000
vt 0.624545 0.000000
vt 0.602386 0.000000
vt 0.625738 0.000000
vt 0.667992 0.000000
vt 0.643214 0.000000
vt 0.642585 0.000000
vt 0.625416 0.000000
vt 0.625526 0.000000
vt 0.643062 0.000000
vt 0.642874 0.000000
vt 0.626618 0.000000
vt 0.626528 0.000000
vt 0.604374 0.000000
vt 0.643382 0.000000
vt 0.606362 0.000000
vt 0.627789 0.000000
vt 0.666004 0.000000
vt 0.642893 0.000000
vt 0.642185 0.000000
vt 0.627420 0.000000
vt 0.627715 0.000000
vt 0.642294 0.000000
vt 0.642294 0.000000
vt 0.628596 0.000000
vt 0.628192 0.000000
vt 0.608350 0.000000
vt 0.640992 0.000000
vt 0.664016 0.000000
vt 0.628336 0.000000
vt 0.662028 0.000000
vt 0.640649 0.000000
vt 0.639642 0.000000
vt 0.628183 0.000000
vt 0.628256 0.000000
vt 0.639329 0.000000
vt 0.639548 0.000000
vt 0.629514 0.000000
vt 0.628836 0.000000
vt 0.610338 0.000000
vt 0.660040 0.000000
vt 0.638688 0.000000
vt 0.637789 0.000000
vt 0.629625 0.000000
vt 0.629532 0.000000
vt 0.637566 0.000000
vt 0.636823 0.000000
vt 0.636735 0.000000
vt 0.612326 0.000000
vt 0.631419 0.000000
vt 0.631112 0.000000
vt 0.630160 0.000000
vt 0.658052 0.000000
vt 0.635673 0.000000
vt 0.634548 0.000000
vt 0.633505 0.000000
vt 0.632586 0.000000
vt 0.631829 0.000000
vt 0.614314 0.000000
vt 0.656064 0.000000
vt 0.616302 0.000000
vt 0.654076 0.000000
vt 0.618290 0.000000
vt 0.652087 0.000000
vt 0.620278 0.000000
vt 0.650099 0.000000
vt 0.648111 0.000000
vt 0.622266 0.000000
vt 0.624254 0.000000
vt 0.626243 0.000000
vt 0.628231 0.000000
vt 0.646123 0.000000
vt 0.630219 0.000000
vt 0.632207 0.000000
vt 0.644135 0.000000
vt 0.634195 0.000000
vt 0.636183 0.000000
vt 0.642147 0.000000
vt 0.638171 0.000000
vt 0.640159 0.000000
vt 0.018337 0.000000
vt 0.017093 0.000000
vt 0.020340 0.000000
vt 0.016601 0.000000
vt 0.030818 0.000000
vt 0.021366 0.000000
vt 0.029534 0.000000
vt 0.029686 0.000000
vt 0.028892 0.000000
vt 0.021781 0.000000
vt 0.022186 0.000000
vt 0.028440 0.000000
vt 0.032698 0.000000
vt 0.022883 0.000000
vt 0.013531 0.000000
vt 0.028417 0.000000
vt 0.023353 0.000000
vt 0.028472 0.000000
vt 0.034907 0.000000
vt 0.035785 0.000000
vt 0.013323 0.000000
vt 0.023376 0.000000
vt 0.023241 0.000000
vt 0.027795 0.000000
vt 0.011335 0.000000
vt 0.012034 0.000000
vt 0.027780 0.000000
vt 0.023303 0.000000
vt 0.023462 0.000000
vt 0.027818 0.000000
vt 0.037394 0.000000
vt 0.011169 0.000000
vt 0.616514 0.000000
vt 0.545327 0.000000
vt 0.545327 0.000000
vt 0.388810 0.000000
vt 0.388810 0.000000
vt 0.817447 0.000000
vt 0.615343 0.000000
vt 0.544306 0.000000
vt 0.388114 0.000000
vt 0.815861 0.000000
vt 0.614176 0.000000
vt 0.543289 0.000000
vt 0.814280 0.000000
vt 0.613013 0.000000
vt 0.542275 0.000000
vt 0.386728 0.000000
vt 0.812704 0.000000
vt 0.611851 0.000000
vt 0.541262 0.000000
vt 0.811132 0.000000
vt 0.610690 0.000000
vt 0.540251 0.000000
vt 0.809561 0.000000
vt 0.609529 0.000000
vt 0.539239 0.000000
vt 0.384654 0.000000
vt 0.608368 0.000000
vt 0.538226 0.000000
vt 0.806418 0.000000
vt 0.607204 0.000000
vt 0.537212 0.000000
vt 0.383269 0.000000
vt 0.804842 0.000000
vt 0.606036 0.000000
vt 0.536194 0.000000
vt 0.382575 0.000000
vt 0.803260 0.000000
vt 0.604865 0.000000
vt 0.535173 0.000000
vt 0.603689 0.000000
vt 0.534146 0.000000
vt 0.534146 0.000000
vt 0.381182 0.000000
vt 0.800072 0.000000
vt 0.800071 0.000000
vt 0.535364 0.000000
vt 0.603638 0.000000
vt 0.377690 0.000000
vt 0.379385 0.000000
vt 0.806338 0.000000
vt 0.536770 0.000000
vt 0.603656 0.000000
vt 0.373985 0.000000
vt 0.375360 0.000000
vt 0.820646 0.000000
vt 0.553818 0.000000
vt 0.371490 0.000000
vt 0.826714 0.000000
vt 0.554958 0.000000
vt 0.617354 0.000000
vt 0.618722 0.000000
vt 0.367336 0.000000
vt 0.632020 0.000000
vt 0.569807 0.000000
vt 0.362099 0.000000
vt 0.838635 0.000000
vt 0.571009 0.000000
vt 0.356197 0.000000
vt 0.358685 0.000000
vt 0.838815 0.000000
vt 0.843140 0.000000
vt 0.636927 0.000000
vt 0.572118 0.000000
vt 0.845149 0.000000
vt 0.586269 0.000000
vt 0.648917 0.000000
vt 0.341549 0.000000
vt 0.326672 0.000000
vt 0.852190 0.000000
vt 0.587202 0.000000
vt 0.315031 0.000000
vt 0.326667 0.000000
vt 0.854866 0.000000
vt 0.658414 0.000000
vt 0.588189 0.000000
vt 0.856164 0.000000
vt 0.590201 0.000000
vt 0.658574 0.000000
vt 0.673925 0.000000
vt 0.601907 0.000000
vt 0.286494 0.000000
vt 0.258626 0.000000
vt 0.860229 0.000000
vt 0.602623 0.000000
vt 0.677284 0.000000
vt 0.246438 0.000000
vt 0.860475 0.000000
vt 0.859771 0.000000
vt 0.685241 0.000000
vt 0.603358 0.000000
vt 0.859323 0.000000
vt 0.603797 0.000000
vt 0.686565 0.000000
vt 0.693642 0.000000
vt 0.604048 0.000000
vt 0.239368 0.000000
vt 0.748403 0.000000
vt 0.761706 0.000000
vt 0.799671 0.000000
vt 0.856187 0.000000
vt 0.851091 0.000000
vt 0.617321 0.000000
vt 0.698653 0.000000
vt 0.714273 0.000000
vt 0.715083 0.000000
vt 0.242149 0.000000
vt 0.250251 0.000000
vt 0.239046 0.000000
vt 0.801672 0.000000
vt 0.825754 0.000000
vt 0.727913 0.000000
vt 0.848923 0.000000
vt 0.723216 0.000000
vt 0.829481 0.000000
vt 0.839306 0.000000
vt 0.249295 0.000000
vt 0.618298 0.000000
vt 0.617943 0.000000
vt 0.248845 0.000000
vt 0.248647 0.000000
vt 0.626690 0.000000
vt 0.260951 0.000000
vt 0.273874 0.000000
vt 0.625211 0.000000
vt 0.274111 0.000000
vt 0.623859 0.000000
vt 0.620915 0.000000
vt 0.275351 0.000000
vt 0.625232 0.000000
vt 0.305285 0.000000
vt 0.315486 0.000000
vt 0.286964 0.000000
vt 0.619042 0.000000
vt 0.318354 0.000000
vt 0.614274 0.000000
vt 0.612590 0.000000
vt 0.319749 0.000000
vt 0.321490 0.000000
vt 0.324872 0.000000
vt 0.342910 0.000000
vt 0.598597 0.000000
vt 0.347062 0.000000
vt 0.183539 0.000000
vt 0.366957 0.000000
vt 0.239801 0.000000
vt 0.216890 0.000000
vt 0.205710 0.000000
vt 0.196565 0.000000
vt 0.189245 0.000000
vt 0.590651 0.000000
vt 0.180225 0.000000
vt 0.240094 0.000000
vt 0.243242 0.000000
vt 0.178309 0.000000
vt 0.373898 0.000000
vt 0.376310 0.000000
vt 0.246125 0.000000
vt 0.172540 0.000000
vt 0.177033 0.000000
vt 0.398925 0.000000
vt 0.263484 0.000000
vt 0.262599 0.000000
vt 0.728840 0.000000
vt 0.728081 0.000000
vt 0.403962 0.000000
vt 0.738428 0.000000
vt 0.168814 0.000000
vt 0.266572 0.000000
vt 0.168116 0.000000
vt 0.751938 0.000000
vt 0.167570 0.000000
vt 0.553271 0.000000
vt 0.651472 0.000000
vt 0.260957 0.000000
vt 0.264686 0.000000
vt 0.438219 0.000000
vt 0.458327 0.000000
vt 0.483469 0.000000
vt 0.507872 0.000000
vt 0.531238 0.000000
vt 0.782917 0.000000
vt 0.650447 0.000000
vt 0.160838 0.000000
vt 0.162096 0.000000
vt 0.260517 0.000000
vt 0.260529 0.000000
vt 0.649170 0.000000
vt 0.159183 0.000000
vt 0.259921 0.000000
vt 0.156771 0.000000
vt 0.255178 0.000000
vt 0.634825 0.000000
vt 0.809284 0.000000
vt 0.154844 0.000000
vt 0.255233 0.000000
vt 0.255145 0.000000
vt 0.619315 0.000000
vt 0.387789 0.000000
vt 0.826485 0.000000
vt 0.338326 0.000000
vt 0.335927 0.000000
vt 0.252759 0.000000
vt 0.590446 0.000000
vt 0.432544 0.000000
vt 0.152236 0.000000
vt 0.152999 0.000000
vt 0.254804 0.000000
vt 0.252922 0.000000
vt 0.333140 0.000000
vt 0.582205 0.000000
vt 0.464121 0.000000
vt 0.829999 0.000000
vt 0.153964 0.000000
vt 0.257069 0.000000
vt 0.256891 0.000000
vt 0.331148 0.000000
vt 0.566131 0.000000
vt 0.501033 0.000000
vt 0.842789 0.000000
vt 0.153310 0.000000
vt 0.327644 0.000000
vt 0.256018 0.000000
vt 0.541956 0.000000
vt 0.844158 0.000000
vt 0.156284 0.000000
vt 0.260040 0.000000
vt 0.158962 0.000000
vt 0.262345 0.000000
vt 0.261051 0.000000
vt 0.329653 0.000000
vt 0.845398 0.000000
vt 0.161052 0.000000
vt 0.264002 0.000000
vt 0.330374 0.000000
vt 0.845894 0.000000
vt 0.162264 0.000000
vt 0.331426 0.000000
vt 0.265067 0.000000
vt 0.846039 0.000000
vt 0.162698 0.000000
vt 0.856054 0.000000
vt 0.165718 0.000000
vt 0.263378 0.000000
vt 0.331754 0.000000
vt 0.856222 0.000000
vt 0.165769 0.000000
vt 0.167344 0.000000
vt 0.333066 0.000000
vt 0.856364 0.000000
vt 0.334141 0.000000
vt 0.856486 0.000000
vt 0.335057 0.000000
vt 0.259002 0.000000
vt 0.859624 0.000000
vt 0.170882 0.000000
vt 0.256641 0.000000
vt 0.336469 0.000000
vt 0.337724 0.000000
vt 0.256424 0.000000
vt 0.859527 0.000000
vt 0.172520 0.000000
vt 0.339799 0.000000
vt 0.253942 0.000000
vt 0.859443 0.000000
vt 0.173823 0.000000
vt 0.174190 0.000000
vt 0.341763 0.000000
vt 0.251709 0.000000
vt 0.859383 0.000000
vt 0.176245 0.000000
vt 0.343682 0.000000
vt 0.249855 0.000000
vt 0.859357 0.000000
vt 0.178383 0.000000
vt 0.249755 0.000000
vt 0.345622 0.000000
vt 0.247861 0.000000
vt 0.859042 0.000000
vt 0.181605 0.000000
vt 0.240858 0.000000
vt 0.347018 0.000000
vt 0.349741 0.000000
vt 0.239158 0.000000
vt 0.858726 0.000000
vt 0.182498 0.000000
vt 0.184812 0.000000
vt 0.230521 0.000000
vt 0.829538 0.000000
vt 0.185682 0.000000
vt 0.365359 0.000000
vt 0.221646 0.000000
vt 0.221215 0.000000
vt 0.197699 0.000000
vt 0.826421 0.000000
vt 0.824985 0.000000
vt 0.823642 0.000000
vt 0.740617 0.000000
vt 0.419786 0.000000
vt 0.735752 0.000000
vt 0.427712 0.000000
vt 0.731218 0.000000
vt 0.437077 0.000000
vt 0.722353 0.000000
vt 0.726542 0.000000
vt 0.717979 0.000000
vt 0.458974 0.000000
vt 0.466212 0.000000
vt 0.703924 0.000000
vt 0.480638 0.000000
vt 0.700791 0.000000
vt 0.483439 0.000000
vt 0.698342 0.000000
vt 0.491027 0.000000
vt 0.494283 0.000000
vt 0.691504 0.000000
vt 0.499033 0.000000
vt 0.322505 0.000000
vt 0.304912 0.000000
vt 0.166998 0.000000
vt 0.340419 0.000000
vt 0.334597 0.000000
vt 0.341958 0.000000
vt 0.342871 0.000000
vt 0.304400 0.000000
vt 0.300144 0.000000
vt 0.168986 0.000000
vt 0.343803 0.000000
vt 0.296115 0.000000
vt 0.344322 0.000000
vt 0.596267 0.000000
vt 0.580539 0.000000
vt 0.560064 0.000000
vt 0.356604 0.000000
vt 0.352397 0.000000
vt 0.835452 0.000000
vt 0.813641 0.000000
vt 0.802570 0.000000
vt 0.789617 0.000000
vt 0.293235 0.000000
vt 0.292172 0.000000
vt 0.835251 0.000000
vt 0.356340 0.000000
vt 0.555776 0.000000
vt 0.612951 0.000000
vt 0.835069 0.000000
vt 0.551310 0.000000
vt 0.356034 0.000000
vt 0.289077 0.000000
vt 0.176938 0.000000
vt 0.746468 0.000000
vt 0.617659 0.000000
vt 0.834912 0.000000
vt 0.355820 0.000000
vt 0.545953 0.000000
vt 0.355833 0.000000
vt 0.285885 0.000000
vt 0.834696 0.000000
vt 0.356210 0.000000
vt 0.284679 0.000000
vt 0.739587 0.000000
vt 0.633997 0.000000
vt 0.628416 0.000000
vt 0.357087 0.000000
vt 0.543211 0.000000
vt 0.733931 0.000000
vt 0.731340 0.000000
vt 0.647877 0.000000
vt 0.360827 0.000000
vt 0.284048 0.000000
vt 0.536979 0.000000
vt 0.363668 0.000000
vt 0.284889 0.000000
vt 0.683175 0.000000
vt 0.835020 0.000000
vt 0.366328 0.000000
vt 0.536837 0.000000
vt 0.286276 0.000000
vt 0.835217 0.000000
vt 0.194831 0.000000
vt 0.287796 0.000000
vt 0.835425 0.000000
vt 0.536944 0.000000
vt 0.371586 0.000000
vt 0.196819 0.000000
vt 0.289416 0.000000
vt 0.835640 0.000000
vt 0.374166 0.000000
vt 0.291156 0.000000
vt 0.296104 0.000000
vt 0.843175 0.000000
vt 0.389980 0.000000
vt 0.298067 0.000000
vt 0.843294 0.000000
vt 0.299986 0.000000
vt 0.843406 0.000000
vt 0.536727 0.000000
vt 0.394679 0.000000
vt 0.301835 0.000000
vt 0.843506 0.000000
vt 0.396916 0.000000
vt 0.303585 0.000000
vt 0.843589 0.000000
vt 0.399067 0.000000
vt 0.843651 0.000000
vt 0.306677 0.000000
vt 0.843686 0.000000
vt 0.537683 0.000000
vt 0.403074 0.000000
vt 0.843546 0.000000
vt 0.536555 0.000000
vt 0.308673 0.000000
vt 0.843411 0.000000
vt 0.535523 0.000000
vt 0.406369 0.000000
vt 0.309052 0.000000
vt 0.843280 0.000000
vt 0.534576 0.000000
vt 0.407220 0.000000
vt 0.406665 0.000000
vt 0.309111 0.000000
vt 0.843155 0.000000
vt 0.407711 0.000000
vt 0.308943 0.000000
vt 0.843035 0.000000
vt 0.407964 0.000000
vt 0.842921 0.000000
vt 0.308290 0.000000
vt 0.842814 0.000000
vt 0.408310 0.000000
vt 0.842712 0.000000
vt 0.408678 0.000000
vt 0.307840 0.000000
vt 0.409364 0.000000
vt 0.842528 0.000000
vt 0.410505 0.000000
vt 0.536063 0.000000
vt 0.311280 0.000000
vt 0.845041 0.000000
vt 0.536190 0.000000
vt 0.423768 0.000000
vt 0.422148 0.000000
vt 0.312268 0.000000
vt 0.844946 0.000000
vt 0.536544 0.000000
vt 0.426454 0.000000
vt 0.313854 0.000000
vt 0.844937 0.000000
vt 0.315929 0.000000
vt 0.844980 0.000000
vt 0.539193 0.000000
vt 0.432361 0.000000
vt 0.845063 0.000000
vt 0.540908 0.000000
vt 0.435526 0.000000
vt 0.244533 0.000000
vt 0.320999 0.000000
vt 0.845176 0.000000
vt 0.542737 0.000000
vt 0.438778 0.000000
vt 0.246521 0.000000
vt 0.323852 0.000000
vt 0.845309 0.000000
vt 0.544638 0.000000
vt 0.442077 0.000000
vt 0.248509 0.000000
vt 0.326823 0.000000
vt 0.845451 0.000000
vt 0.445387 0.000000
vt 0.447950 0.000000
vt 0.331024 0.000000
vt 0.845723 0.000000
vt 0.452258 0.000000
vt 0.845832 0.000000
vt 0.455692 0.000000
vt 0.845909 0.000000
vt 0.341410 0.000000
vt 0.846261 0.000000
vt 0.846883 0.000000
vt 0.587817 0.000000
vt 0.590915 0.000000
vt 0.473411 0.000000
vt 0.346768 0.000000
vt 0.846905 0.000000
vt 0.488901 0.000000
vt 0.349188 0.000000
vt 0.846875 0.000000
vt 0.351274 0.000000
vt 0.495557 0.000000
vt 0.498495 0.000000
vt 0.846597 0.000000
vt 0.600024 0.000000
vt 0.499791 0.000000
vt 0.846471 0.000000
vt 0.352106 0.000000
vt 0.599602 0.000000
vt 0.499975 0.000000
vt 0.846209 0.000000
vt 0.846088 0.000000
vt 0.599224 0.000000
vt 0.599201 0.000000
vt 0.500180 0.000000
vt 0.845984 0.000000
vt 0.599593 0.000000
vt 0.349410 0.000000
vt 0.845903 0.000000
vt 0.350023 0.000000
vt 0.845855 0.000000
vt 0.508990 0.000000
vt 0.351653 0.000000
vt 0.845846 0.000000
vt 0.605982 0.000000
vt 0.515615 0.000000
vt 0.845885 0.000000
vt 0.610505 0.000000
vt 0.524471 0.000000
vt 0.616688 0.000000
vt 0.536031 0.000000
vt 0.363841 0.000000
vt 0.364931 0.000000
vt 0.369699 0.000000
vt 0.845896 0.000000
vt 0.624701 0.000000
vt 0.545971 0.000000
vt 0.373432 0.000000
vt 0.566436 0.000000
vt 0.556153 0.000000
vt 0.378452 0.000000
vt 0.294235 0.000000
vt 0.381369 0.000000
vt 0.569862 0.000000
vt 0.383556 0.000000
vt 0.843937 0.000000
vt 0.661354 0.000000
vt 0.570945 0.000000
vt 0.384012 0.000000
vt 0.385141 0.000000
vt 0.662065 0.000000
vt 0.571749 0.000000
vt 0.386313 0.000000
vt 0.572334 0.000000
vt 0.663093 0.000000
vt 0.572736 0.000000
vt 0.388045 0.000000
vt 0.844007 0.000000
vt 0.663596 0.000000
vt 0.573156 0.000000
vt 0.664214 0.000000
vt 0.573659 0.000000
vt 0.389929 0.000000
vt 0.844041 0.000000
vt 0.665037 0.000000
vt 0.574310 0.000000
vt 0.391292 0.000000
vt 0.843348 0.000000
vt 0.666208 0.000000
vt 0.573397 0.000000
vt 0.842667 0.000000
vt 0.666666 0.000000
vt 0.572015 0.000000
vt 0.391000 0.000000
vt 0.666607 0.000000
vt 0.666566 0.000000
vt 0.570304 0.000000
vt 0.841366 0.000000
vt 0.665882 0.000000
vt 0.568414 0.000000
vt 0.837938 0.000000
vt 0.689235 0.000000
vt 0.570353 0.000000
vt 0.687511 0.000000
vt 0.384288 0.000000
vt 0.835364 0.000000
vt 0.383802 0.000000
vt 0.686973 0.000000
vt 0.566998 0.000000
vt 0.834588 0.000000
vt 0.687986 0.000000
vt 0.565424 0.000000
vt 0.384606 0.000000
vt 0.387842 0.000000
vt 0.834122 0.000000
vt 0.566406 0.000000
vt 0.392969 0.000000
vt 0.568177 0.000000
vt 0.395516 0.000000
vt 0.827875 0.000000
vt 0.401130 0.000000
vt 0.827656 0.000000
vt 0.719839 0.000000
vt 0.406026 0.000000
vt 0.827532 0.000000
vt 0.571069 0.000000
vt 0.412557 0.000000
vt 0.827458 0.000000
vt 0.724800 0.000000
vt 0.571890 0.000000
vt 0.418096 0.000000
vt 0.727034 0.000000
vt 0.572985 0.000000
vt 0.748425 0.000000
vt 0.750960 0.000000
vt 0.672849 0.000000
vt 0.641963 0.000000
vt 0.571498 0.000000
vt 0.423855 0.000000
vt 0.574263 0.000000
vt 0.623892 0.000000
vt 0.574549 0.000000
vt 0.434492 0.000000
vt 0.685034 0.000000
vt 0.815832 0.000000
vt 0.574539 0.000000
vt 0.435852 0.000000
vt 0.815677 0.000000
vt 0.685979 0.000000
vt 0.815638 0.000000
vt 0.815695 0.000000
vt 0.756537 0.000000
vt 0.688966 0.000000
vt 0.622775 0.000000
vt 0.690864 0.000000
vt 0.623106 0.000000
vt 0.578692 0.000000
vt 0.448033 0.000000
vt 0.816024 0.000000
vt 0.623197 0.000000
vt 0.580400 0.000000
vt 0.448830 0.000000
vt 0.452354 0.000000
vt 0.816256 0.000000
vt 0.624604 0.000000
vt 0.582230 0.000000
vt 0.456985 0.000000
vt 0.696907 0.000000
vt 0.584111 0.000000
vt 0.626124 0.000000
vt 0.585974 0.000000
vt 0.466725 0.000000
vt 0.816975 0.000000
vt 0.765898 0.000000
vt 0.626696 0.000000
vt 0.587753 0.000000
vt 0.817156 0.000000
vt 0.767668 0.000000
vt 0.703552 0.000000
vt 0.476588 0.000000
vt 0.705772 0.000000
vt 0.627082 0.000000
vt 0.481675 0.000000
vt 0.707943 0.000000
vt 0.591439 0.000000
vt 0.772906 0.000000
vt 0.623446 0.000000
vt 0.491662 0.000000
vt 0.723073 0.000000
vt 0.715166 0.000000
vt 0.777738 0.000000
vt 0.587745 0.000000
vt 0.724445 0.000000
vt 0.587868 0.000000
vt 0.587831 0.000000
vt 0.499418 0.000000
vt 0.620527 0.000000
vt 0.587417 0.000000
vt 0.503491 0.000000
vt 0.726556 0.000000
vt 0.726899 0.000000
vt 0.620276 0.000000
vt 0.586679 0.000000
vt 0.619954 0.000000
vt 0.585704 0.000000
vt 0.728084 0.000000
vt 0.619874 0.000000
vt 0.585156 0.000000
vt 0.513601 0.000000
vt 0.619906 0.000000
vt 0.584582 0.000000
vt 0.729774 0.000000
vt 0.584426 0.000000
vt 0.579091 0.000000
vt 0.579091 0.000000
vt 0.579109 0.000000
vt 0.579112 0.000000
vt 0.532613 0.000000
vt 0.538249 0.000000
vt 0.566856 0.000000
vt 0.617977 0.000000
vt 0.617579 0.000000
vt 0.555159 0.000000
vt 0.745244 0.000000
vt 0.747951 0.000000
vt 0.620566 0.000000
vt 0.750513 0.000000
vt 0.759068 0.000000
vt 0.619993 0.000000
vt 0.761323 0.000000
vt 0.621113 0.000000
vt 0.763417 0.000000
vt 0.765339 0.000000
vt 0.620801 0.000000
vt 0.621581 0.000000
vt 0.622126 0.000000
vt 0.622402 0.000000
vt 0.792144 0.000000
vt 0.793038 0.000000
vt 0.797243 0.000000
vt 0.804450 0.000000
vt 0.590464 0.000000
vt 0.796327 0.000000
vt 0.796152 0.000000
vt 0.582151 0.000000
vt 0.582391 0.000000
vt 0.794197 0.000000
vt 0.584057 0.000000
vt 0.793959 0.000000
vt 0.791834 0.000000
vt 0.791178 0.000000
vt 0.586862 0.000000
vt 0.590391 0.000000
vt 0.787832 0.000000
vt 0.787673 0.000000
vt 0.594324 0.000000
vt 0.787053 0.000000
vt 0.595901 0.000000
vt 0.786048 0.000000
vt 0.598394 0.000000
vt 0.783931 0.000000
vt 0.779850 0.000000
vt 0.603026 0.000000
vt 0.778203 0.000000
vt 0.773917 0.000000
vt 0.763144 0.000000
vt 0.605633 0.000000
vt 0.605284 0.000000
vt 0.753486 0.000000
vt 0.751515 0.000000
vt 0.750976 0.000000
vt 0.601393 0.000000
vt 0.748670 0.000000
vt 0.597192 0.000000
vt 0.747379 0.000000
vt 0.595457 0.000000
vt 0.742321 0.000000
vt 0.739534 0.000000
vt 0.735196 0.000000
vt 0.721341 0.000000
vt 0.589366 0.000000
vt 0.715015 0.000000
vt 0.710240 0.000000
vt 0.586671 0.000000
vt 0.690186 0.000000
vt 0.587813 0.000000
vt 0.589032 0.000000
vt 0.599442 0.000000
vt 0.602480 0.000000
vt 0.636495 0.000000
vt 0.620197 0.000000
vt 0.633367 0.000000
vt 0.629501 0.000000
vt 0.628531 0.000000
vt 0.636430 0.000000
vt 0.625447 0.000000
vt 0.623329 0.000000
vt 0.623614 0.000000
vt 0.622760 0.000000
vt 0.642686 0.000000
vt 0.622599 0.000000
vt 0.623654 0.000000
vt 0.642909 0.000000
vt 0.643054 0.000000
vt 0.623859 0.000000
vt 0.624528 0.000000
vt 0.642469 0.000000
vt 0.643542 0.000000
vt 0.625526 0.000000
vt 0.626618 0.000000
vt 0.642874 0.000000
vt 0.628336 0.000000
vt 0.639548 0.000000
vt 0.638688 0.000000
vt 0.630160 0.000000
vt 0.636823 0.000000
vt 0.632587 0.000000
vt 0.105609 0.000000
vt 0.105609 0.000000
vt 0.267948 0.000000
vt 0.619085 0.000000
vt 0.899881 0.000000
vt 0.899881 0.000000
vt 0.267948 0.000000
vt 0.105440 0.000000
vt 0.106383 0.000000
vt 0.105440 0.000000
vt 0.098196 0.000000
vt 0.089951 0.000000
vt 0.085106 0.000000
vt 0.085106 0.000000
vt 0.098196 0.000000
vt 0.897486 0.000000
vt 0.914894 0.000000
vt 0.897486 0.000000
vt 0.893617 0.000000
vt 0.547358 0.000000
vt 0.553191 0.000000
vt 0.546794 0.000000
vt 0.546248 0.000000
vt 0.545721 0.000000
vt 0.545218 0.000000
vt 0.544741 0.000000
vt 0.531915 0.000000
vt 0.544741 0.000000
vt 0.545721 0.000000
vt 0.546795 0.000000
vt 0.168410 0.000000
vt 0.170213 0.000000
vt 0.168410 0.000000
vt 0.163213 0.000000
vt 0.157069 0.000000
vt 0.149792 0.000000
vt 0.148936 0.000000
vt 0.163213 0.000000
vt 0.446809 0.000000
vt 0.468085 0.000000
vt 0.212766 0.000000
vt 0.234043 0.000000
vt 0.361702 0.000000
vt 0.382979 0.000000
vt 0.361702 0.000000
vt 0.758342 0.000000
vt 0.765957 0.000000
vt 0.755658 0.000000
vt 0.753180 0.000000
vt 0.750859 0.000000
vt 0.744681 0.000000
vt 0.744681 0.000000
vt 0.750859 0.000000
vt 0.753180 0.000000
vt 0.755658 0.000000
vt 0.814559 0.000000
vt 0.829787 0.000000
vt 0.808511 0.000000
vt 0.276596 0.000000
vt 0.297872 0.000000
vt 0.654585 0.000000
vt 0.659574 0.000000
vt 0.654585 0.000000
vt 0.652903 0.000000
vt 0.651197 0.000000
vt 0.649445 0.000000
vt 0.638298 0.000000
vt 0.649445 0.000000
vt 0.651197 0.000000
vt 0.851064 0.000000
vt 0.434264 0.000000
vt 0.432355 0.000000
vt 0.430579 0.000000
vt 0.428937 0.000000
vt 0.427430 0.000000
vt 0.425532 0.000000
vt 0.428937 0.000000
vt 0.430579 0.000000
vt 0.432355 0.000000
vt 0.992070 0.000000
vt 0.992070 0.000000
vt 0.981638 0.000000
vt 0.978723 0.000000
vt 0.981638 0.000000
vt 0.059792 0.000000
vt 0.063830 0.000000
vt 0.059792 0.000000
vt 0.056746 0.000000
vt 0.053271 0.000000
vt 0.049404 0.000000
vt 0.045183 0.000000
vt 0.042553 0.000000
vt 0.042553 0.000000
vt 0.045183 0.000000
vt 0.056746 0.000000
vt 0.350121 0.000000
vt 0.346754 0.000000
vt 0.343635 0.000000
vt 0.340771 0.000000
vt 0.340426 0.000000
vt 0.340426 0.000000
vt 0.343635 0.000000
vt 0.255319 0.000000
vt 0.603167 0.000000
vt 0.617021 0.000000
vt 0.603167 0.000000
vt 0.601918 0.000000
vt 0.600594 0.000000
vt 0.595745 0.000000
vt 0.510638 0.000000
vt 0.778271 0.000000
vt 0.787234 0.000000
vt 0.774980 0.000000
vt 0.772007 0.000000
vt 0.577587 0.000000
vt 0.577587 0.000000
vt 0.576365 0.000000
vt 0.575812 0.000000
vt 0.575267 0.000000
vt 0.574733 0.000000
vt 0.574468 0.000000
vt 0.575267 0.000000
vt 0.119092 0.000000
vt 0.127660 0.000000
vt 0.112672 0.000000
vt 0.502824 0.000000
vt 0.502113 0.000000
vt 0.501454 0.000000
vt 0.500857 0.000000
vt 0.500330 0.000000
vt 0.498917 0.000000
vt 0.497620 0.000000
vt 0.489362 0.000000
vt 0.497620 0.000000
vt 0.498917 0.000000
vt 0.500330 0.000000
vt 0.502113 0.000000
vt 0.189224 0.000000
vt 0.191489 0.000000
vt 0.184974 0.000000
vt 0.178576 0.000000
vt 0.173658 0.000000
vt 0.173658 0.000000
vt 0.178576 0.000000
vt 0.627536 0.000000
vt 0.626160 0.000000
vt 0.624717 0.000000
vt 0.624717 0.000000
vt 0.626160 0.000000
vt 0.404255 0.000000
vt 0.701442 0.000000
vt 0.702128 0.000000
vt 0.695583 0.000000
vt 0.687764 0.000000
vt 0.682159 0.000000
vt 0.680851 0.000000
vt 0.680851 0.000000
vt 0.687764 0.000000
vt 0.802522 0.000000
vt 0.795543 0.000000
vt 0.337705 0.000000
vt 0.337705 0.000000
vt 0.334844 0.000000
vt 0.332245 0.000000
vt 0.328566 0.000000
vt 0.325913 0.000000
vt 0.324060 0.000000
vt 0.322704 0.000000
vt 0.321490 0.000000
vt 0.320028 0.000000
vt 0.319149 0.000000
vt 0.322704 0.000000
vt 0.324060 0.000000
vt 0.325913 0.000000
vt 0.332245 0.000000
vt 0.334844 0.000000
vt 0.878423 0.000000
vt 0.872340 0.000000
vt 0.936170 0.000000
vt 0.957447 0.000000
vt 0.018366 0.000000
vt 0.021277 0.000000
vt 0.014043 0.000000
vt 0.005969 0.000000
vt 0.001554 0.000000
vt 0.001554 0.000000
vt 0.014043 0.000000
vt 0.704347 0.000000
vt 0.723404 0.000000
vt 0.076393 0.000000
vt 0.076393 0.000000
vt 0.068325 0.000000
vt 0.142870 0.000000
vt 0.142870 0.000000
vt 0.856317 0.000000
vt 0.204155 0.000000
vt 0.204155 0.000000
vt 0.200255 0.000000
vt 0.197461 0.000000
vt 0.195053 0.000000
vt 0.192258 0.000000
vt 0.195053 0.000000
vt 0.200255 0.000000
vt 0.961703 0.000000
vt 0.961703 0.000000
vt 0.730877 0.000000
vt 0.728085 0.000000
vt 0.724019 0.000000
vt 0.724019 0.000000
vt 0.317426 0.000000
vt 0.317426 0.000000
vt 0.932137 0.000000
vt 0.035611 0.000000
vt 0.031533 0.000000
vt 0.027226 0.000000
vt 0.022723 0.000000
vt 0.702128 0.000000
vt 0.186335 0.000000
vt 0.186335 0.000000
vt 0.191489 0.000000
vt 0.984487 0.000000
vt 0.991298 0.000000
vt 0.991299 0.000000
vt 0.991302 0.000000
vt 0.991307 0.000000
vt 0.991312 0.000000
vt 0.991318 0.000000
vt 0.991325 0.000000
vt 0.991332 0.000000
vt 0.991339 0.000000
vt 0.991345 0.000000
vt 0.991349 0.000000
vt 0.991352 0.000000
vt 0.991353 0.000000
vt 0.991349 0.000000
vt 0.991344 0.000000
vt 0.991318 0.000000
vt 0.991312 0.000000
vt 0.991306 0.000000
vt 0.991298 0.000000
vt 0.924549 0.000000
vt 0.933039 0.000000
vt 0.329954 0.000000
vt 0.329954 0.000000
vt 0.854108 0.000000
vt 0.854109 0.000000
vt 0.868443 0.000000
vt 0.033625 0.000000
vt 0.413670 0.000000
vt 0.413670 0.000000
vt 0.419356 0.000000
vt 0.419356 0.000000
vt 0.503310 0.000000
vt 0.603005 0.000000
vt 0.603005 0.000000
vt 0.259493 0.000000
vt 0.266848 0.000000
vt 0.274531 0.000000
vt 0.274531 0.000000
vt 0.102923 0.000000
vt 0.436534 0.000000
vt 0.436534 0.000000
vt 0.202976 0.000000
vt 0.202976 0.000000
vt 0.959349 0.000000
vt 0.959349 0.000000
vt 0.966636 0.000000
vt 0.977231 0.000000
vt 0.977230 0.000000
vt 0.342772 0.000000
vt 0.348946 0.000000
vt 0.348946 0.000000
vt 0.774940 0.000000
vt 0.787234 0.000000
vt 0.006270 0.000000
vt 0.006270 0.000000
vt 0.019795 0.000000
vt 0.019795 0.000000
vt 0.640978 0.000000
vt 0.640978 0.000000
vt 0.806916 0.000000
vt 0.806916 0.000000
vt 0.893750 0.000000
vt 0.893750 0.000000
vt 0.903768 0.000000
vt 0.913193 0.000000
vt 0.746696 0.000000
vt 0.080608 0.000000
vt 0.362364 0.000000
vt 0.362363 0.000000
vt 0.376626 0.000000
vt 0.382497 0.000000
vt 0.382979 0.000000
vt 0.382497 0.000000
vt 0.376626 0.000000
vt 0.455004 0.000000
vt 0.460969 0.000000
vt 0.149211 0.000000
vt 0.835307 0.000000
vt 0.878163 0.000000
vt 0.941035 0.000000
vt 0.941035 0.000000
vt 0.951830 0.000000
vt 0.951830 0.000000
vt 0.531459 0.000000
vt 0.531459 0.000000
vt 0.148561 0.000000
vt 0.148561 0.000000
vt 0.311253 0.000000
vt 0.318177 0.000000
vt 0.318180 0.000000
vt 0.318185 0.000000
vt 0.318193 0.000000
vt 0.318204 0.000000
vt 0.318215 0.000000
vt 0.318227 0.000000
vt 0.318240 0.000000
vt 0.318251 0.000000
vt 0.318262 0.000000
vt 0.318270 0.000000
vt 0.318275 0.000000
vt 0.318277 0.000000
vt 0.318270 0.000000
vt 0.318251 0.000000
vt 0.318227 0.000000
vt 0.318185 0.000000
vt 0.880599 0.000000
vt 0.880599 0.000000
vt 0.549708 0.000000
vt 0.397541 0.000000
vt 0.481160 0.000000
vt 0.231051 0.000000
vt 0.226858 0.000000
vt 0.221014 0.000000
vt 0.226858 0.000000
vt 0.399917 0.000000
vt 0.393420 0.000000
vt 0.385832 0.000000
vt 0.385832 0.000000
vt 0.742081 0.000000
vt 0.731995 0.000000
vt 0.723404 0.000000
vt 0.731995 0.000000
vt 0.166805 0.000000
vt 0.159440 0.000000
vt 0.173585 0.000000
vt 0.173585 0.000000
vt 0.378980 0.000000
vt 0.371214 0.000000
vt 0.365297 0.000000
vt 0.365297 0.000000
vt 0.371213 0.000000
vt 0.423319 0.000000
vt 0.423319 0.000000
vt 0.414236 0.000000
vt 0.408311 0.000000
vt 0.408311 0.000000
vt 0.414236 0.000000
vt 0.851060 0.000000
vt 0.851059 0.000000
vt 0.200316 0.000000
vt 0.193627 0.000000
vt 0.355992 0.000000
vt 0.350353 0.000000
vt 0.346482 0.000000
vt 0.350353 0.000000
vt 0.116490 0.000000
vt 0.109767 0.000000
vt 0.718313 0.000000
vt 0.141065 0.000000
vt 0.133941 0.000000
vt 0.670991 0.000000
vt 0.544265 0.000000
vt 0.206588 0.000000
vt 0.669706 0.000000
vt 0.667099 0.000000
vt 0.665285 0.000000
vt 0.659575 0.000000
vt 0.665284 0.000000
vt 0.667098 0.000000
vt 0.866026 0.000000
vt 0.861587 0.000000
vt 0.856212 0.000000
vt 0.615301 0.000000
vt 0.600236 0.000000
vt 0.143934 0.000000
vt 0.135741 0.000000
vt 0.303520 0.000000
vt 0.303520 0.000000
vt 0.531442 0.000000
vt 0.525406 0.000000
vt 0.513171 0.000000
vt 0.525406 0.000000
vt 0.738162 0.000000
vt 0.732056 0.000000
vt 0.732056 0.000000
vt 0.295449 0.000000
vt 0.295449 0.000000
vt 0.955708 0.000000
vt 0.945649 0.000000
vt 0.944595 0.000000
vt 0.943072 0.000000
vt 0.229750 0.000000
vt 0.229750 0.000000
vt 0.012301 0.000000
vt 0.012301 0.000000
vt 0.009865 0.000000
vt 0.000121 0.000000
vt 0.000121 0.000000
vt 0.765958 0.000000
vt 0.649885 0.000000
vt 0.649885 0.000000
vt 0.083539 0.000000
vt 0.083539 0.000000
vt 0.066995 0.000000
vt 0.064385 0.000000
vt 0.066995 0.000000
vt 0.378233 0.000000
vt 0.378233 0.000000
vt 0.362577 0.000000
vt 0.590885 0.000000
vt 0.590885 0.000000
vt 0.577221 0.000000
vt 0.577221 0.000000
vt 0.164125 0.000000
vt 0.164125 0.000000
vt 0.156066 0.000000
vt 0.152010 0.000000
vt 0.446190 0.000000
vt 0.438892 0.000000
vt 0.432112 0.000000
vt 0.425939 0.000000
vt 0.099517 0.000000
vt 0.099517 0.000000
vt 0.091503 0.000000
vt 0.091503 0.000000
vt 0.507322 0.000000
vt 0.507322 0.000000
vt 0.501312 0.000000
vt 0.495358 0.000000
vt 0.495358 0.000000
vt 0.501312 0.000000
vt 0.239620 0.000000
vt 0.239620 0.000000
vt 0.036920 0.000000
vt 0.034526 0.000000
vt 0.022827 0.000000
vt 0.022827 0.000000
vt 0.034526 0.000000
vt 0.909016 0.000000
vt 0.909016 0.000000
vt 0.906606 0.000000
vt 0.906606 0.000000
vt 0.564202 0.000000
vt 0.564202 0.000000
vt 0.556556 0.000000
vt 0.556556 0.000000
vt 0.186176 0.000000
vt 0.179426 0.000000
vt 0.171731 0.000000
vt 0.179426 0.000000
vt 0.745032 0.000000
vt 0.987711 0.000000
vt 0.987711 0.000000
vt 0.698843 0.000000
vt 0.698843 0.000000
vt 0.694845 0.000000
vt 0.694845 0.000000
vt 0.419382 0.000000
vt 0.419382 0.000000
vt 0.631861 0.000000
vt 0.127216 0.000000
vt 0.119098 0.000000
vt 0.110757 0.000000
vt 0.107528 0.000000
vt 0.119098 0.000000
vt 0.488263 0.000000
vt 0.488263 0.000000
vt 0.481614 0.000000
vt 0.475109 0.000000
vt 0.468790 0.000000
vt 0.481614 0.000000
vt 0.049910 0.000000
s 0
usemtl SVGMat
f 405/1/1 414/2/1 421/3/1
f 399/4/1 405/1/1 421/3/1
f 399/4/1 421/3/1 426/5/1
f 390/6/1 399/4/1 426/5/1
f 390/6/1 426/5/1 428/7/1
f 383/8/1 390/6/1 428/7/1
f 383/8/1 428/7/1 432/9/1
f 383/8/1 432/9/1 436/10/1
f 379/11/1 383/8/1 436/10/1
f 379/11/1 436/10/1 440/12/1
f 370/13/1 379/11/1 440/12/1
f 370/13/1 440/12/1 445/14/1
f 370/13/1 445/14/1 449/15/1
f 340/16/1 370/13/1 449/15/1
f 340/16/1 449/15/1 452/17/1
f 325/18/1 340/16/1 452/17/1
f 325/18/1 452/17/1 458/19/1
f 325/18/1 458/19/1 462/20/1
f 325/18/1 462/20/1 464/21/1
f 325/18/1 464/21/1 306/22/1
f 306/22/1 464/21/1 468/23/1 1929/24/1 335/25/1 1923/26/1
f 335/25/1 1929/24/1 1923/26/1
f 468/23/1 471/27/1 1900/28/1 321/29/1 330/30/1 1929/24/1
f 1872/31/1 306/22/1 1923/26/1 345/32/1
f 389/33/1 2207/34/1 1917/35/1 295/36/1 1900/28/1 471/27/1 472/37/1 2195/38/1 391/39/1
f 1902/40/1 306/22/1 1872/31/1 350/41/1
f 387/42/1 2126/43/1 1892/44/1 242/45/1 291/46/1 1917/35/1 2207/34/1
f 2195/38/1 472/37/1 2118/47/1 393/48/1
f 375/49/1 1899/50/1 274/51/1 306/22/1 1902/40/1 359/52/1 365/53/1
f 2125/54/1 1909/55/1 222/56/1 1892/44/1 2126/43/1
f 2118/47/1 472/37/1 475/57/1 2119/58/1
f 1898/59/1 274/51/1 1899/50/1
f 1897/60/1 274/51/1 1898/59/1
f 380/61/1 1943/62/1 21/63/1 274/51/1 1897/60/1 377/64/1
f 2140/65/1 476/66/1 478/67/1 2141/68/1
f 1941/69/1 21/63/1 1943/62/1
f 2141/70/2 478/67/2 2143/71/2
f 1942/72/2 971/73/2 21/63/2 1941/74/2
f 2143/71/1 478/67/1 2144/75/1
f 1939/76/1 970/77/1 971/73/1 1942/72/1
f 2144/75/2 478/67/2 2145/78/2
f 1940/79/3 969/80/3 970/77/3 1939/76/3
f 2145/78/1 478/67/1 2146/81/1
f 1937/82/1 968/83/1 969/80/1 1940/79/1
f 2146/81/1 478/67/1 2147/84/1
f 1938/85/1 967/86/1 968/83/1 1937/82/1
f 2147/84/2 478/67/2 2148/87/2
f 1935/88/1 966/89/1 967/86/1 1938/85/1
f 2148/87/4 478/67/4 2149/90/4
f 1936/91/1 965/92/1 966/89/1 1935/88/1
f 2149/90/2 478/67/2 2150/93/2
f 1933/94/1 964/95/1 965/92/1 1936/91/1
f 2150/93/1 478/67/1 2151/96/1
f 1934/97/1 963/98/1 964/95/1 1933/94/1
f 2151/96/2 478/67/2 2152/99/2
f 1931/100/3 962/101/3 963/98/3 1934/97/3
f 2152/99/2 478/67/2 2153/102/2
f 1932/103/1 961/104/1 962/101/1 1931/100/1
f 1930/105/2 960/106/2 961/104/2 1932/107/2
f 2153/108/2 478/67/2 2154/109/2
f 1930/105/1 385/110/1 1889/111/1 959/112/1 960/106/1
f 2154/109/1 478/67/1 2198/113/1 397/114/1
f 1889/111/1 388/115/1 1907/116/1 958/117/1 959/112/1
f 2198/113/1 478/67/1 2199/118/1
f 1906/119/1 958/117/1 1907/116/1
f 1905/120/1 2168/121/1 2167/122/1 1903/123/1
f 1906/119/1 392/124/1 1919/125/1 957/126/1 958/117/1
f 1903/123/1 2167/122/1 381/127/1 2109/128/1 1904/129/1
f 957/126/1 1919/125/1 1920/130/1 956/131/1
f 2201/132/1 480/133/1 2120/134/1 398/135/1
f 1918/136/1 956/131/1 1920/130/1
f 2120/134/1 480/133/1 482/137/1 2121/138/1
f 1918/136/1 396/139/1 1946/140/1 955/141/1 956/131/1
f 2106/142/1 1887/143/1 460/144/1 1927/145/1 2107/146/1
f 1946/140/1 401/147/1 1894/148/1 954/149/1 955/141/1
f 1887/143/1 2106/142/1 378/150/1 2135/151/1 1888/152/1
f 1893/153/1 954/149/1 1894/148/1
f 484/154/1 2164/155/1 403/156/1 2130/157/1 482/137/1
f 1893/153/1 407/158/1 1901/159/1 953/160/1 954/149/1
f 1915/161/1 2133/162/1 2134/163/1 1913/164/1
f 1901/159/1 410/165/1 1922/166/1 952/167/1 953/160/1
f 1913/164/1 2134/163/1 2132/168/1 1914/169/1
f 2193/170/1 484/154/1 2194/171/1
f 1921/172/1 952/167/1 1922/166/1
f 411/173/1 409/174/1 406/175/1 2194/171/1 484/154/1 486/176/1 2183/177/1 415/178/1 413/179/1
f 1921/172/1 412/180/1 1947/181/1 951/182/1 952/167/1
f 2114/183/1 1890/184/1 454/185/1 1944/186/1 2115/187/1
f 2183/177/1 486/176/1 2184/188/1
f 1947/181/1 418/189/1 1895/190/1 950/191/1 951/182/1
f 1890/184/1 2114/183/1 2113/192/1 1891/193/1
f 2184/188/1 486/176/1 2185/194/1
f 1895/190/1 420/195/1 1928/196/1 949/197/1 950/191/1
f 1911/198/1 435/199/1 437/200/1 439/201/1 441/202/1 443/203/1 1916/204/1
f 1945/205/1 949/197/1 1928/196/1 423/206/1
f 1911/198/1 1916/204/1 444/207/1 1908/208/1 1896/209/1 430/210/1 433/211/1
f 1896/209/1 1908/208/1 446/212/1 1912/213/1 2203/214/1 2202/215/1 948/216/1 949/197/1 1945/205/1 425/217/1 427/218/1 429/219/1
f 2116/220/1 488/221/1 2117/222/1
f 947/223/1 2158/224/1 2157/225/1 946/226/1
f 2187/227/1 490/228/1 2197/229/1 188/230/1
f 2127/231/1 944/232/1 945/233/1 2128/234/1
f 2155/235/1 493/236/1 2156/237/1
f 944/232/1 2127/231/1 356/238/1 2162/239/1 943/240/1
f 2156/237/1 493/236/1 2191/241/1 254/242/1
f 2161/243/1 942/244/1 943/240/1 2162/239/1
f 2191/241/1 493/236/1 2192/245/1
f 2163/246/1 942/244/1 2161/243/1
f 495/247/1 2205/248/1 271/249/1 2192/245/1 493/236/1
f 942/244/1 2163/246/1 353/250/1 2111/251/1 941/252/1
f 2205/248/1 495/247/1 2206/253/1
f 2110/254/1 941/252/1 2111/251/1
f 495/247/1 496/255/1 2339/256/1 357/257/1 355/258/1 352/259/1 351/260/1 348/261/1 2394/262/1 2123/263/1 282/264/1 2206/253/1
f 2112/265/1 940/266/1 941/252/1 2110/254/1
f 2339/256/1 496/255/1 2340/267/1
f 2394/262/1 346/268/1 2351/269/1 2124/270/1 2123/263/1
f 2394/262/1 2410/271/1 346/268/1
f 940/266/1 2112/265/1 349/272/1 2138/273/1 939/274/1
f 2340/267/1 496/255/1 2341/275/1
f 2351/269/1 2350/276/1 2131/277/1 296/278/1 2124/270/1
f 2137/279/1 939/274/1 2138/273/1
f 496/255/1 499/280/1 2387/281/1 360/282/1 358/283/1 2341/275/1
f 343/284/1 2397/285/1 2166/286/1 301/287/1 2131/277/1 2350/276/1 344/288/1
f 2139/289/1 1724/290/1 487/291/1 1707/292/1 938/293/1 939/274/1 2137/279/1
f 2387/281/1 499/280/1 2388/294/1
f 2166/286/1 2397/285/1 2396/295/1 2165/296/1
f 487/291/1 1724/290/1 1707/292/1
f 1706/297/1 938/293/1 1707/292/1
f 489/298/1 1724/290/1 2139/289/1 347/299/1 2190/300/1 1735/301/1
f 499/280/1 501/302/1 2355/303/1 364/304/1 363/305/1 2388/294/1
f 341/306/1 2337/307/1 2103/308/1 310/309/1 2165/296/1 2396/295/1
f 1735/301/1 1746/310/1 489/298/1
f 938/293/1 1706/297/1 1705/311/1 937/312/1
f 2189/313/1 1737/314/1 1735/301/1 2190/300/1
f 2355/303/1 501/302/1 2356/315/1
f 2103/308/1 2337/307/1 2336/316/1 2104/317/1
f 937/312/1 1705/311/1 1704/318/1 936/319/1
f 2188/320/1 1736/321/1 1737/314/1 2189/313/1
f 2356/315/1 501/302/1 2357/322/1
f 2104/317/1 2336/316/1 2335/323/1 2105/324/1
f 1660/325/1 935/326/1 936/319/1 1704/318/1 485/327/1 483/328/1
f 491/329/1 1736/321/1 2188/320/1 342/330/1 337/331/1 332/332/1 329/333/1 327/334/1 317/335/1 2105/324/1 2335/323/1 338/336/1 2363/337/1 1652/338/1
f 2357/322/1 501/302/1 2358/339/1
f 1704/318/1 1745/340/1 485/327/1
f 1659/341/1 935/326/1 1660/325/1
f 2363/337/1 336/342/1 2399/343/1 1653/344/1 1652/338/1
f 501/302/1 503/345/1 2395/346/1 369/347/1 367/348/1 2358/339/1
f 1658/349/1 935/326/1 1659/341/1
f 2399/343/1 334/350/1 2342/351/1 1654/352/1 1653/344/1
f 503/345/1 505/353/1 2360/354/1 60/355/1 371/356/1 2395/346/1
f 2360/354/1 2409/357/1 60/355/1
f 1657/358/1 935/326/1 1658/349/1
f 2343/359/1 1655/360/1 1654/352/1 2342/351/1
f 2360/354/1 505/353/1 507/361/1 2361/362/1
f 935/326/1 1657/358/1 481/363/1 1703/364/1 934/365/1
f 2369/366/1 1680/367/1 492/368/1 1655/360/1 2343/359/1 333/369/1
f 2361/362/1 507/361/1 2362/370/1
f 1702/371/1 934/365/1 1703/364/1
f 2370/372/1 1681/373/1 1680/367/1 2369/366/1
f 2386/374/1 97/375/1 2362/370/1 507/361/1 508/376/1
f 1701/377/1 934/365/1 1702/371/1
f 1739/378/1 1682/379/1 1681/373/1 2370/372/1 331/380/1 2390/381/1 1734/382/1 510/383/1 509/384/1
f 2386/374/1 508/376/1 511/385/1 2384/386/1
f 509/384/1 1744/387/1 1739/378/1
f 1734/382/1 1744/387/1 509/384/1 510/383/1
f 934/365/1 1701/377/1 479/388/1 1678/389/1 933/390/1
f 2390/381/1 2389/391/1 1666/392/1 513/393/1 1734/382/1
f 2384/386/1 511/385/1 2385/394/1
f 1708/395/1 494/396/1 1682/379/1 1739/378/1 506/397/1 1641/398/1
f 1679/399/1 933/390/1 1678/389/1
f 2389/391/1 328/400/1 2333/401/1 1667/402/1 1666/392/1
f 2408/403/1 148/404/1 2385/394/1 511/385/1 512/405/1
f 1719/406/1 1709/407/1 1708/395/1 1641/398/1 504/408/1
f 1677/409/1 933/390/1 1679/399/1
f 515/410/1 1667/402/1 2333/401/1 326/411/1 2349/412/1 1637/413/1
f 2366/414/1 157/415/1 2408/403/1 512/405/1 514/416/1
f 1709/407/1 1719/406/1 502/417/1 1728/418/1 1656/419/1 497/420/1
f 933/390/1 1677/409/1 477/421/1 1687/422/1 932/423/1
f 2348/424/1 1635/425/1 1637/413/1 2349/412/1
f 2366/414/1 514/416/1 2364/426/1
f 500/427/1 498/428/1 1656/419/1 1728/418/1
f 1686/429/1 932/423/1 1687/422/1
f 2347/430/1 1634/431/1 1635/425/1 2348/424/1
f 2364/426/1 514/416/1 516/432/1 2365/433/1
f 1685/434/1 932/423/1 1686/429/1
f 2347/430/1 324/435/1 2382/436/1 1636/437/1 1634/431/1
f 2379/438/1 180/439/1 2365/433/1 516/432/1 517/440/1
f 1684/441/1 932/423/1 1685/434/1
f 2382/436/1 2381/442/1 1723/443/1 178/444/1 1636/437/1
f 2379/438/1 517/440/1 518/445/1 2378/446/1
f 1683/447/1 932/423/1 1684/441/1
f 2380/448/1 1721/449/1 1723/443/1 2381/442/1
f 2403/450/1 200/451/1 2378/446/1 518/445/1 519/452/1
f 1647/453/1 931/454/1 932/423/1 1683/447/1 474/455/1 473/456/1
f 2380/448/1 322/457/1 2407/458/1 1720/459/1 1721/449/1
f 2403/450/1 519/452/1 2402/460/1
f 1646/461/1 931/454/1 1647/453/1
f 2406/462/1 1722/463/1 1720/459/1 2407/458/1
f 520/464/1 2400/465/1 2402/460/1 519/452/1
f 1645/466/1 931/454/1 1646/461/1
f 2406/462/1 2405/467/1 1743/468/1 261/469/1 1722/463/1
f 2400/465/1 520/464/1 521/470/1 2401/471/1
f 1644/472/1 931/454/1 1645/466/1
f 1743/468/1 2405/467/1 2404/473/1 1741/474/1
f 2344/475/1 204/476/1 2401/471/1 521/470/1 522/477/1
f 1643/478/1 931/454/1 1644/472/1
f 2404/473/1 319/479/1 2353/480/1 1740/481/1 1741/474/1
f 523/482/1 2345/483/1 2344/475/1 522/477/1
f 1642/484/1 931/454/1 1643/478/1
f 2352/485/1 1742/486/1 1740/481/1 2353/480/1
f 2373/487/1 229/488/1 2345/483/1 523/482/1 524/489/1
f 931/454/1 1642/484/1 470/490/1 469/491/1 1696/492/1 930/493/1
f 312/494/1 1742/486/1 2352/485/1 314/495/1 2377/496/1 1668/497/1
f 2373/487/1 524/489/1 2371/498/1
f 1695/499/1 930/493/1 1696/492/1
f 1668/497/1 2377/496/1 2376/500/1 1669/501/1
f 525/502/1 2372/503/1 2371/498/1 524/489/1
f 1694/504/1 930/493/1 1695/499/1
f 1669/501/1 2376/500/1 2375/505/1 1670/506/1
f 2391/507/1 234/508/1 2372/503/1 525/502/1 526/509/1
f 1693/510/1 930/493/1 1694/504/1
f 1670/506/1 2375/505/1 2374/511/1 1671/512/1
f 527/513/1 2392/514/1 2391/507/1 526/509/1
f 1692/515/1 930/493/1 1693/510/1
f 2374/511/1 309/516/1 2398/517/1 1672/518/1 1671/512/1
f 528/519/1 2393/520/1 2392/514/1 527/513/1
f 1691/521/1 930/493/1 1692/515/1
f 339/522/1 1672/518/1 2398/517/1 305/523/1 2338/524/1 1725/525/1
f 528/519/1 529/526/1 2334/527/1 247/528/1 2393/520/1
f 1690/529/1 930/493/1 1691/521/1
f 2338/524/1 302/530/1 2367/531/1 1726/532/1 1725/525/1
f 2359/533/1 251/534/1 2334/527/1 529/526/1 530/535/1
f 930/493/1 1690/529/1 467/536/1 461/537/1 457/538/1 1663/539/1 929/540/1
f 2367/531/1 2368/541/1 1640/542/1 354/543/1 1726/532/1
f 2359/533/1 530/535/1 2383/544/1 256/545/1
f 1662/546/1 929/540/1 1663/539/1
f 1638/547/1 1640/542/1 2368/541/1 298/548/1 293/549/1 289/550/1 2346/551/1
f 530/535/1 531/552/1 2354/553/1 278/554/1 267/555/1 2383/544/1
f 1661/556/1 929/540/1 1662/546/1
f 1639/557/1 1638/547/1 2346/551/1 287/558/1 2354/553/1 531/552/1 532/559/1
f 287/558/1 2346/551/1 2354/553/1
f 1664/560/1 929/540/1 1661/556/1
f 533/561/1 1688/562/1 361/563/1 1639/557/1 532/559/1
f 1665/564/1 929/540/1 1664/560/1
f 534/565/1 1689/566/1 1688/562/1 533/561/1
f 929/540/1 1665/564/1 455/567/1 451/568/1 447/569/1 442/570/1 1673/571/1 928/572/1
f 1689/566/1 534/565/1 1727/573/1 372/574/1
f 1674/575/1 928/572/1 1673/571/1
f 535/576/1 1651/577/1 386/578/1 1727/573/1 534/565/1
f 1675/579/1 928/572/1 1674/575/1
f 536/580/1 1649/581/1 1651/577/1 535/576/1
f 1676/582/1 928/572/1 1675/579/1
f 537/583/1 1648/584/1 1649/581/1 536/580/1
f 1715/585/1 928/572/1 1676/582/1 438/586/1
f 538/587/1 1650/588/1 1648/584/1 537/583/1
f 1714/589/1 928/572/1 1715/585/1
f 539/590/1 1700/591/1 394/592/1 1650/588/1 538/587/1
f 1713/593/1 928/572/1 1714/589/1
f 540/594/1 1698/595/1 1700/591/1 539/590/1
f 1712/596/1 928/572/1 1713/593/1
f 541/597/1 1697/598/1 1698/595/1 540/594/1
f 1711/599/1 928/572/1 1712/596/1
f 542/600/1 1699/601/1 1697/598/1 541/597/1
f 1710/602/1 928/572/1 1711/599/1
f 543/603/1 1733/604/1 402/605/1 1699/601/1 542/600/1
f 1733/604/1 1747/606/1 402/605/1
f 1716/607/1 928/572/1 1710/602/1
f 544/608/1 1732/609/1 1733/604/1 543/603/1
f 1717/610/1 928/572/1 1716/607/1
f 545/611/1 1729/612/1 1732/609/1 544/608/1
f 1718/613/1 928/572/1 1717/610/1
f 546/614/1 1730/615/1 1729/612/1 545/611/1
f 1738/616/1 928/572/1 1718/613/1 434/617/1
f 547/618/1 1731/619/1 1730/615/1 546/614/1
f 927/620/1 928/572/1 1738/616/1 431/621/1 424/622/1 422/623/1 416/624/1 408/625/1 1731/619/1 547/618/1
f 422/623/1 424/622/1 416/624/1
f 431/621/1 416/624/1 424/622/1
f 548/626/1 927/620/1 547/618/1
f 549/627/1 927/620/1 548/626/1
f 550/628/1 927/620/1 549/627/1
f 551/629/1 927/620/1 550/628/1
f 555/630/1 3771/631/1 3770/632/1 554/633/1
f 3144/634/2 238/635/2 4297/636/2 71/635/2 4512/637/2
f 4359/638/2 235/639/2 4330/640/2 66/639/2 68/641/2
f 4297/636/2 4296/642/2 71/635/2
f 71/635/2 4296/642/2 237/641/2 4359/638/2 68/641/2
f 4330/640/2 4329/643/2 66/639/2
f 4329/643/5 233/644/5 4325/645/5 65/644/5 66/639/5
f 86/646/6 4364/647/6 255/646/6 3024/648/6 4376/649/6
f 4364/647/2 86/646/2 4365/650/2
f 4325/645/1 231/651/1 4324/652/1 61/653/1 63/651/1 65/644/1
f 3220/654/1 259/655/1 4360/656/1 89/657/1 90/655/1 4589/658/1
f 89/657/1 4360/656/1 257/657/1 4365/650/1 86/646/1
f 61/653/7 4323/659/7 228/660/7 4338/661/7 58/662/7
f 4323/659/2 61/653/2 4324/652/2
f 58/662/1 4336/663/1 224/664/1 3075/665/1 4432/665/1
f 4336/663/2 58/662/2 4337/666/2
f 4337/666/2 58/662/2 4338/661/2
f 4364/647/2 4921/667/2 255/646/2
f 238/635/2 4975/668/2 4297/636/2
f 4658/669/2 4659/670/2 224/664/2
f 235/639/2 4969/671/2 4330/640/2
f 4323/659/2 4968/672/2 228/660/2
f 4336/663/1 4658/669/1 224/664/1
f 4976/673/2 4658/669/2 4336/663/2 4337/666/2
f 3799/674/1 555/630/1 556/675/1 3800/676/1
f 3247/677/1 260/678/1 4362/679/1 93/678/1 4620/680/1
f 4363/681/1 93/678/1 4362/679/1
f 4363/681/1 3220/654/1 4589/658/1 93/678/1
f 4431/682/1 926/683/1 4432/665/1
f 3075/665/2 3073/684/2 4431/682/2 4432/665/2
f 4375/685/1 4513/686/1 4512/637/1 4376/649/1
f 3145/687/2 3144/634/2 4512/637/2 4513/686/2
f 3024/648/2 3023/688/2 4375/685/2 4376/649/2
f 260/678/2 4924/689/2 4362/679/2
f 4621/690/1 3248/691/1 3247/677/1 4620/680/1
f 4429/692/1 926/683/1 4431/682/1
f 3073/684/2 3074/693/2 4429/692/2 4431/682/2
f 84/694/1 4452/695/1 4514/696/1 4513/686/1 4375/685/1
f 4375/685/1 3023/688/1 4293/697/1 84/694/1
f 4514/696/8 3146/698/8 3145/687/8 4513/686/8
f 84/694/1 4293/697/1 253/694/1 3094/699/1 4452/695/1
f 4622/700/1 3249/701/1 3248/691/1 4621/690/1
f 4430/702/1 926/683/1 4429/692/1
f 3074/693/1 3071/703/1 4430/702/1 4429/692/1
f 4451/704/1 4515/705/1 4514/696/1 4452/695/1
f 3147/706/1 3146/698/1 4514/696/1 4515/705/1
f 3094/699/2 3093/707/2 4451/704/2 4452/695/2
f 559/708/1 3803/709/1 3802/710/1 558/711/1
f 3250/712/2 3249/701/2 4622/700/2 4623/713/2
f 4427/714/1 926/683/1 4430/702/1
f 4430/702/1 3071/703/1 3072/715/1 4427/714/1
f 4450/716/1 4516/717/1 4515/705/1 4451/704/1
f 3148/718/2 3147/706/2 4515/705/2 4516/717/2
f 3093/707/1 3092/719/1 4450/716/1 4451/704/1
f 560/720/1 3804/721/1 3803/709/1 559/708/1
f 3251/722/1 3250/712/1 4623/713/1 4624/723/1
f 4428/724/1 926/683/1 4427/714/1
f 4427/714/1 3072/715/1 3069/725/1 4428/724/1
f 4449/726/1 4517/727/1 4516/717/1 4450/716/1
f 3149/728/1 3148/718/1 4516/717/1 4517/727/1
f 3092/719/2 3091/729/2 4449/726/2 4450/716/2
f 3804/721/1 560/720/1 561/730/1 3839/731/1 150/732/1
f 4469/733/1 3111/734/1 262/735/1 4372/736/1 94/735/1
f 4373/737/2 94/735/2 4372/736/2
f 4373/737/2 4374/738/2 94/735/2
f 4624/723/1 94/735/1 4374/738/1 3251/722/1
f 4425/739/1 926/683/1 4428/724/1
f 4428/724/1 3069/725/1 3070/740/1 4425/739/1
f 82/741/1 4492/742/1 4518/743/1 4517/727/1 4449/726/1
f 4449/726/1 3091/729/1 4308/744/1 82/741/1
f 82/741/2 4307/745/2 250/746/2 3129/747/2 4492/742/2
f 4307/745/2 82/741/2 4308/744/2
f 4518/743/1 3150/748/1 3149/728/1 4517/727/1
f 3310/749/1 4923/750/1 4374/738/1 4373/737/1 4664/751/1
f 4374/738/1 4923/750/1 3251/722/1
f 262/735/2 4984/752/2 4372/736/2
f 4664/751/2 4373/737/2 4372/736/2 4984/752/2
f 262/735/2 4982/753/2 4984/752/2
f 3310/749/1 4664/751/1 4985/754/1
f 4664/751/2 4984/752/2 4982/753/2 3311/755/2 4985/754/2
f 250/746/1 4307/745/1 4930/756/1
f 562/757/1 3838/758/1 3839/731/1 561/730/1
f 4470/759/1 3109/759/1 3111/734/1 4469/733/1
f 4424/760/1 926/683/1 4425/739/1
f 3070/740/2 3067/761/2 4424/760/2 4425/739/2
f 4493/762/1 4519/763/1 4518/743/1 4492/742/1
f 3151/764/2 3150/748/2 4518/743/2 4519/763/2
f 3129/747/1 3128/765/1 4493/762/1 4492/742/1
f 166/766/1 3846/767/1 4471/768/1 4470/759/1 3815/769/1
f 4471/768/2 3108/770/2 3109/759/2 4470/759/2
f 4426/771/1 926/683/1 4424/760/1
f 3067/761/1 3068/772/1 4426/771/1 4424/760/1
f 73/773/1 4519/763/1 4493/762/1 80/774/1 4521/775/1 4541/776/1
f 3170/777/1 241/778/1 4326/779/1 73/773/1 4541/776/1
f 4519/763/2 73/773/2 4326/779/2 3151/764/2
f 4493/762/1 3128/765/1 4322/780/1 80/774/1
f 4322/780/2 249/781/2 3153/782/2 4521/775/2 80/774/2
f 564/783/1 3832/784/1 3837/785/1 563/786/1
f 3845/787/1 4472/788/1 4471/768/1 3846/767/1
f 3110/788/2 3108/770/2 4471/768/2 4472/788/2
f 4423/789/1 926/683/1 4426/771/1
f 4426/771/1 3068/772/1 3065/790/1 4423/789/1
f 4541/776/1 4521/775/1 4522/791/1 4542/792/1
f 3171/793/2 3170/777/2 4541/776/2 4542/792/2
f 3153/782/1 3152/794/1 4522/791/1 4521/775/1
f 3832/784/1 564/783/1 565/795/1 3833/796/1
f 3844/797/1 4568/798/1 2/799/1 14/799/1 118/800/1 286/800/1 116/801/1 285/801/1 114/802/1 283/802/1 112/799/1 281/803/1 110/803/1 279/803/1 109/804/1 276/804/1 107/804/1 275/804/1 105/804/1 272/804/1 102/805/1 270/805/1 101/804/1 269/804/1 99/804/1 266/804/1 96/804/1 4472/788/1 3845/787/1
f 3193/798/9 14/799/9 2/799/9 4568/798/9
f 4319/804/2 96/804/2 264/804/2
f 4320/804/2 96/804/2 4319/804/2
f 4321/804/2 96/804/2 4320/804/2
f 96/804/1 4321/804/1 3110/788/1 4472/788/1
f 4422/806/1 926/683/1 4423/789/1
f 4423/789/1 3065/790/1 3066/807/1 4422/806/1
f 4542/792/1 4522/791/1 79/808/1 4563/809/1 4543/810/1
f 4543/810/1 3172/811/1 3171/793/1 4542/792/1
f 3152/794/2 4328/812/2 79/808/2 4522/791/2
f 79/808/2 4328/812/2 4327/813/2
f 285/801/1 3264/814/1 4802/815/1 114/802/1
f 3263/816/10 283/802/10 114/802/10 4802/815/10
f 283/802/11 3263/816/11 4803/817/11 112/799/11
f 3327/817/2 281/803/2 112/799/2 4803/817/2
f 3340/818/1 279/803/1 110/803/1 4978/818/1
f 281/803/1 3327/817/1 4978/818/1 110/803/1
f 272/804/1 3343/819/1 4808/820/1 102/805/1
f 3342/821/1 270/805/1 102/805/1 4808/820/1
f 279/803/12 3340/818/12 4672/822/12 109/804/12
f 3341/822/10 276/804/10 109/804/10 4672/822/10
f 3353/823/2 286/800/2 118/800/2 4752/823/2
f 14/799/1 3193/798/1 4752/823/1 118/800/1
f 286/800/1 3353/823/1 4753/814/1 116/801/1
f 3264/814/1 285/801/1 116/801/1 4753/814/1
f 264/804/2 4749/824/2 4319/804/2
f 4750/825/2 4320/804/2 4319/804/2 4749/824/2
f 4748/826/2 4749/824/2 264/804/2
f 4327/813/2 4751/827/2 246/828/2
f 270/805/1 3342/821/1 4724/829/1 101/804/1
f 3376/830/2 269/804/2 101/804/2 4724/829/2
f 4747/831/2 3390/831/2 266/804/2 99/804/2
f 269/804/1 3376/830/1 4747/831/1 99/804/1
f 3391/832/2 264/804/2 96/804/2 4666/832/2
f 266/804/2 3390/831/2 4666/832/2 96/804/2
f 3400/833/2 275/804/2 107/804/2 4730/834/2
f 276/804/13 3341/822/13 4730/834/13 107/804/13
f 275/804/1 3400/833/1 4824/819/1 105/804/1
f 3343/819/1 272/804/1 105/804/1 4824/819/1
f 3843/835/1 4567/836/1 4568/798/1 3844/797/1
f 3194/836/2 3193/798/2 4568/798/2 4567/836/2
f 4420/837/1 926/683/1 4422/806/1
f 4422/806/1 3066/807/1 3063/838/1 4420/837/1
f 4543/810/1 4563/809/1 76/839/1 74/840/1
f 4339/841/2 3172/811/2 4543/810/2 74/840/2
f 74/840/1 4361/842/1 243/843/1 4339/841/1
f 76/839/3 4340/844/3 245/839/3 4361/842/3 74/840/3
f 3189/845/2 4340/844/2 76/839/2 4563/809/2
f 3263/816/1 3329/846/1 4734/847/1 4803/817/1
f 3334/848/2 3327/817/2 4803/817/2 4734/847/2
f 3329/846/2 3263/816/2 4802/815/2 4754/846/2
f 3264/814/1 3328/849/1 4754/846/1 4802/815/1
f 3340/818/1 3344/850/1 4756/851/1 4672/822/1
f 3352/851/2 3341/822/2 4672/822/2 4756/851/2
f 3344/850/1 3340/818/1 4978/818/1 4755/850/1
f 3327/817/1 3334/848/1 4755/850/1 4978/818/1
f 3353/823/1 3354/852/1 4728/853/1 4753/814/1
f 3328/849/2 3264/814/2 4753/814/2 4728/853/2
f 3354/852/2 3353/823/2 4752/823/2 4732/854/2
f 3193/798/1 3194/836/1 4732/854/1 4752/823/1
f 4724/829/1 3342/821/1 3388/855/1 4742/856/1
f 3387/857/2 3376/830/2 4724/829/2 4742/856/2
f 3388/855/2 3342/821/2 4808/820/2 4757/855/2
f 3343/819/1 3389/858/1 4757/855/1 4808/820/1
f 3390/831/2 3392/859/2 4665/859/2 4666/832/2
f 3399/860/2 3391/832/2 4666/832/2 4665/859/2
f 4723/859/1 3392/859/1 3390/831/1 4747/831/1
f 3376/830/1 3387/857/1 4723/859/1 4747/831/1
f 3400/833/1 3401/861/1 4731/858/1 4824/819/1
f 3389/858/2 3343/819/2 4824/819/2 4731/858/2
f 3401/861/1 3400/833/1 4730/834/1 4736/861/1
f 3341/822/1 3352/851/1 4736/861/1 4730/834/1
f 3842/862/1 4566/863/1 4567/836/1 3843/835/1
f 3191/863/2 3194/836/2 4567/836/2 4566/863/2
f 4421/864/1 926/683/1 4420/837/1
f 3063/838/2 3064/865/2 4421/864/2 4420/837/2
f 3330/866/2 3329/846/2 4754/846/2 4727/866/2
f 3328/849/1 3336/867/1 4727/866/1 4754/846/1
f 3335/868/2 3334/848/2 4734/847/2 4743/869/2
f 3329/846/1 3330/866/1 4743/869/1 4734/847/1
f 3344/850/1 3346/870/1 4735/871/1 4756/851/1
f 3351/871/2 3352/851/2 4756/851/2 4735/871/2
f 3346/870/2 3344/850/2 4755/850/2 4733/872/2
f 3334/848/1 3335/868/1 4733/872/1 4755/850/1
f 3354/852/1 3355/873/1 4745/867/1 4728/853/1
f 3336/867/2 3328/849/2 4728/853/2 4745/867/2
f 3355/873/2 3354/852/2 4732/854/2 4790/863/2
f 3194/836/1 3191/863/1 4790/863/1 4732/854/1
f 4742/856/1 3388/855/1 3385/874/1 4741/875/1
f 3384/875/2 3387/857/2 4742/856/2 4741/875/2
f 3392/859/2 3393/876/2 4670/876/2 4665/859/2
f 3398/877/2 3399/860/2 4665/859/2 4670/876/2
f 4740/876/1 3393/876/1 3392/859/1 4723/859/1
f 3387/857/1 3384/875/1 4740/876/1 4723/859/1
f 3389/858/1 3386/878/1 4738/879/1 4757/855/1
f 3385/874/2 3388/855/2 4757/855/2 4738/879/2
f 3401/861/1 3402/880/1 4737/878/1 4731/858/1
f 3386/878/2 3389/858/2 4731/858/2 4737/878/2
f 3402/880/2 3401/861/2 4736/861/2 4793/881/2
f 3352/851/1 3351/871/1 4793/881/1 4736/861/1
f 3841/882/1 4565/883/1 4566/863/1 3842/862/1
f 3192/883/1 3191/863/1 4566/863/1 4565/883/1
f 4419/884/1 926/683/1 4421/864/1
f 3064/865/2 3062/885/2 4419/884/2 4421/864/2
f 3337/886/2 3330/866/2 4727/866/2 4744/886/2
f 3336/867/1 3339/887/1 4744/886/1 4727/866/1
f 3338/888/2 3335/868/2 4743/869/2 4981/889/2
f 3330/866/1 3337/886/1 4981/889/1 4743/869/1
f 3346/870/1 3347/890/1 4792/891/1 4735/871/1
f 3350/892/2 3351/871/2 4735/871/2 4792/891/2
f 3347/890/2 3346/870/2 4733/872/2 4791/890/2
f 3335/868/1 3338/888/1 4791/890/1 4733/872/1
f 3355/873/1 3356/893/1 4797/894/1 4745/867/1
f 3339/887/2 3336/867/2 4745/867/2 4797/894/2
f 3356/893/1 3355/873/1 4790/863/1 4796/883/1
f 3191/863/2 3192/883/2 4796/883/2 4790/863/2
f 3385/874/1 3382/895/1 4762/896/1 4741/875/1
f 3381/896/2 3384/875/2 4741/875/2 4762/896/2
f 3393/876/2 3394/897/2 4667/898/2 4670/876/2
f 3397/898/2 3398/877/2 4670/876/2 4667/898/2
f 4739/897/1 3394/897/1 3393/876/1 4740/876/1
f 3384/875/1 3381/896/1 4739/897/1 4740/876/1
f 3386/878/1 3383/899/1 4726/895/1 4738/879/1
f 3382/895/1 3385/874/1 4738/879/1 4726/895/1
f 3402/880/1 3403/900/1 4794/899/1 4737/878/1
f 3383/899/1 3386/878/1 4737/878/1 4794/899/1
f 3403/900/2 3402/880/2 4793/881/2 4758/901/2
f 3351/871/1 3350/892/1 4758/901/1 4793/881/1
f 569/902/1 3880/903/1 145/904/1 3836/905/1 568/906/1
f 3840/907/1 4564/908/1 4565/883/1 3841/882/1
f 3190/908/1 3192/883/1 4565/883/1 4564/908/1
f 4599/909/1 926/683/1 4419/884/1 57/910/1
f 4419/884/2 3062/885/2 4301/911/2 57/910/2
f 57/910/1 4298/912/1 220/913/1 3227/909/1 4599/909/1
f 4298/912/2 57/910/2 4299/912/2
f 4299/912/2 57/910/2 4300/912/2
f 4300/912/2 57/910/2 4301/911/2
f 3331/914/1 3338/888/1 4981/889/1 4799/914/1
f 3337/886/1 3332/915/1 4799/914/1 4981/889/1
f 3347/890/1 3348/916/1 4801/917/1 4792/891/1
f 3349/918/1 3350/892/1 4792/891/1 4801/917/1
f 3348/916/1 3347/890/1 4791/890/1 4800/919/1
f 3338/888/1 3331/914/1 4800/919/1 4791/890/1
f 3339/887/1 3333/920/1 4798/915/1 4744/886/1
f 3332/915/2 3337/886/2 4744/886/2 4798/915/2
f 3356/893/1 3357/921/1 4805/922/1 4797/894/1
f 3333/920/2 3339/887/2 4797/894/2 4805/922/2
f 3357/921/2 3356/893/2 4796/883/2 4671/921/2
f 3192/883/2 3190/908/2 4671/921/2 4796/883/2
f 4300/912/2 4991/923/2 4914/924/2 4299/912/2
f 4298/912/2 4989/925/2 220/913/2
f 4299/912/2 4914/924/2 4989/925/2 4298/912/2
f 220/913/2 4913/926/2 4912/927/2
f 4762/896/1 3382/895/1 3379/928/1 4761/929/1
f 3380/929/1 3381/896/1 4762/896/1 4761/929/1
f 3394/897/1 3395/930/1 4935/930/1 4667/898/1
f 3396/931/2 3397/898/2 4667/898/2 4935/930/2
f 4760/930/2 3395/930/2 3394/897/2 4739/897/2
f 3381/896/1 3380/929/1 4760/930/1 4739/897/1
f 3383/899/1 3378/932/1 4725/933/1 4726/895/1
f 3379/928/2 3382/895/2 4726/895/2 4725/933/2
f 3403/900/1 3404/934/1 4759/932/1 4794/899/1
f 3378/932/2 3383/899/2 4794/899/2 4759/932/2
f 3404/934/1 3403/900/1 4758/901/1 4827/934/1
f 3350/892/1 3349/918/1 4827/934/1 4758/901/1
f 4913/926/2 4989/925/2 4914/924/2 4990/935/2
f 220/913/1 4989/925/1 4913/926/1
f 3880/903/1 569/902/1 3878/936/1
f 25/937/1 4341/937/1 3/937/1 4564/908/1 3840/907/1 168/938/1 3901/939/1 3254/940/1
f 4341/937/2 4342/937/2 3/937/2
f 4343/937/2 3/937/2 4342/937/2
f 4343/937/2 4344/937/2 3/937/2
f 4345/937/2 3/937/2 4344/937/2
f 4346/937/2 3/937/2 4345/937/2
f 4347/941/2 3/937/2 4346/937/2
f 4348/942/2 3/937/2 4347/941/2
f 4564/908/2 3/937/2 4358/943/2 3190/908/2
f 4358/943/14 3/937/14 4357/944/14
f 4357/944/2 3/937/2 4356/945/2
f 4356/945/15 3/937/15 4355/946/15
f 4355/946/2 3/937/2 4354/947/2
f 4354/947/14 3/937/14 4353/948/14
f 4353/948/2 3/937/2 4352/949/2
f 4352/949/1 3/937/1 4351/950/1
f 4351/950/2 3/937/2 4350/951/2
f 4350/951/16 3/937/16 4349/952/16
f 4349/952/2 3/937/2 4348/942/2
f 4394/953/1 925/954/1 926/683/1 4599/909/1 55/955/1
f 3227/909/1 4366/956/1 55/955/1 4599/909/1
f 55/955/1 4367/956/1 216/957/1 3042/953/1 4394/953/1
f 4367/956/2 55/955/2 4366/956/2
f 4627/937/2 25/937/2 4628/937/2
f 4781/958/17 4780/959/17 4782/960/17 4783/961/17
f 4627/937/2 4628/937/2 4811/962/2 4810/962/2
f 4780/959/18 4833/963/18 4836/964/18 4782/960/18
f 4851/965/1 4849/966/1 4848/963/1 4850/967/1
f 4887/962/2 4884/962/2 4885/962/2 4888/962/2
f 4810/962/2 4811/962/2 4886/962/2 4889/962/2
f 4884/962/2 4887/962/2 4897/962/2 4898/962/2
f 4889/962/2 4886/962/2 4898/962/2 4897/962/2
f 4783/961/19 4944/968/19 4943/969/19 4781/958/19
f 4885/962/2 4943/969/2 4944/968/2 4888/962/2
f 4836/964/2 4833/963/2 4850/967/2 4848/963/2
f 3332/915/1 4979/970/1 4799/914/1
f 4832/971/20 3331/914/20 4799/914/20 4979/970/20 4835/972/20
f 4834/973/21 4837/974/21 4849/966/21 4851/965/21
f 4837/974/16 4834/973/16 4832/971/16 4835/972/16
f 4626/937/2 25/937/2 4627/937/2
f 4771/975/22 4772/976/22 4783/961/22 4782/960/22
f 3333/920/2 4804/977/2 4798/915/2
f 4626/937/2 4627/937/2 4810/962/2 4809/962/2
f 4771/975/2 4782/960/2 4836/964/2 4839/960/2
f 4849/966/22 4847/978/22 4846/979/22 4848/963/22
f 4890/962/2 4887/962/2 4888/962/2 4891/962/2
f 4809/962/2 4810/962/2 4889/962/2 4892/962/2
f 4887/962/2 4890/962/2 4896/962/2 4897/962/2
f 4892/962/2 4889/962/2 4897/962/2 4896/962/2
f 4772/976/14 4945/980/14 4944/968/14 4783/961/14
f 4888/962/2 4944/968/2 4945/980/2 4891/962/2
f 4839/960/1 4836/964/1 4848/963/1 4846/979/1
f 4804/977/1 4980/981/1 4979/970/1 3332/915/1 4798/915/1
f 4835/972/1 4979/970/1 4980/981/1 4838/982/1
f 4837/974/18 4840/983/18 4847/978/18 4849/966/18
f 4840/983/1 4837/974/1 4835/972/1 4838/982/1
f 25/937/2 4629/962/2 4628/937/2
f 4779/984/23 4778/985/23 4780/959/23 4781/958/23
f 4628/937/2 4629/962/2 4812/937/2 4811/962/2
f 4778/985/24 4830/986/24 4833/963/24 4780/959/24
f 4853/987/14 4851/965/14 4850/967/14 4852/988/14
f 4884/962/2 4881/937/2 4882/937/2 4885/962/2
f 4811/962/2 4812/937/2 4883/937/2 4886/962/2
f 4881/937/2 4884/962/2 4898/962/2 4899/937/2
f 4886/962/2 4883/937/2 4899/937/2 4898/962/2
f 4781/958/21 4943/969/21 4942/989/21 4779/984/21
f 4882/937/1 4942/989/1 4943/969/1 4885/962/1
f 4833/963/2 4830/986/2 4852/988/2 4850/967/2
f 3331/914/1 4832/971/1 4800/919/1
f 4831/990/1 4834/973/1 4851/965/1 4853/987/1
f 4834/973/2 4831/990/2 3348/916/2 4800/919/2 4832/971/2
f 4629/962/2 25/937/2 4630/937/2
f 4777/967/15 4776/991/15 4778/985/15 4779/984/15
f 4629/962/2 4630/937/2 4813/962/2 4812/937/2
f 4776/991/22 4829/974/22 4830/986/22 4778/985/22
f 4828/992/2 4853/987/2 4852/988/2 4854/973/2
f 3348/916/2 4831/990/2 4801/917/2
f 4881/937/2 4878/962/2 4879/962/2 4882/937/2
f 4812/937/2 4813/962/2 4880/962/2 4883/937/2
f 4878/962/2 4881/937/2 4899/937/2 4900/962/2
f 4883/937/2 4880/962/2 4900/962/2 4899/937/2
f 4779/984/25 4942/989/25 4941/993/25 4777/967/25
f 4879/962/2 4941/993/2 4942/989/2 4882/937/2
f 4830/986/9 4829/974/9 4854/973/9 4852/988/9
f 4828/992/26 3349/918/26 4801/917/26 4831/990/26 4853/987/26
f 4341/937/2 25/937/2 4625/962/2
f 4668/962/2 4343/937/2 4342/937/2 4669/962/2
f 3190/908/2 4358/943/2 4671/921/2
f 4347/941/1 4770/994/1 4769/995/1 4348/942/1
f 4349/952/1 4348/942/1 4769/995/1 4768/976/1
f 4773/961/18 4350/951/18 4349/952/18 4768/976/18
f 4357/944/2 4806/996/2 3357/921/2 4671/921/2 4358/943/2
f 4807/997/10 4806/996/10 4357/944/10 4356/945/10
f 4625/962/2 4669/962/2 4342/937/2 4341/937/2
f 4355/946/27 4843/998/27 4807/997/27 4356/945/27
f 4842/958/21 4844/999/21 4352/949/21 4351/950/21
f 4841/1000/9 4354/947/9 4353/948/9 4845/967/9
f 4894/962/2 4346/937/2 4345/937/2 4893/962/2
f 4895/962/2 4893/962/2 4345/937/2 4344/937/2
f 4344/937/2 4343/937/2 4668/962/2 4895/962/2
f 4770/994/2 4347/941/2 4346/937/2 4894/962/2
f 4351/950/2 4350/951/2 4773/961/2 4842/958/2
f 4843/998/28 4355/946/28 4354/947/28 4841/1000/28
f 4844/999/2 4845/967/2 4353/948/2 4352/949/2
f 4625/962/2 25/937/2 4626/937/2
f 4771/975/2 4768/976/2 4769/995/2 4772/976/2
f 3357/921/1 4806/996/1 4805/922/1
f 4804/977/9 3333/920/9 4805/922/9 4806/996/9 4807/997/9
f 4625/962/2 4626/937/2 4809/962/2 4669/962/2
f 4771/975/16 4839/960/16 4773/961/16 4768/976/16
f 4847/978/11 4844/999/11 4842/958/11 4846/979/11
f 4893/962/2 4890/962/2 4891/962/2 4894/962/2
f 4890/962/2 4893/962/2 4895/962/2 4896/962/2
f 4668/962/2 4892/962/2 4896/962/2 4895/962/2
f 4892/962/2 4668/962/2 4669/962/2 4809/962/2
f 4769/995/14 4770/994/14 4945/980/14 4772/976/14
f 4945/980/2 4770/994/2 4894/962/2 4891/962/2
f 4773/961/29 4839/960/29 4846/979/29 4842/958/29
f 4807/997/15 4843/998/15 4980/981/15 4804/977/15
f 4838/982/22 4980/981/22 4843/998/22 4841/1000/22
f 4840/983/16 4845/967/16 4844/999/16 4847/978/16
f 4845/967/2 4840/983/2 4838/982/2 4841/1000/2
f 4637/937/2 25/937/2 4638/937/2
f 4638/937/2 4821/1001/2 4820/1002/2 4637/937/2
f 4820/1002/2 4821/1001/2 4857/1003/2 4859/1004/2
f 4859/1004/2 4857/1003/2 4856/1005/2 4907/1006/2
f 4638/937/2 25/937/2 4639/937/2
f 4639/937/2 4822/1007/2 4821/1001/2 4638/937/2
f 4821/1001/2 4822/1007/2 4918/1008/2 4857/1003/2
f 4639/937/2 25/937/2 4640/937/2
f 4640/937/1 4766/1009/1 4822/1007/1 4639/937/1
f 4640/937/2 25/937/2 4641/937/2
f 216/957/2 4367/956/2 4765/1010/2
f 4641/937/2 25/937/2 3254/940/2 4642/940/2
f 4632/962/2 25/937/2 4633/962/2
f 4774/1011/1 3379/928/1 4725/933/1 4784/1012/1 4775/1013/1
f 4775/1013/2 4787/1014/2 4786/1015/2 4774/1011/2
f 4632/962/2 4633/962/2 4816/962/2 4815/962/2
f 4872/962/2 4869/962/2 4870/962/2 4873/962/2
f 4815/962/2 4816/962/2 4871/962/2 4874/962/2
f 4869/962/2 4872/962/2 4902/962/2 4903/962/2
f 4874/962/2 4871/962/2 4903/962/2 4902/962/2
f 4787/1014/30 4939/1016/30 4938/1017/30 4786/1015/30
f 4870/962/2 4938/1017/2 4939/1016/2 4873/962/2
f 3378/932/1 4784/1012/1 4725/933/1
f 4633/962/2 25/937/2 4634/937/2
f 4761/929/9 4774/1011/9 4786/1015/9 4789/1018/9 3380/929/9
f 3379/928/2 4774/1011/2 4761/929/2
f 4633/962/2 4634/937/2 4817/962/2 4816/962/2
f 4869/962/2 4866/962/2 4867/962/2 4870/962/2
f 4816/962/2 4817/962/2 4868/962/2 4871/962/2
f 4866/962/2 4869/962/2 4903/962/2 4904/962/2
f 4871/962/2 4868/962/2 4904/962/2 4903/962/2
f 4786/1015/15 4938/1017/15 4937/1019/15 4789/1018/15
f 4867/962/31 4937/1019/31 4938/1017/31 4870/962/31
f 4634/937/2 25/937/2 4635/962/2
f 3380/929/1 4789/1018/1 4760/930/1
f 4634/937/2 4635/962/2 4818/962/2 4817/962/2
f 4866/962/2 4862/962/2 4863/962/2 4867/962/2
f 4817/962/2 4818/962/2 4865/962/2 4868/962/2
f 4862/962/2 4866/962/2 4904/962/2 4905/962/2
f 4868/962/2 4865/962/2 4905/962/2 4904/962/2
f 4789/1018/18 4937/1019/18 4936/1020/18 3395/930/18 4760/930/18
f 4863/962/32 4936/1020/32 4937/1019/32 4867/962/32
f 4635/962/2 25/937/2 4636/937/2
f 4635/962/2 4636/937/2 4819/962/2 4818/962/2
f 4818/962/2 4819/962/2 4861/962/2 4865/962/2
f 4864/962/2 4862/962/2 4905/962/2 4906/962/2
f 4865/962/2 4861/962/2 4906/962/2 4905/962/2
f 3395/930/1 4936/1020/1 4935/930/1
f 4934/962/2 4863/962/2 4862/962/2 4864/962/2
f 4934/962/9 3396/931/9 4935/930/9 4936/1020/9 4863/962/9
f 4630/937/2 25/937/2 4631/962/2
f 4776/991/33 4777/967/33 4785/1021/33 4788/1022/33
f 4630/937/2 4631/962/2 4814/937/2 4813/962/2
f 3349/918/2 4828/992/2 4827/934/2
f 4776/991/2 4788/1022/2 4826/1023/2 4829/974/2
f 4825/1024/34 3404/934/34 4827/934/34 4828/992/34 4854/973/34
f 4878/962/2 4875/937/2 4876/937/2 4879/962/2
f 4813/962/2 4814/937/2 4877/937/2 4880/962/2
f 4875/937/2 4878/962/2 4900/962/2 4901/937/2
f 4880/962/2 4877/937/2 4901/937/2 4900/962/2
f 4777/967/18 4941/993/18 4940/1025/18 4785/1021/18
f 4876/937/2 4940/1025/2 4941/993/2 4879/962/2
f 4829/974/2 4826/1023/2 4825/1024/2 4854/973/2
f 4631/962/2 25/937/2 4632/962/2
f 4787/1014/21 4775/1013/21 4788/1022/21 4785/1021/21
f 4631/962/2 4632/962/2 4815/962/2 4814/937/2
f 3404/934/1 4825/1024/1 4759/932/1
f 4775/1013/35 4784/1012/35 4826/1023/35 4788/1022/35
f 4875/937/2 4872/962/2 4873/962/2 4876/937/2
f 4814/937/2 4815/962/2 4874/962/2 4877/937/2
f 4872/962/2 4875/937/2 4901/937/2 4902/962/2
f 4877/937/2 4874/962/2 4902/962/2 4901/937/2
f 4785/1021/2 4940/1025/2 4939/1016/2 4787/1014/2
f 4873/962/14 4939/1016/14 4940/1025/14 4876/937/14
f 4826/1023/2 4784/1012/2 3378/932/2 4759/932/2 4825/1024/2
f 25/937/2 4637/937/2 4636/937/2
f 4637/937/2 4820/1002/2 4819/962/2 4636/937/2
f 4819/962/2 4820/1002/2 4859/1004/2 4861/962/2
f 4858/1026/2 4864/962/2 4906/962/2 4907/1006/2
f 4861/962/1 4859/1004/1 4907/1006/1 4906/962/1
f 570/1027/1 3879/1028/1 3878/936/1 569/902/1
f 3254/940/1 3901/939/1 3900/1029/1 3252/1030/1
f 4393/1031/1 925/954/1 4394/953/1
f 4394/953/1 3042/953/1 3041/1031/1 4393/1031/1
f 3254/940/1 3252/1030/1 4643/1030/1 4642/940/1
f 571/1032/1 3881/1033/1 3879/1028/1 570/1027/1
f 3252/1030/1 3900/1029/1 3899/1034/1 3253/1035/1
f 4392/1036/1 925/954/1 4393/1031/1
f 4393/1031/2 3041/1031/2 3040/1036/2 4392/1036/2
f 4643/1030/1 3252/1030/1 3253/1035/1 4644/1035/1
f 572/1037/1 3882/1038/1 3881/1033/1 571/1032/1
f 3253/1035/1 3899/1034/1 3898/1039/1 3255/1040/1
f 4391/1041/1 925/954/1 4392/1036/1
f 4392/1036/2 3040/1036/2 3039/1041/2 4391/1041/2
f 4644/1035/1 3253/1035/1 3255/1040/1 4645/1040/1
f 573/1042/1 3883/1043/1 3882/1038/1 572/1037/1
f 3255/1040/1 3898/1039/1 3897/1044/1 3256/1045/1
f 4390/1046/1 925/954/1 4391/1041/1
f 3039/1041/2 3038/1046/2 4390/1046/2 4391/1041/2
f 4645/1040/1 3255/1040/1 3256/1045/1 4646/1045/1
f 574/1047/1 3884/1048/1 3883/1043/1 573/1042/1
f 3256/1045/1 3897/1044/1 3896/1049/1 3257/1050/1
f 4389/1051/1 925/954/1 4390/1046/1
f 4390/1046/1 3038/1046/1 3037/1051/1 4389/1051/1
f 3256/1045/2 3257/1050/2 4647/1050/2 4646/1045/2
f 575/1052/1 3885/1053/1 3884/1048/1 574/1047/1
f 3257/1050/1 3896/1049/1 3895/1054/1 3258/1055/1
f 4388/1056/1 925/954/1 4389/1051/1
f 4389/1051/1 3037/1051/1 3036/1056/1 4388/1056/1
f 4647/1050/1 3257/1050/1 3258/1055/1 4648/1055/1
f 576/1057/1 3886/1058/1 3885/1053/1 575/1052/1
f 3258/1055/1 3895/1054/1 3894/1059/1 3259/1060/1
f 4387/1061/1 925/954/1 4388/1056/1
f 3036/1056/2 3035/1061/2 4387/1061/2 4388/1056/2
f 4648/1055/2 3258/1055/2 3259/1060/2 4649/1060/2
f 577/1062/1 3922/1063/1 140/1064/1 3886/1058/1 576/1057/1
f 3259/1060/1 3894/1059/1 3893/1065/1 3260/1066/1
f 4386/1067/1 925/954/1 4387/1061/1
f 3035/1061/2 3034/1067/2 4386/1067/2 4387/1061/2
f 4649/1060/1 3259/1060/1 3260/1066/1 4650/1066/1
f 578/1068/1 3920/1069/1 3922/1063/1 577/1062/1
f 3260/1066/1 3893/1065/1 3892/1070/1 3261/1071/1
f 4385/1072/1 925/954/1 4386/1067/1
f 4386/1067/2 3034/1067/2 3033/1072/2 4385/1072/2
f 3260/1066/2 3261/1071/2 4651/1071/2 4650/1066/2
f 579/1073/1 3921/1074/1 3920/1069/1 578/1068/1
f 4384/1075/1 925/954/1 4385/1072/1
f 4385/1072/2 3033/1072/2 3032/1075/2 4384/1075/2
f 3261/1071/2 3262/1076/2 4652/1076/2 4651/1071/2
f 3921/1074/1 579/1073/1 580/1077/1 3923/1078/1
f 4383/1079/1 925/954/1 4384/1075/1
f 4384/1075/2 3032/1075/2 3031/1079/2 4383/1079/2
f 3262/1076/2 34/1080/2 4410/1081/2 6/1082/2 4652/1076/2
f 4410/1081/2 4823/1083/2 6/1082/2
f 34/1080/1 3061/1084/1 4412/1085/1 4411/1081/1
f 34/1080/2 4411/1081/2 4410/1081/2
f 581/1086/1 3924/1087/1 3923/1078/1 580/1077/1
f 4382/1088/1 925/954/1 4383/1079/1
f 3031/1079/1 3030/1088/1 4382/1088/1 4383/1079/1
f 3061/1084/2 3060/1089/2 4413/1090/2 4412/1085/2
f 582/1091/1 3925/1092/1 3924/1087/1 581/1086/1
f 4381/1093/1 925/954/1 4382/1088/1
f 3030/1088/2 3029/1093/2 4381/1093/2 4382/1088/2
f 4413/1090/2 3060/1089/2 3059/1094/2 4414/1095/2
f 583/1096/1 3926/1097/1 3925/1092/1 582/1091/1
f 3059/1094/1 3947/1098/1 3946/1099/1 3058/1100/1
f 4380/1101/1 925/954/1 4381/1093/1
f 4381/1093/2 3029/1093/2 3028/1101/2 4380/1101/2
f 4414/1095/2 3059/1094/2 3058/1100/2 4415/1100/2
f 584/1102/1 3927/1103/1 3926/1097/1 583/1096/1
f 3058/1100/1 3946/1099/1 3945/1104/1 3057/1105/1
f 4379/1106/1 925/954/1 4380/1101/1
f 4380/1101/1 3028/1101/1 3027/1106/1 4379/1106/1
f 4415/1100/1 3058/1100/1 3057/1105/1 4416/1105/1
f 585/1107/1 3928/1108/1 3927/1103/1 584/1102/1
f 3057/1105/1 3945/1104/1 3944/1109/1 3055/1110/1
f 4378/1111/1 925/954/1 4379/1106/1
f 3027/1106/2 3026/1111/2 4378/1111/2 4379/1106/2
f 3057/1105/2 3055/1110/2 4417/1110/2 4416/1105/2
f 586/1112/1 3929/1113/1 3928/1108/1 585/1107/1
f 3055/1110/1 3944/1109/1 3943/1114/1 3056/1115/1
f 4377/1116/1 925/954/1 4378/1111/1
f 4378/1111/2 3026/1111/2 3025/1116/2 4377/1116/2
f 3055/1110/1 3056/1115/1 4418/1115/1 4417/1110/1
f 3929/1113/1 586/1112/1 3971/1117/1 138/1118/1
f 52/1119/1 3056/1115/1 3943/1114/1 3942/1120/1 3105/1121/1
f 4444/1122/1 924/1123/1 925/954/1 4377/1116/1 53/1124/1
f 4377/1116/1 3025/1116/1 4295/1125/1 53/1124/1
f 53/1124/2 4295/1125/2 4294/1125/2
f 4294/1125/1 215/1124/1 3088/1122/1 4444/1122/1 53/1124/1
f 4294/1125/2 4679/1126/2 215/1124/2
f 52/1119/2 3105/1121/2 4466/1121/2 4465/1119/2
f 3056/1115/36 52/1119/36 4464/1119/36 7/1127/36 4418/1115/36
f 4464/1119/1 4687/1128/1 7/1127/1
f 52/1119/2 4465/1119/2 4464/1119/2
f 587/1129/1 3970/1130/1 3971/1117/1 586/1112/1
f 172/1131/1 3741/1132/1 3106/1133/1 3105/1121/1 3942/1120/1
f 4445/1134/1 924/1123/1 4444/1122/1
f 3088/1122/1 3087/1134/1 4445/1134/1 4444/1122/1
f 3105/1121/1 3106/1133/1 4467/1133/1 4466/1121/1
f 588/1135/1 3969/1136/1 3970/1130/1 587/1129/1
f 3106/1133/1 3741/1132/1 3740/1137/1 3107/1138/1
f 4442/1139/1 924/1123/1 4445/1134/1
f 3087/1134/2 3086/1139/2 4442/1139/2 4445/1134/2
f 3106/1133/2 3107/1138/2 4468/1138/2 4467/1133/2
f 3969/1136/1 588/1135/1 589/1140/1 3963/1141/1
f 64/1142/1 3107/1138/1 3740/1137/1 3739/1143/1 3127/1144/1
f 4443/1145/1 924/1123/1 4442/1139/1
f 3086/1139/1 3085/1145/1 4443/1145/1 4442/1139/1
f 4468/1138/37 3107/1138/37 64/1142/37 4484/1142/37 9/1146/37
f 4484/1142/1 64/1142/1 3127/1144/1 4485/1147/1
f 590/1148/1 3964/1149/1 3963/1141/1 589/1140/1
f 3127/1144/1 3739/1143/1 3738/1150/1 3126/1151/1
f 4440/1152/1 924/1123/1 4443/1145/1
f 4443/1145/1 3085/1145/1 3084/1152/1 4440/1152/1
f 3127/1144/2 3126/1151/2 4486/1153/2 4485/1147/2
f 3126/1151/1 3738/1150/1 3737/1154/1 3121/1155/1
f 4441/1156/1 924/1123/1 4440/1152/1
f 4440/1152/1 3084/1152/1 3083/1156/1 4441/1156/1
f 3126/1151/2 3121/1155/2 4487/1157/2 4486/1153/2
f 3121/1155/1 3737/1154/1 3736/1158/1 3122/1159/1
f 4438/1160/1 924/1123/1 4441/1156/1
f 3083/1156/2 3082/1160/2 4438/1160/2 4441/1156/2
f 4487/1157/1 3121/1155/1 3122/1159/1 4488/1161/1
f 3122/1159/1 3736/1158/1 3735/1162/1 3123/1163/1
f 4437/1164/1 924/1123/1 4438/1160/1
f 4438/1160/1 3082/1160/1 3081/1164/1 4437/1164/1
f 4488/1161/1 3122/1159/1 3123/1163/1 4489/1165/1
f 3123/1163/1 3735/1162/1 3734/1166/1 3124/1167/1
f 4439/1168/1 924/1123/1 4437/1164/1
f 4437/1164/1 3081/1164/1 3080/1168/1 4439/1168/1
f 3123/1163/1 3124/1167/1 4490/1167/1 4489/1165/1
f 595/1169/1 3759/1170/1 134/1171/1 3968/1172/1 594/1173/1
f 174/1174/1 3767/1175/1 3125/1176/1 3124/1167/1 3734/1166/1
f 4436/1177/1 924/1123/1 4439/1168/1
f 4439/1168/2 3080/1168/2 3079/1177/2 4436/1177/2
f 4490/1167/2 3124/1167/2 3125/1176/2 4491/1176/2
f 3759/1170/1 595/1169/1 596/1178/1 3758/1179/1
f 4435/1180/1 924/1123/1 4436/1177/1
f 3079/1177/2 3078/1180/2 4435/1180/2 4436/1177/2
f 4491/1176/38 3125/1176/38 81/1181/38 4501/1182/38 11/1183/38
f 4501/1182/1 81/1181/1 3138/1184/1 4502/1185/1
f 597/1186/1 3752/1187/1 3758/1179/1 596/1178/1
f 4434/1188/1 924/1123/1 4435/1180/1
f 4435/1180/2 3078/1180/2 3077/1188/2 4434/1188/2
f 3138/1184/2 3136/1189/2 4503/1190/2 4502/1185/2
f 598/1191/1 3753/1192/1 3752/1187/1 597/1186/1
f 4433/1193/1 924/1123/1 4434/1188/1
f 4434/1188/1 3077/1188/1 3076/1193/1 4433/1193/1
f 4503/1190/1 3136/1189/1 3137/1194/1 4504/1195/1
f 3753/1192/1 598/1191/1 3754/1196/1
f 176/1197/1 3775/1198/1 3211/1199/1 131/1200/1 122/1201/1 106/1202/1 3137/1194/1 3764/1203/1
f 4537/1204/1 923/1205/1 924/1123/1 4433/1193/1 51/1206/1
f 3076/1193/2 4306/1207/2 51/1206/2 4433/1193/2
f 51/1206/2 4302/1207/2 208/1206/2 3169/1204/2 4537/1204/2
f 51/1206/2 4303/1207/2 4302/1207/2
f 4303/1207/2 51/1206/2 4304/1207/2
f 4304/1207/2 51/1206/2 4305/1207/2
f 4305/1207/2 51/1206/2 4306/1207/2
f 131/1200/1 3211/1199/1 4579/1208/1 4578/1209/1
f 122/1201/1 4562/1210/1 4561/1211/1
f 106/1202/1 122/1201/1 4561/1211/1 15/1212/1 4520/1202/1
f 4561/1211/2 4721/1213/2 15/1212/2
f 3137/1194/2 106/1202/2 4520/1202/2 13/1214/2 4504/1195/2
f 4720/1215/2 4719/1216/2 208/1206/2
f 122/1201/1 131/1200/1 4578/1209/1 17/1217/1 4562/1210/1
f 4684/1218/2 208/1206/2 4680/1219/2
f 4684/1218/2 4680/1219/2 4947/1220/2 4949/1215/2
f 4948/1221/1 4950/1222/1 4949/1215/1 4947/1220/1
f 208/1206/1 4684/1218/1 4720/1215/1
f 4720/1215/2 4684/1218/2 4949/1215/2 4718/1223/2
f 4303/1207/2 4947/1220/2 4680/1219/2 4302/1207/2
f 4302/1207/2 4680/1219/2 208/1206/2
f 4305/1207/2 4946/1224/2 4948/1221/2 4304/1207/2
f 4304/1207/2 4948/1221/2 4947/1220/2 4303/1207/2
f 599/1225/1 3755/1226/1 3754/1196/1 598/1191/1
f 3211/1199/1 3775/1198/1 3774/1227/1 3212/1228/1
f 4536/1229/1 923/1205/1 4537/1204/1
f 4537/1204/2 3169/1204/2 3167/1229/2 4536/1229/2
f 4579/1208/2 3211/1199/2 3212/1228/2 4580/1230/2
f 600/1231/1 3756/1232/1 3755/1226/1 599/1225/1
f 3212/1228/1 3774/1227/1 3773/1233/1 3213/1234/1
f 4538/1235/1 923/1205/1 4536/1229/1
f 4536/1229/2 3167/1229/2 3166/1235/2 4538/1235/2
f 3212/1228/2 3213/1234/2 4581/1236/2 4580/1230/2
f 601/1237/1 3757/1238/1 3756/1232/1 600/1231/1
f 179/1239/1 3814/1240/1 3214/1241/1 3213/1234/1 3773/1233/1
f 4534/1242/1 923/1205/1 4538/1235/1
f 3166/1235/2 3168/1242/2 4534/1242/2 4538/1235/2
f 3213/1234/2 3214/1241/2 4582/1243/2 4581/1236/2
f 602/1244/1 3797/1245/1 129/1246/1 3757/1238/1 601/1237/1
f 3214/1241/1 3814/1240/1 3813/1247/1 3215/1248/1
f 4535/1249/1 923/1205/1 4534/1242/1
f 4534/1242/2 3168/1242/2 3164/1249/2 4535/1249/2
f 4582/1243/1 3214/1241/1 3215/1248/1 4583/1250/1
f 603/1251/1 3798/1252/1 3797/1245/1 602/1244/1
f 3215/1248/1 3813/1247/1 3812/1253/1 3216/1254/1
f 4532/1255/1 923/1205/1 4535/1249/1
f 4535/1249/2 3164/1249/2 3165/1255/2 4532/1255/2
f 3215/1248/1 3216/1254/1 4584/1256/1 4583/1250/1
f 604/1257/1 3796/1258/1 3798/1252/1 603/1251/1
f 3216/1254/1 3812/1253/1 3811/1259/1 3217/1260/1
f 4531/1261/1 923/1205/1 4532/1255/1
f 4532/1255/2 3165/1255/2 3162/1261/2 4531/1261/2
f 3216/1254/1 3217/1260/1 4585/1262/1 4584/1256/1
f 605/1263/1 3795/1264/1 3796/1258/1 604/1257/1
f 3217/1260/1 3811/1259/1 3810/1265/1 3218/1266/1
f 4533/1267/1 923/1205/1 4531/1261/1
f 3162/1261/2 3163/1267/2 4533/1267/2 4531/1261/2
f 3217/1260/2 3218/1266/2 4586/1268/2 4585/1269/2
f 606/1270/1 3794/1271/1 3795/1264/1 605/1263/1
f 3218/1266/1 3810/1265/1 3809/1272/1 3219/1273/1
f 4529/1274/3 923/1205/3 4533/1267/3
f 3163/1267/1 3160/1274/1 4529/1274/1 4533/1267/1
f 4586/1275/1 3218/1266/1 3219/1273/1 4587/1276/1
f 607/1277/1 3793/1278/1 3794/1271/1 606/1270/1
f 137/1279/1 3219/1273/1 3809/1272/1 3808/1280/1 3225/1281/1
f 4530/1282/1 923/1205/1 4529/1274/1
f 4529/1274/2 3160/1274/2 3159/1282/2 4530/1282/2
f 4587/1276/39 3219/1273/39 137/1279/39 4592/1283/39 19/1284/39
f 4592/1283/40 3293/1285/40 4717/1286/40 19/1284/40
f 4592/1283/2 137/1279/2 3225/1281/2 4593/1287/2
f 4593/1287/1 3293/1285/1 4592/1283/1
f 608/1288/1 3792/1289/1 3793/1278/1 607/1277/1
f 3225/1281/1 3808/1280/1 3807/1290/1 3226/1291/1
f 923/1205/1 4530/1282/1 4527/1292/1
f 4530/1282/2 3159/1282/2 3161/1292/2 4527/1292/2
f 3225/1281/1 3226/1291/1 4594/1293/1 4593/1287/1
f 609/1294/1 3789/1295/1 3792/1289/1 608/1288/1
f 3226/1291/1 3807/1290/1 3806/1296/1 3221/1297/1
f 4526/1298/1 923/1205/1 4527/1292/1
f 4527/1292/1 3161/1292/1 3158/1298/1 4526/1298/1
f 4594/1293/1 3226/1291/1 3221/1297/1 4595/1299/1
f 610/1300/1 3788/1301/1 3789/1295/1 609/1294/1
f 3221/1297/1 3806/1296/1 3805/1302/1 3222/1303/1
f 4528/1304/1 923/1205/1 4526/1298/1
f 3158/1298/2 3157/1304/2 4528/1304/2 4526/1298/2
f 3221/1297/1 3222/1303/1 4596/1305/1 4595/1299/1
f 611/1306/1 3790/1307/1 3788/1301/1 610/1300/1
f 181/1308/1 3831/1309/1 3223/1310/1 3222/1303/1 3805/1302/1
f 4524/1311/1 923/1205/1 4528/1304/1
f 4528/1304/2 3157/1304/2 3155/1311/2 4524/1311/2
f 4596/1305/1 3222/1303/1 3223/1310/1 4597/1312/1
f 612/1313/1 3791/1314/1 3790/1307/1 611/1306/1
f 3223/1310/1 3831/1309/1 3830/1315/1 3224/1316/1
f 4525/1317/1 923/1205/1 4524/1311/1
f 4524/1311/2 3155/1311/2 3156/1317/2 4525/1317/2
f 3223/1310/2 3224/1316/2 4598/1318/2 4597/1312/2
f 3224/1316/1 3830/1315/1 183/1319/1 3877/1320/1 3230/1321/1 147/1322/1
f 4523/1323/1 923/1205/1 4525/1317/1
f 4525/1317/2 3156/1317/2 3154/1323/2 4523/1323/2
f 3224/1316/1 147/1322/1 4600/1324/1 22/1325/1 4598/1318/1
f 147/1322/1 3230/1321/1 4601/1326/1 4600/1324/1
f 614/1327/1 3860/1328/1 3859/1329/1 613/1330/1
f 3230/1321/1 3877/1320/1 3876/1331/1 3228/1332/1
f 4619/1333/1 923/1205/1 4523/1323/1 49/1334/1
f 3154/1323/1 4335/1335/1 49/1334/1 4523/1323/1
f 49/1334/2 4331/1335/2 207/1335/2 3246/1333/2 4619/1333/2
f 4331/1335/2 49/1334/2 4332/1335/2
f 4332/1335/2 49/1334/2 4333/1335/2
f 4333/1335/2 49/1334/2 4334/1335/2
f 4334/1335/2 49/1334/2 4335/1335/2
f 4601/1326/1 3230/1321/1 3228/1332/1 4602/1336/1
f 207/1335/2 4951/1337/2 4706/1338/2
f 207/1335/2 4952/1339/2 4951/1337/2
f 4951/1337/2 4952/1339/2 4973/1340/2 4704/1341/2
f 4332/1335/2 4971/1342/2 4705/1343/2 4331/1335/2
f 4331/1335/2 4705/1343/2 207/1335/2
f 4334/1335/2 4970/1344/2 4972/1345/2 4333/1335/2
f 4333/1335/2 4972/1345/2 4971/1342/2 4332/1335/2
f 207/1335/1 4705/1343/1 4952/1339/1
f 4952/1339/2 4705/1343/2 4971/1342/2 4973/1340/2
f 4972/1345/1 4974/1346/1 4973/1340/1 4971/1342/1
f 615/1347/1 3855/1348/1 3860/1328/1 614/1327/1
f 3228/1332/1 3876/1331/1 3875/1349/1 3229/1350/1
f 4618/1351/1 923/1205/1 4619/1333/1
f 3246/1333/1 3245/1351/1 4618/1351/1 4619/1333/1
f 4602/1336/1 3228/1332/1 3229/1350/1 4603/1352/1
f 4617/1353/1 922/1354/1 923/1205/1 4618/1351/1
f 3245/1351/1 3244/1353/1 4617/1353/1 4618/1351/1
f 3855/1348/1 615/1347/1 3856/1355/1
f 158/1356/1 154/1357/1 3229/1350/1 3875/1349/1 184/1358/1 3891/1359/1 3043/1360/1
f 158/1356/2 3043/1360/2 4398/1361/2 4397/1362/2
f 3229/1350/2 154/1357/2 4395/1363/2 24/1364/2 4603/1352/2
f 4395/1363/2 4965/1365/2 24/1364/2
f 154/1357/2 4396/1366/2 4395/1363/2
f 154/1357/2 158/1356/2 4397/1362/2 26/1367/2 4396/1366/2
f 3043/1360/1 3891/1359/1 3890/1368/1 3044/1369/1
f 4616/1370/1 922/1354/1 4617/1353/1
f 4617/1353/2 3244/1353/2 3243/1370/2 4616/1370/2
f 3043/1360/1 3044/1369/1 4399/1371/1 4398/1361/1
f 3044/1369/1 3890/1368/1 3889/1372/1 3045/1373/1
f 4615/1374/1 922/1354/1 4616/1370/1
f 3243/1370/2 3242/1374/2 4615/1374/2 4616/1370/2
f 3044/1369/2 3045/1373/2 4400/1375/2 4399/1371/2
f 618/1376/1 3919/1377/1 121/1378/1 3858/1379/1 617/1380/1
f 3045/1373/1 3889/1372/1 3888/1381/1 3046/1382/1
f 4614/1383/1 922/1354/1 4615/1374/1
f 4615/1374/2 3242/1374/2 3241/1383/2 4614/1383/2
f 3045/1373/1 3046/1382/1 4401/1384/1 4400/1375/1
f 619/1385/1 3918/1386/1 3919/1377/1 618/1376/1
f 3046/1382/1 3888/1381/1 3887/1387/1 3047/1388/1
f 4613/1389/1 922/1354/1 4614/1383/1
f 4614/1383/2 3241/1383/2 3240/1389/2 4613/1389/2
f 3046/1382/2 3047/1388/2 4402/1390/2 4401/1384/2
f 620/1391/1 3917/1392/1 3918/1386/1 619/1385/1
f 187/1393/1 3941/1394/1 3048/1395/1 3047/1388/1 3887/1387/1
f 4612/1396/1 922/1354/1 4613/1389/1
f 4613/1389/2 3240/1389/2 3239/1396/2 4612/1396/2
f 3047/1388/2 3048/1395/2 4403/1397/2 4402/1390/2
f 621/1398/1 3915/1399/1 3917/1392/1 620/1391/1
f 3048/1395/1 3941/1394/1 3940/1400/1 3049/1401/1
f 4611/1402/1 922/1354/1 4612/1396/1
f 3239/1396/2 3238/1402/2 4611/1402/2 4612/1396/2
f 4403/1397/1 3048/1395/1 3049/1401/1 4404/1403/1
f 622/1404/1 3916/1405/1 3915/1399/1 621/1398/1
f 3049/1401/1 3940/1400/1 3939/1406/1 3050/1407/1
f 4610/1408/1 922/1354/1 4611/1402/1
f 3238/1402/2 3237/1408/2 4610/1408/2 4611/1402/2
f 4404/1403/1 3049/1401/1 3050/1407/1 4405/1409/1
f 623/1410/1 3914/1411/1 3916/1405/1 622/1404/1
f 3050/1407/1 3939/1406/1 3938/1412/1 3051/1413/1
f 4609/1414/1 922/1354/1 4610/1408/1
f 4610/1408/2 3237/1408/2 3236/1414/2 4609/1414/2
f 4405/1409/1 3050/1407/1 3051/1413/1 4406/1415/1
f 624/1416/1 3911/1417/1 3914/1411/1 623/1410/1
f 3051/1413/1 3938/1412/1 3937/1418/1 3052/1419/1
f 922/1354/1 4609/1414/1 4608/1420/1
f 4609/1414/2 3236/1414/2 3235/1420/2 4608/1420/2
f 3051/1413/1 3052/1419/1 4407/1421/1 4406/1415/1
f 625/1422/1 3912/1423/1 3911/1417/1 624/1416/1
f 3052/1419/1 3937/1418/1 3936/1424/1 3053/1425/1
f 4607/1426/1 922/1354/1 4608/1420/1
f 4608/1420/2 3235/1420/2 3234/1426/2 4607/1426/2
f 3052/1419/2 3053/1425/2 4408/1427/2 4407/1421/2
f 626/1428/1 3913/1429/1 3912/1423/1 625/1422/1
f 3053/1425/1 3936/1424/1 3935/1430/1 3054/1431/1
f 4606/1432/1 922/1354/1 4607/1426/1
f 3234/1426/2 3233/1432/2 4606/1432/2 4607/1426/2
f 4408/1427/1 3053/1425/1 3054/1431/1 4409/1433/1
f 627/1434/1 3961/1435/1 113/1436/1 3913/1429/1 626/1428/1
f 160/1437/1 3054/1431/1 3935/1430/1 3934/1438/1 3090/1439/1
f 4605/1440/1 922/1354/1 4606/1432/1
f 3233/1432/1 3232/1440/1 4605/1440/1 4606/1432/1
f 4409/1433/1 3054/1431/1 160/1437/1 4446/1441/1 28/1442/1
f 4446/1441/1 160/1437/1 3090/1439/1 4447/1443/1
f 628/1444/1 3962/1445/1 3961/1435/1 627/1434/1
f 3090/1439/1 3934/1438/1 3933/1446/1 3089/1447/1
f 4604/1448/1 922/1354/1 4605/1440/1
f 4605/1440/2 3232/1440/2 3231/1448/2 4604/1448/2
f 3090/1439/1 3089/1447/1 4448/1449/1 4447/1443/1
f 3962/1445/1 628/1444/1 3957/1450/1
f 167/1451/1 3089/1447/1 3933/1446/1 189/1452/1 3733/1453/1 3120/1454/1
f 3104/1455/1 921/1456/1 922/1354/1 4604/1448/1 46/1457/1 4455/1457/1 4309/1458/1
f 46/1457/2 4369/1457/2 4368/1459/2
f 4369/1457/2 46/1457/2 4370/1457/2
f 4370/1457/2 46/1457/2 4371/1457/2
f 4455/1457/2 4368/1459/2 203/1457/2 4309/1458/2
f 3231/1448/2 4371/1457/2 46/1457/2 4604/1448/2
f 167/1451/2 4474/1460/2 4473/1461/2
f 3104/1455/2 4309/1458/2 4456/1455/2
f 167/1451/2 3120/1454/2 4475/1462/2 4474/1460/2
f 4692/1463/2 203/1457/2 4691/1464/2
f 3089/1447/1 167/1451/1 4473/1461/1 30/1465/1 4448/1449/1
f 4473/1461/2 4698/1466/2 30/1465/2
f 4370/1457/2 4700/1467/2 4690/1468/2 4369/1457/2
f 4368/1459/2 4699/1469/2 203/1457/2
f 4690/1468/2 4699/1469/2 4369/1457/2
f 4699/1469/2 4690/1468/2 4693/1470/2 4691/1464/2
f 203/1457/2 4699/1469/2 4691/1464/2
f 629/1471/1 3958/1472/1 3957/1450/1 628/1444/1
f 3120/1454/1 3733/1453/1 3731/1473/1 3118/1474/1
f 4458/1475/1 921/1456/1 3104/1455/1 4310/1476/1
f 4458/1475/2 4310/1476/2 3103/1475/2
f 4475/1462/1 3120/1454/1 3118/1474/1 4476/1477/1
f 4310/1476/2 3104/1455/2 4456/1455/2
f 630/1478/1 3959/1479/1 3958/1472/1 629/1471/1
f 3118/1474/1 3731/1473/1 3732/1480/1 3119/1481/1
f 4461/1482/1 921/1456/1 4458/1475/1
f 3103/1475/2 3102/1482/2 4461/1482/2 4458/1475/2
f 4476/1477/1 3118/1474/1 3119/1481/1 4477/1483/1
f 631/1484/1 3960/1485/1 3959/1479/1 630/1478/1
f 3119/1481/1 3732/1480/1 3730/1486/1 3116/1487/1
f 3101/1488/1 921/1456/1 4461/1482/1 4311/1489/1
f 3102/1482/2 4311/1489/2 4461/1482/2
f 4462/1488/2 3101/1488/2 4311/1489/2
f 4477/1483/2 3119/1481/2 3116/1487/2 4478/1490/2
f 632/1491/1 3751/1492/1 111/1493/1 3960/1485/1 631/1484/1
f 3116/1487/1 3730/1486/1 3729/1494/1 3115/1495/1
f 4459/1496/1 921/1456/1 3101/1488/1 4312/1497/1
f 4459/1496/2 4312/1497/2 3100/1496/2
f 3101/1488/2 4462/1488/2 4312/1497/2
f 4478/1490/1 3116/1487/1 3115/1495/1 4479/1498/1
f 633/1499/1 3748/1500/1 3751/1492/1 632/1491/1
f 190/1501/1 3763/1502/1 3117/1503/1 3115/1495/1 3729/1494/1
f 921/1456/1 4459/1496/1 4463/1504/1
f 3100/1496/2 3099/1504/2 4463/1504/2 4459/1496/2
f 3115/1495/1 3117/1503/1 4480/1505/1 4479/1498/1
f 634/1506/1 3749/1507/1 3748/1500/1 633/1499/1
f 3117/1503/1 3763/1502/1 3762/1508/1 3113/1509/1
f 3098/1510/1 921/1456/1 4463/1504/1 4313/1511/1
f 4463/1504/2 3099/1504/2 4313/1511/2
f 3098/1510/2 4313/1511/2 4460/1510/2
f 3117/1503/2 3113/1509/2 4481/1512/2 4480/1505/2
f 635/1513/1 3750/1514/1 3749/1507/1 634/1506/1
f 3113/1509/1 3762/1508/1 3761/1515/1 3112/1516/1
f 4457/1517/1 921/1456/1 3098/1510/1 4314/1518/1
f 4457/1517/2 4314/1518/2 3097/1517/2
f 4314/1518/2 3098/1510/2 4460/1510/2
f 3113/1509/1 3112/1516/1 4482/1519/1 4481/1512/1
f 636/1520/1 3782/1521/1 103/1522/1 3750/1514/1 635/1513/1
f 3112/1516/1 3761/1515/1 3760/1523/1 3114/1524/1
f 4453/1525/1 921/1456/1 4457/1517/1
f 3097/1517/2 3096/1525/2 4453/1525/2 4457/1517/2
f 4482/1519/2 3112/1516/2 3114/1524/2 4483/1526/2
f 3782/1521/1 636/1520/1 3780/1527/1
f 170/1528/1 3114/1524/1 3760/1523/1 193/1529/1 3787/1530/1 3131/1531/1
f 920/1532/1 921/1456/1 4453/1525/1 4454/1533/1
f 3096/1525/2 3095/1533/2 4454/1533/2 4453/1525/2
f 170/1528/2 3131/1531/2 4495/1534/2 4494/1535/2
f 3114/1524/2 170/1528/2 4494/1535/2 31/1536/2 4483/1526/2
f 637/1537/1 3781/1538/1 3780/1527/1 636/1520/1
f 3131/1531/1 3787/1530/1 3786/1539/1 3130/1540/1
f 44/1541/1 4315/1541/1 196/1541/1 3143/1542/1 920/1532/1 4454/1533/1
f 4315/1541/2 44/1541/2 4316/1541/2
f 4316/1541/2 44/1541/2 4317/1541/2
f 44/1541/2 4318/1541/2 4317/1541/2
f 4454/1533/2 3095/1533/2 4318/1541/2 44/1541/2
f 3143/1542/1 196/1541/1 4509/1543/1 4510/1544/1
f 3131/1531/1 3130/1540/1 4496/1545/1 4495/1534/1
f 4509/1543/2 196/1541/2 4508/1543/2
f 4315/1541/2 4507/1543/2 196/1541/2
f 4316/1541/2 4673/1546/2 4507/1543/2 4315/1541/2
f 4317/1541/1 4988/1547/1 4673/1546/1 4316/1541/1
f 4508/1543/2 196/1541/2 4507/1543/2
f 4508/1543/2 4507/1543/2 4673/1546/2 4987/1548/2
f 638/1549/1 3823/1550/1 91/1551/1 3781/1538/1 637/1537/1
f 3130/1540/1 3786/1539/1 3785/1552/1 3132/1553/1
f 3142/1554/1 920/1532/1 3143/1542/1
f 3130/1540/2 3132/1553/2 4497/1555/2 4496/1545/2
f 4511/1554/1 3142/1554/1 3143/1542/1 4510/1544/1
f 639/1556/1 3824/1557/1 3823/1550/1 638/1549/1
f 3132/1553/1 3785/1552/1 3784/1558/1 3133/1559/1
f 3141/1560/1 920/1532/1 3142/1554/1
f 3132/1553/2 3133/1559/2 4498/1561/2 4497/1555/2
f 4506/1562/2 3141/1560/2 3142/1554/2 4511/1554/2
f 640/1563/1 3825/1564/1 3824/1557/1 639/1556/1
f 195/1565/1 3829/1566/1 3134/1567/1 3133/1559/1 3784/1558/1
f 3141/1560/1 3140/1568/1 920/1532/1
f 3133/1559/2 3134/1567/2 4499/1569/2 4498/1561/2
f 641/1570/1 3826/1571/1 3825/1564/1 640/1563/1
f 3134/1567/1 3829/1566/1 3828/1572/1 3135/1573/1
f 3139/1574/1 920/1532/1 3140/1568/1
f 4499/1569/2 3134/1567/2 3135/1573/2 4500/1575/2
f 3826/1571/1 641/1570/1 3848/1576/1 87/1577/1
f 177/1578/1 173/1579/1 3135/1573/1 3828/1572/1 3827/1580/1 2769/1581/1 300/1582/1 303/1583/1 304/1584/1 307/1585/1 2707/1586/1 3188/1587/1
f 919/1588/1 920/1532/1 3139/1574/1 194/1589/1 3210/1590/1
f 3210/1590/2 194/1589/2 4575/1591/2 4574/1592/2
f 177/1578/2 3188/1587/2 4545/1593/2 4544/1594/2
f 4575/1591/2 194/1589/2 4576/1595/2
f 173/1579/2 4540/1596/2 4539/1597/2
f 4577/1595/1 194/1589/1 3139/1574/1 4505/1598/1 42/1599/1
f 42/1599/2 4677/1600/2 4577/1595/2
f 42/1599/2 4674/1601/2 4677/1600/2
f 4500/1575/2 3135/1573/2 173/1579/2 4539/1597/2 33/1602/2
f 4539/1597/2 4678/1603/2 33/1602/2
f 173/1579/2 177/1578/2 4544/1594/2 35/1604/2 4540/1596/2
f 4576/1595/1 194/1589/1 4577/1595/1
f 4577/1595/2 4677/1600/2 4676/1605/2 4576/1595/2
f 3209/1606/1 919/1588/1 3210/1590/1
f 2708/1607/1 3187/1608/1 3188/1587/1 2707/1586/1
f 4545/1593/1 3188/1587/1 3187/1608/1 4546/1609/1
f 658/1610/1 3847/1611/1 3848/1576/1 641/1570/1
f 2769/1581/1 3827/1580/1 197/1612/1 3874/1613/1 2768/1614/1
f 658/1610/1 641/1570/1 642/1615/1
f 658/1610/1 642/1615/1 643/1616/1
f 3208/1617/1 919/1588/1 3209/1606/1
f 2706/1618/1 3186/1619/1 3187/1608/1 2708/1607/1
f 3187/1608/1 3186/1619/1 4547/1620/1 4546/1609/1
f 659/1621/1 3849/1622/1 3847/1611/1 658/1610/1
f 3873/1623/1 2770/1624/1 2768/1614/1 3874/1613/1
f 657/1625/1 658/1610/1 643/1616/1
f 3207/1626/1 919/1588/1 3208/1617/1
f 2705/1627/1 3185/1628/1 3186/1619/1 2706/1618/1
f 4547/1620/2 3186/1619/2 3185/1628/2 4548/1629/2
f 660/1630/1 3850/1631/1 3849/1622/1 659/1621/1
f 3872/1632/1 2771/1633/1 2770/1624/1 3873/1623/1
f 656/1634/1 657/1625/1 643/1616/1
f 3206/1635/1 919/1588/1 3207/1626/1
f 2703/1636/1 3184/1637/1 3185/1628/1 2705/1627/1
f 4548/1629/1 3185/1628/1 3184/1637/1 4549/1638/1
f 661/1639/1 3851/1640/1 3850/1631/1 660/1630/1
f 3871/1641/1 2772/1642/1 2771/1633/1 3872/1632/1
f 655/1643/1 656/1634/1 643/1616/1
f 3205/1644/1 919/1588/1 3206/1635/1
f 2704/1645/1 3173/1646/1 3184/1637/1 2703/1636/1
f 4549/1638/1 3184/1637/1 3173/1646/1 4550/1647/1
f 662/1648/1 3852/1649/1 3851/1640/1 661/1639/1
f 3870/1650/1 2773/1651/1 2772/1642/1 3871/1641/1
f 655/1643/1 643/1616/1 644/1652/1
f 3204/1653/1 919/1588/1 3205/1644/1
f 2702/1654/1 3174/1655/1 3173/1646/1 2704/1645/1
f 4550/1647/1 3173/1646/1 3174/1655/1 4551/1656/1
f 663/1657/1 3853/1658/1 3852/1649/1 662/1648/1
f 3869/1659/1 2774/1660/1 2773/1651/1 3870/1650/1
f 654/1661/1 655/1643/1 644/1652/1
f 3203/1662/1 919/1588/1 3204/1653/1
f 3174/1655/1 2702/1654/1 308/1663/1 2823/1664/1 3175/1665/1
f 4551/1656/1 3174/1655/1 3175/1665/1 4552/1666/1
f 664/1667/1 3854/1668/1 3853/1658/1 663/1657/1
f 3868/1669/1 2775/1670/1 2774/1660/1 3869/1659/1
f 653/1671/1 654/1661/1 644/1652/1
f 653/1671/1 644/1652/1 645/1672/1
f 3202/1673/1 919/1588/1 3203/1662/1
f 2822/1674/1 3176/1675/1 3175/1665/1 2823/1664/1
f 3175/1665/2 3176/1675/2 4553/1676/2 4552/1666/2
f 665/1677/1 3907/1678/1 77/1679/1 3854/1668/1 664/1667/1
f 3867/1680/1 2803/1681/1 299/1682/1 2775/1670/1 3868/1669/1
f 3201/1683/1 919/1588/1 3202/1673/1
f 2821/1684/1 3177/1685/1 3176/1675/1 2822/1674/1
f 4553/1676/1 3176/1675/1 3177/1685/1 4554/1686/1
f 666/1687/1 3902/1688/1 3907/1678/1 665/1677/1
f 3866/1689/1 2802/1690/1 2803/1681/1 3867/1680/1
f 652/1691/1 653/1671/1 645/1672/1
f 652/1691/1 645/1672/1 646/1692/1
f 3200/1693/1 919/1588/1 3201/1683/1
f 2820/1694/1 3178/1695/1 3177/1685/1 2821/1684/1
f 4554/1686/1 3177/1685/1 3178/1695/1 4555/1696/1
f 667/1697/1 3903/1698/1 3902/1688/1 666/1687/1
f 3865/1699/1 2799/1700/1 2802/1690/1 3866/1689/1
f 651/1701/1 652/1691/1 646/1692/1
f 651/1701/1 646/1692/1 647/1702/1
f 3199/1703/1 919/1588/1 3200/1693/1
f 2819/1704/1 3179/1705/1 3178/1695/1 2820/1694/1
f 4555/1696/2 3178/1695/2 3179/1705/2 4556/1706/2
f 668/1707/1 3904/1708/1 3903/1698/1 667/1697/1
f 3864/1709/1 2798/1710/1 2799/1700/1 3865/1699/1
f 650/1711/1 651/1701/1 647/1702/1
f 650/1711/1 647/1702/1 648/1712/1
f 649/1713/1 650/1711/1 648/1712/1
f 3198/1714/1 919/1588/1 3199/1703/1
f 2818/1715/1 3180/1716/1 3179/1705/1 2819/1704/1
f 4572/1717/1 3198/1714/1 3199/1703/1 4573/1718/1
f 3179/1705/1 3180/1716/1 4557/1719/1 4556/1706/1
f 669/1720/1 3905/1721/1 3904/1708/1 668/1707/1
f 3863/1722/1 2800/1723/1 2798/1710/1 3864/1709/1
f 3197/1724/1 919/1588/1 3198/1714/1
f 2817/1725/1 3181/1726/1 3180/1716/1 2818/1715/1
f 3180/1716/2 3181/1726/2 4558/1727/2 4557/1719/2
f 4571/1728/2 3197/1724/2 3198/1714/2 4572/1717/2
f 670/1729/1 3906/1730/1 3905/1721/1 669/1720/1
f 3862/1731/1 2801/1732/1 2800/1723/1 3863/1722/1
f 3196/1733/1 919/1588/1 3197/1724/1
f 2816/1734/1 3182/1735/1 3181/1726/1 2817/1725/1
f 4570/1736/1 3196/1733/1 3197/1724/1 4571/1728/1
f 4558/1727/1 3181/1726/1 3182/1735/1 4559/1737/1
f 671/1738/1 3908/1739/1 70/1740/1 3906/1730/1 670/1729/1
f 3861/1741/1 2848/1742/1 297/1743/1 2801/1732/1 3862/1731/1
f 3195/1744/1 919/1588/1 3196/1733/1
f 2815/1745/1 3183/1746/1 3182/1735/1 2816/1734/1
f 4559/1737/1 3182/1735/1 3183/1746/1 4560/1747/1
f 4569/1748/1 3195/1744/1 3196/1733/1 4570/1736/1
f 672/1749/1 3909/1750/1 3908/1739/1 671/1738/1
f 2848/1742/1 3861/1741/1 198/1751/1 3932/1752/1 2849/1753/1
f 191/1754/1 185/1755/1 182/1756/1 3183/1746/1 2815/1745/1 311/1757/1 2867/1758/1 918/1759/1 919/1588/1 3195/1744/1
f 4590/1760/2 182/1756/2 4591/1761/2
f 4588/1762/41 191/1754/41 3195/1744/41 4569/1748/41 40/1763/41
f 3183/1746/1 182/1756/1 4590/1760/1 37/1764/1 4560/1747/1
f 4590/1760/2 4675/1765/2 37/1764/2
f 3909/1750/1 672/1749/1 3910/1766/1
f 3931/1767/1 2696/1768/1 294/1769/1 2849/1753/1 3932/1752/1
f 2866/1770/1 918/1759/1 2867/1758/1
f 673/1771/1 3952/1772/1 59/1773/1 3910/1766/1 672/1749/1
f 3930/1774/1 2697/1775/1 2696/1768/1 3931/1767/1
f 2865/1776/1 918/1759/1 2866/1770/1
f 3952/1772/1 673/1771/1 674/1777/1 3951/1778/1
f 292/1779/1 2697/1775/1 3930/1774/1 201/1780/1 3728/1781/1 2736/1782/1
f 2864/1783/1 918/1759/1 2865/1776/1
f 675/1784/1 3953/1785/1 3951/1778/1 674/1777/1
f 3727/1786/1 2734/1787/1 2736/1782/1 3728/1781/1
f 2863/1788/1 918/1759/1 2864/1783/1
f 676/1789/1 3954/1790/1 3953/1785/1 675/1784/1
f 3726/1791/1 2735/1792/1 2734/1787/1 3727/1786/1
f 2862/1793/1 918/1759/1 2863/1788/1
f 677/1794/1 3955/1795/1 3954/1790/1 676/1789/1
f 3725/1796/1 2728/1797/1 2735/1792/1 3726/1791/1
f 2861/1798/1 918/1759/1 2862/1793/1
f 678/1799/1 3956/1800/1 3955/1795/1 677/1794/1
f 3724/1801/1 2727/1802/1 2728/1797/1 3725/1796/1
f 2860/1803/1 918/1759/1 2861/1798/1
f 679/1804/1 3747/1805/1 48/1806/1 3956/1800/1 678/1799/1
f 3723/1807/1 2729/1808/1 2727/1802/1 3724/1801/1
f 2859/1809/1 918/1759/1 2860/1803/1
f 680/1810/1 3744/1811/1 3747/1805/1 679/1804/1
f 3722/1812/1 2730/1813/1 2729/1808/1 3723/1807/1
f 2754/1814/1 918/1759/1 2859/1809/1 313/1815/1
f 681/1816/1 3745/1817/1 3744/1811/1 680/1810/1
f 3721/1818/1 2731/1819/1 2730/1813/1 3722/1812/1
f 2753/1820/1 918/1759/1 2754/1814/1
f 682/1821/1 3746/1822/1 3745/1817/1 681/1816/1
f 3720/1823/1 2732/1824/1 2731/1819/1 3721/1818/1
f 2752/1825/1 918/1759/1 2753/1820/1
f 683/1826/1 3768/1827/1 45/1828/1 3746/1822/1 682/1821/1
f 2732/1824/1 3720/1823/1 202/1829/1 3772/1830/1 2733/1831/1
f 2751/1832/1 918/1759/1 2752/1825/1
f 684/1833/1 3779/1834/1 38/1835/1 3768/1827/1 683/1826/1
f 3772/1830/1 205/1836/1 206/1837/1 209/1838/1 211/1839/1 213/1840/1 214/1841/1 217/1842/1 219/1843/1 221/1844/1 223/1845/1 225/1846/1 226/1847/1 8/1848/1 3783/1849/1 2807/1850/1 290/1851/1 2733/1831/1
f 918/1759/1 2751/1832/1 315/1852/1 2844/1853/1 917/1854/1
f 288/1855/1 2807/1850/1 3783/1849/1 10/1856/1 20/1857/1 32/1858/1 3779/1834/1 684/1833/1 2832/1859/1
f 2843/1860/1 917/1854/1 2844/1853/1
f 685/1861/1 2833/1862/1 2832/1859/1 684/1833/1
f 2842/1863/1 917/1854/1 2843/1860/1
f 686/1864/1 2671/1865/1 284/1866/1 2833/1862/1 685/1861/1
f 2841/1867/1 917/1854/1 2842/1863/1
f 687/1868/1 2672/1869/1 2671/1865/1 686/1864/1
f 917/1854/1 2841/1867/1 316/1870/1 2724/1871/1 916/1872/1
f 2672/1869/1 687/1868/1 2711/1873/1 280/1874/1
f 2723/1875/1 916/1872/1 2724/1871/1
f 688/1876/1 2709/1877/1 2711/1873/1 687/1868/1
f 2722/1878/1 916/1872/1 2723/1875/1
f 689/1879/1 2710/1880/1 2709/1877/1 688/1876/1
f 2721/1881/1 916/1872/1 2722/1878/1
f 690/1882/1 2787/1883/1 277/1884/1 2710/1880/1 689/1879/1
f 916/1872/1 2721/1881/1 318/1885/1 2806/1886/1 915/1887/1
f 2787/1883/1 690/1882/1 2788/1888/1
f 2805/1889/1 915/1887/1 2806/1886/1
f 691/1890/1 2836/1891/1 273/1892/1 2788/1888/1 690/1882/1
f 2804/1893/1 915/1887/1 2805/1889/1
f 692/1894/1 2834/1895/1 2836/1891/1 691/1890/1
f 2850/1896/1 915/1887/1 2804/1893/1 320/1897/1
f 693/1898/1 2835/1899/1 2834/1895/1 692/1894/1
f 915/1887/1 2850/1896/1 323/1900/1 2701/1901/1 914/1902/1
f 2835/1899/1 693/1898/1 2676/1903/1 268/1904/1
f 2700/1905/1 914/1902/1 2701/1901/1
f 694/1906/1 2674/1907/1 2676/1903/1 693/1898/1
f 2699/1908/1 914/1902/1 2700/1905/1
f 695/1909/1 2673/1910/1 2674/1907/1 694/1906/1
f 2698/1911/1 914/1902/1 2699/1908/1
f 696/1912/1 2675/1913/1 2673/1910/1 695/1909/1
f 914/1902/1 2698/1911/1 1/1914/1 2786/1915/1 913/1916/1
f 2675/1913/1 696/1912/1 2756/1917/1 265/1918/1
f 2785/1919/1 913/1916/1 2786/1915/1
f 697/1920/1 2755/1921/1 2756/1917/1 696/1912/1
f 2784/1922/1 913/1916/1 2785/1919/1
f 704/1923/1 2757/1924/1 2755/1921/1 697/1920/1
f 704/1923/4 697/1920/4 705/1925/4
f 705/1925/1 697/1920/1 703/1926/1
f 703/1926/1 697/1920/1 698/1927/1
f 2783/1928/1 913/1916/1 2784/1922/1
f 705/1925/1 2758/1929/1 2757/1924/1 704/1923/1
f 705/1925/1 704/1923/1 703/1926/1
f 2811/1930/1 913/1916/1 2783/1928/1 43/1931/1
f 706/1932/1 2759/1933/1 2758/1929/1 705/1925/1
f 702/1934/1 703/1926/1 698/1927/1
f 702/1934/1 698/1927/1 699/1935/1
f 701/1936/1 702/1934/1 699/1935/1
f 2810/1937/1 913/1916/1 2811/1930/1
f 707/1938/1 2760/1939/1 2759/1933/1 706/1932/1
f 700/1940/1 701/1936/1 699/1935/1
f 2809/1941/1 913/1916/1 2810/1937/1
f 708/1942/1 2761/1943/1 2760/1939/1 707/1938/1
f 2808/1944/1 913/1916/1 2809/1941/1
f 709/1945/1 2847/1946/1 263/1947/1 2761/1943/1 708/1942/1
f 913/1916/1 2808/1944/1 92/1948/1 2855/1949/1 912/1950/1
f 2847/1946/1 709/1945/1 2845/1951/1
f 2854/1952/1 912/1950/1 2855/1949/1
f 710/1953/1 2846/1954/1 2845/1951/1 709/1945/1
f 2853/1955/1 912/1950/1 2854/1952/1
f 711/1956/1 2690/1957/1 258/1958/1 2846/1954/1 710/1953/1
f 2852/1959/1 912/1950/1 2853/1955/1
f 712/1960/1 2691/1961/1 2690/1957/1 711/1956/1
f 2851/1962/1 911/1963/1 912/1950/1 2852/1959/1
f 2691/1961/1 712/1960/1 2692/1964/1
f 911/1963/1 2851/1962/1 119/1965/1 2718/1966/1 910/1967/1
f 2692/1964/1 712/1960/1 2693/1968/1
f 2717/1969/1 910/1967/1 2718/1966/1
f 713/1970/1 2694/1971/1 2693/1968/1 712/1960/1
f 2716/1972/1 909/1973/1 910/1967/1 2717/1969/1
f 2694/1971/1 713/1970/1 2695/1974/1
f 2715/1975/1 909/1973/1 2716/1972/1
f 714/1976/1 2777/1977/1 252/1978/1 2695/1974/1 713/1970/1
f 2714/1979/1 908/1980/1 909/1973/1 2715/1975/1
f 2777/1977/1 714/1976/1 2776/1981/1
f 2713/1982/1 907/1983/1 908/1980/1 2714/1979/1
f 2776/1981/1 714/1976/1 2778/1984/1
f 2712/1985/1 907/1983/1 2713/1982/1
f 715/1986/1 2779/1987/1 2778/1984/1 714/1976/1
f 907/1983/1 2712/1985/1 125/1988/1 2795/1989/1 906/1990/1
f 2779/1987/1 715/1986/1 2780/1991/1
f 2794/1992/1 905/1993/1 906/1990/1 2795/1989/1
f 2780/1991/1 715/1986/1 2781/1994/1
f 2793/1995/1 904/1996/1 905/1993/1 2794/1992/1
f 2781/1994/1 715/1986/1 2782/1997/1
f 2792/1998/1 904/1996/1 2793/1995/1
f 716/1999/1 2831/2000/1 248/2001/1 2782/1997/1 715/1986/1
f 2791/2002/1 903/2003/1 904/1996/1 2792/1998/1
f 2831/2000/1 716/1999/1 2828/2004/1
f 2790/2005/1 902/2006/1 903/2003/1 2791/2002/1
f 2828/2004/1 716/1999/1 2827/2007/1
f 2789/2008/1 902/2006/1 2790/2005/1
f 717/2009/1 2829/2010/1 2827/2007/1 716/1999/1
f 902/2006/1 2789/2008/1 143/2011/1 2839/2012/1 901/2013/1
f 2829/2010/1 717/2009/1 2830/2014/1
f 2837/2015/1 901/2013/1 2839/2012/1
f 718/2016/1 2670/2017/1 244/2018/1 2830/2014/1 717/2009/1
f 2838/2019/1 900/2020/1 901/2013/1 2837/2015/1
f 2670/2017/1 718/2016/1 2669/2021/1
f 2840/2022/1 900/2020/1 2838/2019/1
f 719/2023/1 2666/2024/1 2669/2021/1 718/2016/1
f 900/2020/1 2840/2022/1 162/2025/1 2684/2026/1 899/2027/1
f 2666/2024/1 719/2023/1 2665/2028/1
f 2683/2029/1 899/2027/1 2684/2026/1
f 720/2030/1 2667/2031/1 2665/2028/1 719/2023/1
f 2682/2032/1 898/2033/1 899/2027/1 2683/2029/1
f 2667/2031/1 720/2030/1 2668/2034/1
f 2681/2035/1 898/2033/1 2682/2032/1
f 721/2036/1 2750/2037/1 240/2038/1 2668/2034/1 720/2030/1
f 2680/2039/1 898/2033/1 2681/2035/1
f 722/2040/1 2749/2041/1 2750/2037/1 721/2036/1
f 2677/2042/1 898/2033/1 2680/2039/1
f 723/2043/1 2748/2044/1 2749/2041/1 722/2040/1
f 2678/2045/1 898/2033/1 2677/2042/1
f 724/2046/1 2747/2047/1 2748/2044/1 723/2043/1
f 2679/2048/1 898/2033/1 2678/2045/1
f 725/2049/1 2746/2050/1 2747/2047/1 724/2046/1
f 2685/2051/1 898/2033/1 2679/2048/1
f 726/2052/1 2740/2053/1 2746/2050/1 725/2049/1
f 2686/2054/1 898/2033/1 2685/2051/1
f 727/2055/1 2739/2056/1 2740/2053/1 726/2052/1
f 2687/2057/1 898/2033/1 2686/2054/1
f 728/2058/1 2738/2059/1 2739/2056/1 727/2055/1
f 2688/2060/1 898/2033/1 2687/2057/1
f 729/2061/1 2737/2062/1 2738/2059/1 728/2058/1
f 2689/2063/1 898/2033/1 2688/2060/1
f 730/2064/1 2741/2065/1 2737/2062/1 729/2061/1
f 898/2033/1 2689/2063/1 165/2066/1 2765/2067/1 897/2068/1
f 2741/2065/1 730/2064/1 2742/2069/1
f 2764/2070/1 897/2068/1 2765/2067/1
f 731/2071/1 2743/2072/1 2742/2069/1 730/2064/1
f 2762/2073/1 897/2068/1 2764/2070/1
f 732/2074/1 2744/2075/1 2743/2072/1 731/2071/1
f 2763/2076/1 897/2068/1 2762/2073/1
f 733/2077/1 2745/2078/1 2744/2075/1 732/2074/1
f 2766/2079/1 896/2080/1 897/2068/1 2763/2076/1
f 2745/2078/1 733/2077/1 2814/2081/1 236/2082/1
f 2767/2083/1 896/2080/1 2766/2079/1
f 734/2084/1 2812/2085/1 2814/2081/1 733/2077/1
f 2825/2086/1 896/2080/1 2767/2083/1 175/2087/1
f 735/2088/1 2813/2089/1 2812/2085/1 734/2084/1
f 2824/2090/1 895/2091/1 896/2080/1 2825/2086/1
f 2813/2089/1 735/2088/1 2858/2092/1 232/2093/1
f 2826/2094/1 895/2091/1 2824/2090/1
f 736/2095/1 2856/2096/1 2858/2092/1 735/2088/1
f 895/2091/1 2826/2094/1 186/2097/1 2869/2098/1 894/2099/1
f 2856/2096/1 736/2095/1 2857/2100/1
f 2868/2101/1 894/2099/1 2869/2098/1
f 737/2102/1 2719/2103/1 230/2104/1 2857/2100/1 736/2095/1
f 2870/2105/1 893/2106/1 894/2099/1 2868/2101/1
f 2719/2103/1 737/2102/1 2720/2107/1
f 2726/2108/1 893/2106/1 2870/2105/1 192/2109/1
f 738/855/1 2796/2110/1 227/2111/1 2720/2107/1 737/2102/1
f 2725/2112/1 892/2113/1 893/2106/1 2726/2108/1
f 2796/2110/1 738/855/1 2797/2114/1
f 892/2113/1 2725/2112/1 199/2115/1 210/2116/1 212/2117/1 2797/2114/1 738/855/1 739/2118/1
f 892/2113/1 739/2118/1 891/2119/1
f 891/2119/1 739/2118/1 740/2120/1
f 890/2121/1 891/2119/1 740/2120/1
f 890/2121/1 740/2120/1 741/2122/1
f 889/2123/1 890/2121/1 741/2122/1
f 888/2124/1 889/2123/1 881/2125/1
f 881/2125/1 889/2123/1 880/2126/1
f 880/2126/1 889/2123/1 741/2122/1
f 879/2127/1 880/2126/1 741/2122/1
f 878/2128/1 879/2127/1 741/2122/1
f 888/2124/1 881/2125/1 882/2129/1
f 877/2130/1 878/2128/1 741/2122/1
f 888/2124/1 882/2129/1 883/2131/1
f 877/2130/1 741/2122/1 742/2132/1
f 876/2133/1 877/2130/1 742/2132/1
f 888/2124/1 883/2131/1 884/2134/1
f 888/2124/1 884/2134/1 885/2135/1
f 888/2124/1 885/2135/1 886/2136/1
f 887/2137/1 888/2124/1 886/2136/1
f 875/2138/1 876/2133/1 742/2132/1
f 874/2139/1 875/2138/1 742/2132/1
f 873/2140/1 874/2139/1 742/2132/1
f 872/2141/1 873/2140/1 742/2132/1
f 871/2142/1 872/2141/1 742/2132/1
f 871/2142/1 742/2132/1 743/2143/1
f 870/2144/1 871/2142/1 743/2143/1
f 869/2145/1 870/2144/1 743/2143/1
f 868/2146/1 869/2145/1 743/2143/1
f 867/2147/1 868/2146/1 743/2143/1
f 867/2147/1 743/2143/1 744/2148/1
f 866/2149/1 867/2147/1 744/2148/1
f 865/2150/1 866/2149/1 853/2151/1
f 853/2151/1 866/2149/1 744/2148/1
f 865/2150/1 853/2151/1 854/2152/1
f 852/2153/1 853/2151/1 744/2148/1
f 865/2150/1 854/2152/1 855/2154/1
f 864/2155/1 865/2150/1 855/2154/1
f 851/2156/1 852/2153/1 744/2148/1
f 851/2156/1 744/2148/1 745/2157/1
f 864/2155/1 855/2154/1 856/2158/1
f 850/2159/1 851/2156/1 745/2157/1
f 864/2155/1 856/2158/1 857/2160/1
f 863/2161/1 864/2155/1 857/2160/1
f 863/2161/1 857/2160/1 858/2162/1
f 849/2163/1 850/2159/1 745/2157/1
f 863/2161/1 858/2162/1 859/2164/1
f 862/2165/1 863/2161/1 859/2164/1
f 862/2165/1 859/2164/1 860/2166/1
f 848/2167/1 849/2163/1 745/2157/1
f 861/2168/1 862/2165/1 860/2166/1
f 847/2169/1 848/2167/1 745/2157/1
f 846/2170/1 847/2169/1 745/2157/1
f 845/2171/1 846/2170/1 745/2157/1
f 845/2171/1 745/2157/1 746/2172/1
f 844/2173/1 845/2171/1 746/2172/1
f 843/2174/1 844/2173/1 746/2172/1
f 842/2175/1 843/2174/1 746/2172/1
f 841/2176/1 842/2175/1 746/2172/1
f 841/2176/1 746/2172/1 747/2177/1
f 840/2178/1 841/2176/1 747/2177/1
f 839/2179/1 840/2178/1 830/2180/1
f 830/2180/1 840/2178/1 747/2177/1
f 839/2179/1 830/2180/1 831/2181/1
f 829/2182/1 830/2180/1 747/2177/1
f 839/2179/1 831/2181/1 832/2183/1
f 828/2184/1 829/2182/1 747/2177/1
f 839/2179/1 832/2183/1 833/2185/1
f 838/2186/1 839/2179/1 833/2185/1
f 838/2186/1 833/2185/1 834/2187/1
f 827/2188/1 828/2184/1 747/2177/1
f 838/2186/1 834/2187/1 835/2189/1
f 837/2190/1 838/2186/1 835/2189/1
f 827/2188/1 747/2177/1 748/2191/1
f 837/2190/1 835/2189/1 836/2192/1
f 826/2193/1 827/2188/1 748/2191/1
f 826/2193/1 748/2191/1 749/2194/1
f 825/2195/1 826/2193/1 749/2194/1
f 824/2196/1 825/2195/1 749/2194/1
f 824/2196/1 749/2194/1 750/2197/1
f 823/2198/1 824/2196/1 750/2197/1
f 823/2198/1 750/2197/1 751/2199/1
f 823/2198/1 751/2199/1 752/2200/1
f 822/2201/1 823/2198/1 752/2200/1
f 822/2201/1 752/2200/1 753/2202/1
f 821/2203/1 822/2201/1 753/2202/1
f 821/2203/1 753/2202/1 754/2204/1
f 820/2205/1 821/2203/1 754/2204/1
f 820/2205/1 754/2204/1 755/2206/1
f 819/2207/1 820/2205/1 755/2206/1
f 819/2207/1 755/2206/1 756/2208/1
f 818/2209/1 819/2207/1 756/2208/1
f 818/2209/1 756/2208/1 757/2210/1
f 817/2211/1 818/2209/1 757/2210/1
f 817/2211/1 757/2210/1 758/2212/1
f 816/2213/1 817/2211/1 758/2212/1
f 815/2214/1 816/2213/1 758/2212/1
f 815/2214/1 758/2212/1 759/2215/1
f 814/2216/1 815/2214/1 759/2215/1
f 814/2216/1 759/2215/1 760/2217/1
f 813/2218/1 814/2216/1 760/2217/1
f 813/2218/1 760/2217/1 761/2219/1
f 813/2218/1 761/2219/1 762/2220/1
f 812/2221/1 813/2218/1 762/2220/1
f 812/2221/1 762/2220/1 763/2222/1
f 811/2223/1 812/2221/1 763/2222/1
f 763/2222/1 764/2224/1 4086/2225/1 56/2226/1 54/2227/1 50/2228/1 47/2229/1 4108/2230/1 811/2223/1
f 810/2231/1 811/2223/1 4108/2230/1 41/2232/1 39/2233/1 4089/2234/1
f 4086/2225/1 764/2224/1 4098/2235/1 62/2236/1
f 4101/2237/1 810/2231/1 4089/2234/1 36/2238/1
f 764/2224/1 765/2239/1 4114/2240/1 67/2241/1 4098/2235/1
f 4101/2237/1 29/2242/1 4069/2243/1 809/2244/1 810/2231/1
f 4114/2240/1 765/2239/1 4081/2245/1 69/2246/1
f 4084/2247/1 809/2244/1 4069/2243/1 27/2248/1
f 765/2239/1 766/2249/1 4094/2250/1 75/2251/1 4081/2245/1
f 4084/2247/1 23/2252/1 4096/2253/1 808/2254/1 809/2244/1
f 4094/2250/1 766/2249/1 4109/2255/1 78/2256/1
f 4111/2257/1 808/2254/1 4096/2253/1 18/2258/1
f 766/2249/1 767/2259/1 4075/2260/1 83/2261/1 4109/2255/1
f 4111/2257/1 16/2262/1 4079/2263/1 807/2264/1 808/2254/1
f 4075/2260/1 767/2259/1 4076/2265/1
f 4078/2266/1 807/2264/1 4079/2263/1
f 767/2259/1 768/2267/1 4104/2268/1 88/2269/1 85/2270/1 4076/2265/1
f 4104/2268/42 4120/2271/42 88/2269/42
f 4120/2271/1 4122/2272/1 88/2269/1
f 4078/2266/1 12/2273/1 4091/2274/1 806/2275/1 807/2264/1
f 4104/2268/1 768/2267/1 4102/2276/1
f 4090/2277/1 806/2275/1 4091/2274/1
f 4102/2276/1 768/2267/1 769/2278/1 4103/2279/1
f 4090/2277/1 5/2280/1 4106/2281/1 805/2282/1 806/2275/1
f 4103/2279/1 769/2278/1 4070/2283/1 95/2284/1
f 4/2285/1 4073/2286/1 805/2282/1 4106/2281/1
f 770/2287/1 4071/2288/1 4070/2283/1 769/2278/1
f 4072/2289/1 805/2282/1 4073/2286/1
f 98/2290/1 4071/2288/1 770/2287/1 771/2291/1 4085/2292/1
f 804/2293/1 805/2282/1 4072/2289/1 155/2294/1 4087/2295/1
f 4085/2292/1 771/2291/1 4097/2296/1 100/2297/1
f 4100/2298/1 804/2293/1 4087/2295/1 153/2299/1
f 4112/2300/1 104/2301/1 4097/2296/1 771/2291/1 772/2302/1
f 4099/2303/1 804/2293/1 4100/2298/1
f 773/2304/1 4113/2305/1 4112/2300/1 772/2302/1
f 803/2306/1 804/2293/1 4099/2303/1 151/2307/1 4115/2308/1
f 4113/2305/1 773/2304/1 4080/2309/1 108/2310/1
f 4083/2311/1 803/2306/1 4115/2308/1 149/2312/1
f 4092/2313/1 115/2314/1 4080/2309/1 773/2304/1 774/2315/1
f 4082/2316/1 802/2317/1 803/2306/1 4083/2311/1
f 4092/2313/1 774/2315/1 4093/2318/1
f 801/2319/1 802/2317/1 4082/2316/1 146/2320/1 4095/2321/1
f 4093/2318/1 774/2315/1 4107/2322/1 117/2323/1
f 4110/2324/1 801/2319/1 4095/2321/1 144/2325/1
f 4074/2326/1 120/2327/1 4107/2322/1 774/2315/1 775/2328/1
f 800/2329/1 801/2319/1 4110/2324/1 142/2330/1 4077/2331/1
f 4074/2326/1 775/2328/1 4088/2332/1 123/2333/1
f 800/2329/1 4077/2331/1 141/2334/1 139/2335/1 4105/2336/1
f 775/2328/1 776/2337/1 4068/2338/1 126/2339/1 124/2340/1 4088/2332/1
f 799/2341/1 800/2329/1 4105/2336/1 136/2342/1 135/2343/1 132/2344/1 130/2345/1 128/2346/1 4068/2338/1 776/2337/1
f 777/2347/1 799/2341/1 776/2337/1
f 798/2348/1 799/2341/1 777/2347/1
f 798/2348/1 777/2347/1 778/2349/1
f 797/2350/1 798/2348/1 778/2349/1
f 797/2350/1 778/2349/1 779/2351/1
f 796/2352/1 797/2350/1 779/2351/1
f 796/2352/1 779/2351/1 780/2353/1
f 795/2354/1 796/2352/1 780/2353/1
f 794/2355/1 795/2354/1 780/2353/1
f 794/2355/1 780/2353/1 781/2356/1
f 794/2355/1 781/2356/1 782/2357/1
f 794/2355/1 782/2357/1 783/2358/1
f 794/2355/1 783/2358/1 784/2359/1
f 793/2360/1 794/2355/1 784/2359/1
f 793/2360/1 784/2359/1 785/2361/1
f 793/2360/1 785/2361/1 786/2362/1
f 792/2363/1 793/2360/1 786/2362/1
f 792/2363/1 786/2362/1 787/2364/1
f 792/2363/1 787/2364/1 788/2365/1
f 791/2366/1 792/2363/1 788/2365/1
f 791/2366/1 788/2365/1 789/2367/1
f 790/2368/1 791/2366/1 789/2367/1
f 972/1/2 974/3/2 973/2/2
f 975/4/2 974/3/2 972/1/2
f 975/4/2 976/5/2 974/3/2
f 977/6/2 976/5/2 975/4/2
f 977/6/2 978/7/2 976/5/2
f 979/8/2 978/7/2 977/6/2
f 979/8/2 980/9/2 978/7/2
f 979/8/2 981/10/2 980/9/2
f 982/11/2 981/10/2 979/8/2
f 982/11/2 983/12/2 981/10/2
f 984/13/2 983/12/2 982/11/2
f 984/13/2 985/14/2 983/12/2
f 984/13/2 986/15/2 985/14/2
f 987/16/2 986/15/2 984/13/2
f 987/16/2 988/17/2 986/15/2
f 989/18/2 988/17/2 987/16/2
f 989/18/2 990/19/2 988/17/2
f 989/18/2 991/20/2 990/19/2
f 989/18/2 992/21/2 991/20/2
f 989/18/2 993/22/2 992/21/2
f 992/21/2 993/22/2 1748/26/2 1749/2369/2 1750/24/2 994/23/2
f 1748/26/2 993/22/2 1751/2370/2 1752/32/2
f 1755/29/2 1754/2371/2 995/27/2 994/23/2 1750/24/2 1753/30/2
f 1756/41/2 1751/2370/2 993/22/2 1757/2372/2
f 1949/2373/2 1951/38/2 996/37/2 995/27/2 1754/2371/2 1759/36/2 1758/2374/2 1950/2375/2 1948/2376/2
f 1762/52/2 1757/2372/2 993/22/2 997/51/2 1760/50/2 1761/49/2 1763/53/2
f 1955/2377/2 1950/2375/2 1758/2374/2 1766/2378/2 1765/2379/2 1764/44/2 1952/2380/2
f 1953/47/2 996/37/2 1951/38/2 1954/2381/2
f 1956/54/2 1952/2380/2 1764/44/2 1769/56/2 1768/2382/2
f 998/57/2 996/37/2 1953/47/2 1957/58/2
f 997/51/2 1767/2383/2 1760/50/2
f 1958/2384/2 1956/54/2 1768/2382/2 1771/2385/2 1960/2386/2
f 1959/2387/2 1961/2388/2 999/66/2 998/57/2 1957/58/2
f 1767/2383/2 997/51/2 1770/2389/2
f 1960/2386/2 1771/2385/2 1776/2390/2 1775/2391/2 1962/2392/2
f 1963/65/2 999/66/2 1961/2388/2
f 1774/64/2 1770/2389/2 997/51/2 1000/63/2 1772/2393/2 1773/2394/2
f 1966/2395/2 1962/2392/2 1775/2391/2 1779/2396/2 1777/2397/2 1964/2398/2
f 1001/67/2 999/66/2 1963/65/2 1965/2399/2
f 1772/2393/2 1000/63/2 1778/2400/2
f 1777/2401/43 1780/2401/43 1967/2402/43 1964/2403/43
f 1968/2404/2 1001/67/2 1965/2405/2
f 1000/63/44 1002/73/44 1781/72/44 1778/2406/44
f 1780/2401/2 1782/2407/2 1969/2408/2 1967/2402/2
f 1970/2409/2 1001/67/2 1968/2404/2
f 1002/73/45 1003/77/45 1783/2410/45 1781/72/45
f 1782/2407/46 1784/2411/46 1971/2412/46 1969/2408/46
f 1972/78/14 1001/67/14 1970/2409/14
f 1003/77/2 1004/80/2 1785/2413/2 1783/2410/2
f 1784/2411/2 1786/2414/2 1973/2415/2 1971/2412/2
f 1974/2416/47 1001/67/47 1972/78/47
f 1004/80/2 1005/83/2 1787/2417/2 1785/2413/2
f 1786/2414/2 1788/2418/2 1975/2419/2 1973/2415/2
f 1976/84/2 1001/67/2 1974/2416/2
f 1005/83/2 1006/86/2 1789/2420/2 1787/2417/2
f 1788/2418/2 1790/2421/2 1977/2422/2 1975/2419/2
f 1978/87/2 1001/67/2 1976/84/2
f 1006/86/2 1007/89/2 1791/2423/2 1789/2420/2
f 1790/2421/2 1792/2424/2 1979/2425/2 1977/2422/2
f 1980/2426/2 1001/67/2 1978/87/2
f 1007/89/2 1008/92/2 1793/91/2 1791/2423/2
f 1792/2424/2 1794/2427/2 1981/2428/2 1979/2425/2
f 1982/93/2 1001/67/2 1980/2426/2
f 1008/92/45 1009/95/45 1795/2429/45 1793/91/45
f 1794/2427/2 1796/2430/2 1983/2431/2 1981/2428/2
f 1984/2432/45 1001/67/45 1982/93/45
f 1009/95/2 1010/98/2 1797/2433/2 1795/2429/2
f 1796/2430/2 1798/2434/2 1985/2435/2 1983/2431/2
f 1986/2436/10 1001/67/10 1984/2432/10
f 1010/98/2 1011/101/2 1799/2437/2 1797/2433/2
f 1798/2434/44 1800/2438/44 1987/2439/44 1985/2435/44
f 1988/102/2 1001/67/2 1986/2436/2
f 1011/101/2 1012/104/2 1801/103/2 1799/2437/2
f 1800/2440/2 1802/2440/2 1989/2441/2 1987/2442/2
f 1990/2443/1 1001/67/1 1988/108/1
f 1012/104/2 1013/106/2 1803/2444/2 1801/2445/2
f 1991/2446/2 1989/2441/2 1802/2440/2 1806/2447/2
f 1993/2448/2 1001/67/2 1990/2443/2 1992/2449/2
f 1805/110/2 1803/2444/2 1013/106/2 1014/112/2 1804/2450/2
f 1994/2451/2 1991/2446/2 1806/2447/2 1809/2452/2 1810/120/2
f 1995/2453/2 1001/67/2 1993/2448/2
f 1807/115/2 1804/2450/2 1014/112/2 1015/117/2 1808/116/2
f 1810/120/2 1811/123/2 1996/122/2 1994/2451/2
f 1997/2454/2 1016/133/2 1001/67/2 1995/2453/2
f 1015/117/2 1812/2455/2 1808/116/2
f 1999/127/2 1996/122/2 1811/123/2 1815/129/2 1998/2456/2
f 2000/2457/2 1016/133/2 1997/2454/2
f 1814/124/2 1812/2455/2 1015/117/2 1017/126/2 1813/2458/2
f 2001/2459/2 1998/2456/2 1815/129/2 1817/2460/2 1818/2461/2
f 2003/2462/2 1016/133/2 2000/2457/2 2002/135/2
f 1017/126/2 1018/131/2 1816/130/2 1813/2458/2
f 1818/2461/2 1819/2463/2 2004/2464/2 2001/2459/2
f 2005/2465/2 1019/137/2 1016/133/2 2003/2462/2
f 1018/131/2 1820/2466/2 1816/130/2
f 2006/2467/2 2004/2464/2 1819/2463/2 1823/144/2 1824/143/2
f 2008/2468/2 1019/137/2 2005/2465/2 2007/2469/2
f 1822/2470/2 1820/2466/2 1018/131/2 1020/141/2 1821/2471/2
f 2010/150/2 2006/2467/2 1824/143/2 1827/2472/2 2009/2473/2
f 2011/157/2 1019/137/2 2008/2468/2
f 1825/2474/2 1821/2471/2 1020/141/2 1021/149/2 1826/148/2
f 2012/2475/2 2009/2473/2 1827/2472/2 1830/2476/2 1829/161/2
f 2014/2477/2 2013/2478/2 1022/154/2 1019/137/2 2011/157/2
f 1826/148/2 1021/149/2 1828/2479/2
f 2012/2475/2 1829/161/2 1833/164/2 2015/2480/2
f 2016/2481/2 1022/154/2 2013/2478/2 2017/2482/2
f 1832/158/2 1828/2479/2 1021/149/2 1023/160/2 1831/2483/2
f 1833/164/2 1836/2484/2 2018/2485/2 2015/2480/2
f 2019/171/2 1022/154/2 2016/2481/2
f 1835/2486/2 1831/2483/2 1023/160/2 1024/167/2 1834/166/2
f 2026/2487/2 2018/2485/2 1836/2484/2 1839/2488/2 1837/2489/2 2020/2490/2
f 2023/178/2 2022/177/2 1025/176/2 1022/154/2 2019/171/2 2027/175/2 2024/2491/2 2025/173/2 2021/2492/2
f 1024/167/2 1838/2493/2 1834/166/2
f 2028/2494/2 2020/2490/2 1837/2489/2 1842/2495/2 1843/184/2
f 2029/2496/2 1025/176/2 2022/177/2
f 1840/2497/2 1838/2493/2 1024/167/2 1026/182/2 1841/2498/2
f 1843/184/2 1846/2499/2 2030/2500/2 2028/2494/2
f 2031/194/2 1025/176/2 2029/2496/2
f 1844/2501/2 1841/2498/2 1026/182/2 1027/191/2 1845/190/2
f 2033/2502/2 2030/2500/2 1846/2499/2 1854/2503/2 1855/2504/2 2032/2505/2
f 2034/2506/2 1025/176/2 2031/194/2
f 1856/204/2 1857/203/2 1853/2507/2 1852/2508/2 1851/200/2 1850/199/2 1849/2509/2
f 1847/2510/2 1845/190/2 1027/191/2 1028/197/2 1848/2511/2
f 2037/2512/2 2032/2505/2 1855/2504/2 1867/2513/2 1866/2514/2 1865/2515/2
f 2035/2516/2 2038/2517/2 1029/221/2 1025/176/2 2034/2506/2 2036/2518/2
f 1863/207/2 1856/204/2 1849/2509/2 1862/2519/2 1861/210/2 1860/2520/2 1864/2521/2
f 1848/2511/2 1028/197/2 1858/2522/2 1859/206/2
f 1870/2523/2 1864/2521/2 1860/2520/2 1871/2524/2 1868/2525/2 1869/217/2 1858/2522/2 1028/197/2 1030/216/2 2039/215/2 2037/2512/2 1865/2515/2
f 2040/2526/2 1029/221/2 2038/2517/2
f 2042/2527/2 2039/215/2 1030/216/2 1031/223/2 2041/2528/2
f 1029/221/2 2040/2526/2 2043/2529/2 2044/2530/2
f 2041/2528/2 1031/223/2 2046/224/2 2045/2531/2
f 2048/2532/2 2047/2533/2 1032/228/2 1029/221/2 2044/2530/2
f 2046/224/2 1031/223/2 1033/226/2 2051/2534/2
f 1032/228/2 2047/2533/2 2049/2535/2 2050/229/2
f 2052/2536/2 2051/2534/2 1033/226/2 1034/233/2 2054/2537/2
f 1032/228/2 2050/229/2 2053/2538/2
f 2054/2537/2 1034/233/2 2055/234/2 2056/2539/2
f 2058/2540/2 2057/2541/2 1035/236/2 1032/228/2 2053/2538/2 2059/2542/2
f 1034/233/2 1036/232/2 2061/2543/2 2055/234/2
f 1035/236/2 2057/2541/2 2060/2544/2
f 2062/2545/2 2061/2543/2 1036/232/2 1037/240/2 2065/2546/2
f 1035/236/2 2060/2544/2 2063/2547/2 2064/2548/2
f 1037/240/2 1038/244/2 2066/243/2 2065/2546/2
f 2067/2549/2 1035/236/2 2064/2548/2
f 2066/243/2 1038/244/2 2068/246/2
f 2069/249/2 2070/2550/2 1039/247/2 1035/236/2 2067/2549/2
f 2071/250/2 2068/246/2 1038/244/2 1040/252/2 2073/2551/2
f 1039/247/2 2070/2550/2 2072/2552/2
f 2073/2551/2 1040/252/2 2074/254/2
f 2214/2553/2 2213/256/2 1041/255/2 1039/247/2 2072/2552/2 2076/264/2 2075/2554/2 2209/2555/2 2211/2556/2 2210/2557/2 2215/2558/2 2212/2559/2
f 1040/252/2 1042/266/2 2078/2560/2 2074/254/2
f 2218/2561/2 1041/255/2 2213/256/2
f 2217/2562/2 2209/2555/2 2075/2554/2 2077/270/2 2216/2563/2
f 2079/272/2 2078/2560/2 1042/266/2 1043/274/2 2082/273/2
f 2220/2564/2 1041/255/2 2218/2561/2
f 2216/2563/2 2077/270/2 2080/2565/2 2081/2566/2 2219/2567/2
f 2082/273/2 1043/274/2 2083/279/2
f 2223/282/2 2224/2568/2 1044/280/2 1041/255/2 2220/2564/2 2226/2569/2
f 2225/288/2 2219/2567/2 2081/2566/2 2085/287/2 2084/2570/2 2221/2571/2 2222/2572/2
f 2087/289/2 2083/279/2 1043/274/2 1045/293/2 1476/2573/2 1477/2574/2 1478/290/2
f 2228/294/2 1044/280/2 2224/2568/2
f 2084/2570/2 2086/2575/2 2227/295/2 2221/2571/2
f 1045/293/2 1479/2576/2 1476/2573/2
f 2090/299/2 2087/289/2 1478/290/2 1481/298/2 1480/301/2 2089/300/2
f 2231/304/2 2232/2577/2 1046/302/2 1044/280/2 2228/294/2 2233/305/2
f 2230/2578/2 2227/295/2 2086/2575/2 2091/309/2 2088/308/2 2229/307/2
f 1045/293/2 1047/312/2 1482/311/2 1479/2576/2
f 1480/301/2 1483/314/2 2093/313/2 2089/300/2
f 2235/2579/2 1046/302/2 2232/2577/2
f 2229/307/2 2088/308/2 2092/317/2 2234/316/2
f 1047/312/2 1048/319/2 1484/2580/2 1482/311/2
f 1483/314/2 1485/321/2 2095/320/2 2093/313/2
f 2237/2581/2 1046/302/2 2235/2579/2
f 2234/316/2 2092/317/2 2094/324/2 2236/323/2
f 1490/327/2 1484/2580/2 1048/319/2 1049/326/2 1487/325/2 1486/328/2
f 2240/339/2 1046/302/2 2237/2581/2
f 2100/2582/2 2095/320/2 1485/321/2 1488/329/2 1489/2583/2 2239/2584/2 2238/2585/2 2236/323/2 2094/324/2 2101/2586/2 2099/2587/2 2098/2588/2 2096/2589/2 2097/2590/2
f 1049/326/2 1491/2591/2 1487/325/2
f 2242/347/2 2245/346/2 1050/345/2 1046/302/2 2240/339/2 2243/348/2
f 2241/342/2 2239/2584/2 1489/2583/2 1492/2592/2 2244/343/2
f 1049/326/2 1493/349/2 1491/2591/2
f 2247/355/2 2248/2593/2 1051/353/2 1050/345/2 2245/346/2 2246/2594/2
f 2249/2595/2 2250/2596/2 2244/343/2 1492/2592/2 1494/2597/2
f 1049/326/2 1495/358/2 1493/349/2
f 2252/2598/2 1052/361/2 1051/353/2 2248/2593/2
f 2249/2595/2 1494/2597/2 1496/360/2 2251/2599/2
f 1497/363/2 1495/358/2 1049/326/2 1053/365/2 1498/364/2
f 2254/2600/2 1052/361/2 2252/2598/2
f 2253/2601/2 2255/369/2 2251/2599/2 1496/360/2 1499/2602/2 1500/367/2
f 1053/365/2 1501/2603/2 1498/364/2
f 2256/375/2 2258/2604/2 1054/376/2 1052/361/2 2254/2600/2
f 2253/2601/2 1500/367/2 1502/373/2 2257/2605/2
f 1053/365/2 1503/377/2 1501/2603/2
f 2260/386/2 1055/385/2 1054/376/2 2258/2604/2
f 2259/381/2 2261/2606/2 2257/2605/2 1502/373/2 1504/2607/2 1505/2608/2 1508/384/2 1507/383/2 1506/382/2
f 1509/388/2 1503/377/2 1053/365/2 1056/390/2 1510/2609/2
f 2263/394/2 1055/385/2 2260/386/2
f 2259/381/2 1506/382/2 1513/2610/2 1514/2611/2 2262/2612/2
f 1516/397/2 1505/2608/2 1504/2607/2 1511/396/2 1512/2613/2 1515/2614/2
f 1056/390/2 1517/399/2 1510/2609/2
f 2265/2615/2 2267/2616/2 1057/405/2 1055/385/2 2263/394/2
f 2266/2617/2 2264/2618/2 2262/2612/2 1514/2611/2 1520/2619/2
f 1521/408/2 1515/2614/2 1512/2613/2 1518/2620/2 1519/2621/2
f 1056/390/2 1522/2622/2 1517/399/2
f 2268/415/2 2269/2623/2 1058/416/2 1057/405/2 2267/2616/2
f 2270/2624/2 2271/2625/2 2266/2617/2 1520/2619/2 1527/410/2 1526/2626/2
f 1528/417/2 1519/2621/2 1518/2620/2 1523/420/2 1524/2627/2 1525/2628/2
f 1530/421/2 1522/2622/2 1056/390/2 1059/423/2 1529/2629/2
f 2273/2630/2 1058/416/2 2269/2623/2
f 1526/2626/2 1532/2631/2 2272/2632/2 2270/2624/2
f 1531/427/2 1525/2628/2 1524/2627/2 1533/2633/2
f 1059/423/2 1534/2634/2 1529/2629/2
f 2275/2635/2 1060/432/2 1058/416/2 2273/2630/2
f 2272/2632/2 1532/2631/2 1535/431/2 2274/2636/2
f 1059/423/2 1536/434/2 1534/2634/2
f 2276/439/2 2278/2637/2 1061/440/2 1060/432/2 2275/2635/2
f 2277/2638/2 2279/2639/2 2274/2636/2 1535/431/2 1537/2640/2
f 1059/423/2 1538/2641/2 1536/434/2
f 2281/2642/2 1062/445/2 1061/440/2 2278/2637/2
f 2280/2643/2 2277/2638/2 1537/2640/2 1540/444/2 1539/2644/2
f 1059/423/2 1541/2645/2 1538/2641/2
f 2282/2646/2 2283/450/2 1063/452/2 1062/445/2 2281/2642/2
f 2280/2643/2 1539/2644/2 1542/2647/2 2284/2648/2
f 1546/2649/2 1541/2645/2 1059/423/2 1064/454/2 1544/453/2 1543/456/2
f 1063/452/2 2283/450/2 2286/2650/2
f 2285/457/2 2284/2648/2 1542/2647/2 1545/459/2 2287/458/2
f 1064/454/2 1547/461/2 1544/453/2
f 1065/464/2 1063/452/2 2286/2650/2 2288/465/2
f 2287/458/2 1545/459/2 1548/463/2 2289/462/2
f 1064/454/2 1550/2651/2 1547/461/2
f 1066/470/2 1065/464/2 2288/465/2 2290/2652/2
f 2291/2653/2 2289/462/2 1548/463/2 1551/469/2 1549/2654/2
f 1064/454/2 1552/2655/2 1550/2651/2
f 2294/2656/2 2293/2657/2 1067/477/2 1066/470/2 2290/2652/2
f 2291/2653/2 1549/2654/2 1553/2658/2 2292/473/2
f 1064/454/2 1555/2659/2 1552/2655/2
f 1068/482/2 1067/477/2 2293/2657/2 2296/483/2
f 2295/479/2 2292/473/2 1553/2658/2 1554/2660/2 2297/480/2
f 1064/454/2 1556/2661/2 1555/2659/2
f 2300/488/2 2298/487/2 1069/489/2 1068/482/2 2296/483/2
f 2297/480/2 1554/2660/2 1557/2662/2 2299/2663/2
f 1560/490/2 1556/2661/2 1064/454/2 1070/493/2 1559/2664/2 1558/491/2
f 1069/489/2 2298/487/2 2302/2665/2
f 2301/2666/2 2299/2663/2 1557/2662/2 1561/2667/2 1562/2668/2 2303/2669/2
f 1559/2664/2 1070/493/2 1563/2670/2
f 1071/502/2 1069/489/2 2302/2665/2 2304/2671/2
f 2303/2669/2 1562/2668/2 1564/2672/2 2305/2673/2
f 1563/2670/2 1070/493/2 1565/2674/2
f 2306/2675/2 2307/2676/2 1072/509/2 1071/502/2 2304/2671/2
f 2305/2673/2 1564/2672/2 1566/2677/2 2308/2678/2
f 1565/2674/2 1070/493/2 1567/2679/2
f 1073/513/2 1072/509/2 2307/2676/2 2309/2680/2
f 2308/2678/2 1566/2677/2 1568/2681/2 2310/2682/2
f 1567/2679/2 1070/493/2 1569/2683/2
f 1074/519/2 1073/513/2 2309/2680/2 2311/2684/2
f 2313/2685/2 2310/2682/2 1568/2681/2 1570/2686/2 2312/2687/2
f 1569/2683/2 1070/493/2 1571/2688/2
f 2317/528/2 2315/2689/2 1075/526/2 1074/519/2 2311/2684/2
f 2314/2690/2 2312/2687/2 1570/2686/2 1573/2691/2 1572/2692/2 2316/2693/2
f 1571/2688/2 1070/493/2 1574/2694/2
f 2318/2695/2 2320/2696/2 1076/535/2 1075/526/2 2315/2689/2
f 2319/2697/2 2316/2693/2 1572/2692/2 1575/532/2 2321/531/2
f 1576/536/2 1574/2694/2 1070/493/2 1077/540/2 1579/2698/2 1578/538/2 1577/537/2
f 1076/535/2 2320/2696/2 2324/2699/2 2322/544/2
f 2321/531/2 1575/532/2 1580/543/2 1581/2700/2 2323/2701/2
f 1579/2698/2 1077/540/2 1582/546/2
f 2331/554/2 2330/553/2 1078/552/2 1076/535/2 2322/544/2 2327/555/2
f 2325/2702/2 2323/2701/2 1581/2700/2 1583/547/2 2329/2703/2 2328/550/2 2326/549/2
f 1582/546/2 1077/540/2 1584/2704/2
f 2332/558/2 2329/2703/2 1583/547/2 1585/557/2 1079/559/2 1078/552/2 2330/553/2
f 1584/2704/2 1077/540/2 1586/2705/2
f 1588/563/2 1587/562/2 1080/561/2 1079/559/2 1585/557/2
f 1586/2705/2 1077/540/2 1589/2706/2
f 1081/565/2 1080/561/2 1587/562/2 1590/566/2
f 1591/567/2 1589/2706/2 1077/540/2 1082/572/2 1595/2707/2 1594/570/2 1593/569/2 1592/568/2
f 1081/565/2 1590/566/2 1596/574/2 1597/2708/2
f 1595/2707/2 1082/572/2 1598/2709/2
f 1599/578/2 1600/2710/2 1083/576/2 1081/565/2 1597/2708/2
f 1598/2709/2 1082/572/2 1601/2711/2
f 1084/580/2 1083/576/2 1600/2710/2 1602/2712/2
f 1601/2711/2 1082/572/2 1603/582/2
f 1602/2712/2 1604/584/2 1085/583/2 1084/580/2
f 1603/582/2 1082/572/2 1605/2713/2 1606/2714/2
f 1604/584/2 1607/588/2 1086/587/2 1085/583/2
f 1605/2713/2 1082/572/2 1608/2715/2
f 1609/592/2 1610/2716/2 1087/590/2 1086/587/2 1607/588/2
f 1608/2715/2 1082/572/2 1611/593/2
f 1088/594/2 1087/590/2 1610/2716/2 1612/2717/2
f 1611/593/2 1082/572/2 1613/596/2
f 1612/2717/2 1614/598/2 1089/597/2 1088/594/2
f 1613/596/2 1082/572/2 1615/2718/2
f 1614/598/2 1616/2719/2 1090/600/2 1089/597/2
f 1615/2718/2 1082/572/2 1617/2720/2
f 1618/2721/2 1619/604/2 1091/603/2 1090/600/2 1616/2719/2
f 1617/2720/2 1082/572/2 1620/2722/2
f 1619/604/2 1621/609/2 1092/608/2 1091/603/2
f 1620/2722/2 1082/572/2 1622/610/2
f 1621/609/2 1623/2723/2 1093/611/2 1092/608/2
f 1622/610/2 1082/572/2 1624/613/2
f 1094/614/2 1093/611/2 1623/2723/2 1625/2724/2
f 1624/613/2 1082/572/2 1626/616/2 1627/2725/2
f 1625/2724/2 1628/2726/2 1095/618/2 1094/614/2
f 1629/621/2 1626/616/2 1082/572/2 1096/620/2 1095/618/2 1628/2726/2 1632/625/2 1633/624/2 1631/623/2 1630/622/2
f 1096/620/2 1097/626/2 1095/618/2
f 1096/620/2 1098/627/2 1097/626/2
f 1096/620/2 1099/628/2 1098/627/2
f 1096/620/2 1100/629/2 1099/628/2
f 3411/2727/2 3410/2728/2 1101/2729/2 1100/629/2 1096/620/2 3409/2730/2 3408/2731/2
f 3412/2732/2 3409/2730/2 1096/620/2 3413/2733/2
f 3415/2734/2 3414/2735/2 1102/2736/2 1101/2729/2 3410/2728/2
f 1096/620/2 3416/2737/2 3413/2733/2
f 3414/2735/2 3417/2738/2 1103/633/2 1102/2736/2
f 1096/620/2 3418/2739/2 3416/2737/2
f 3417/2738/2 3419/631/2 1104/630/2 1103/633/2
f 4133/641/2 4135/635/2 4129/637/2 4130/649/2 4131/2740/2 4128/2741/2 4125/655/2 4124/2742/2 3420/2743/2 3422/2744/2 3418/2739/2 1096/620/2 1105/683/2 4123/2745/2 4126/664/2 4127/653/2 4132/2746/2 4134/2747/2 4136/2748/2
f 3421/2749/2 1104/630/2 3419/631/2 3423/2750/2
f 4130/649/2 4129/637/2 4137/686/2 4138/685/2
f 1105/683/2 4139/2751/2 4123/2745/2
f 4140/680/2 3425/2752/2 3420/2743/2 4124/2742/2 4141/2753/2
f 1106/675/2 1104/630/2 3421/2749/2 3424/676/2
f 4142/694/2 4138/685/2 4137/686/2 4144/696/2 4143/2754/2
f 1105/683/2 4145/2755/2 4139/2751/2
f 4146/2756/2 3426/2757/2 3425/2752/2 4140/680/2
f 3427/2758/2 1107/2759/2 1106/675/2 3424/676/2
f 4143/2754/2 4144/696/2 4148/2760/2 4147/2761/2
f 1105/683/2 4149/2762/2 4145/2755/2
f 4150/700/2 3428/2763/2 3426/2757/2 4146/2756/2
f 3429/710/2 1108/711/2 1107/2759/2 3427/2758/2
f 4147/2761/2 4148/2760/2 4152/717/2 4151/716/2
f 1105/683/2 4153/714/2 4149/2762/2
f 4154/2764/2 3430/2765/2 3428/2763/2 4150/700/2
f 3431/2766/2 1109/708/2 1108/711/2 3429/710/2
f 4151/716/2 4152/717/2 4155/727/2 4156/726/2
f 1105/683/2 4157/2767/2 4153/714/2
f 4158/723/2 3432/2768/2 3430/2765/2 4154/2764/2
f 3433/2769/2 1110/720/2 1109/708/2 3431/2766/2
f 4160/2770/2 4161/2771/2 4159/2772/2 4156/726/2 4155/727/2
f 1105/683/2 4162/739/2 4157/2767/2
f 4164/734/2 3434/2773/2 3432/2768/2 4158/723/2 4163/2774/2
f 3435/732/2 3436/731/2 1111/730/2 1110/720/2 3433/2769/2
f 4161/2771/2 4160/2770/2 4165/763/2 4166/762/2
f 1105/683/2 4167/760/2 4162/739/2
f 4168/759/2 3437/769/2 3434/2773/2 4164/734/2
f 3438/758/2 1112/757/2 1111/730/2 3436/731/2
f 4172/2775/2 4169/2776/2 4170/775/2 4171/2777/2 4166/762/2 4165/763/2
f 1105/683/2 4173/771/2 4167/760/2
f 4174/770/2 3439/2778/2 3440/766/2 3437/769/2 4168/759/2
f 1113/786/2 1112/757/2 3438/758/2 3441/2779/2
f 4170/775/2 4169/2776/2 4175/792/2 4176/791/2
f 1105/683/2 4177/789/2 4173/771/2
f 4178/2780/2 3442/2781/2 3439/2778/2 4174/770/2
f 1114/783/2 1113/786/2 3441/2779/2 3443/2782/2
f 4176/791/2 4175/792/2 4180/810/2 4179/2783/2 4181/828/2
f 1105/683/2 4182/2784/2 4177/789/2
f 2872/805/2 4187/805/2 2873/804/2 4188/804/2 2874/805/2 4191/805/2 2879/804/2 4192/804/2 2880/803/2 4195/803/2 2881/803/2 4196/803/2 2882/803/2 4194/803/2 2876/799/2 4193/799/2 2877/803/2 4190/803/2 2878/803/2 4189/803/2 2875/803/2 4186/803/2 4183/798/2 3444/2785/2 3442/2781/2 4178/2780/2 4184/2786/2 2871/805/2 4185/805/2
f 1115/795/2 1114/783/2 3443/2782/2 3445/2787/2
f 4179/2783/2 4180/810/2 4197/840/2 4198/839/2
f 1105/683/2 4199/2788/2 4182/2784/2
f 4200/836/2 3446/835/2 3444/2785/2 4183/798/2
f 1116/2789/2 1115/795/2 3445/2787/2 3447/2790/2
f 1105/683/2 4201/2791/2 4199/2788/2
f 4202/2792/2 3448/2793/2 3446/835/2 4200/836/2
f 1117/2794/2 1116/2789/2 3447/2790/2 3449/2795/2
f 1105/683/2 4203/2796/2 4201/2791/2
f 4204/883/2 3450/2797/2 3448/2793/2 4202/2792/2
f 1118/906/2 1117/2794/2 3449/2795/2 3451/905/2
f 4205/913/2 4203/2796/2 1105/683/2 4206/909/2
f 4207/908/2 3452/907/2 3450/2797/2 4204/883/2
f 3454/2798/2 3453/903/2 1119/902/2 1118/906/2 3451/905/2
f 4206/909/2 1105/683/2 1120/954/2 4209/953/2 4208/955/2
f 4211/962/2 2883/937/2 2884/940/2 3455/939/2 3457/938/2 3452/907/2 4207/908/2 4210/962/2
f 3456/2799/2 1119/902/2 3453/903/2
f 1120/954/2 4212/2800/2 4209/953/2
f 2884/940/2 2885/1030/2 3458/2801/2 3455/939/2
f 1121/1027/2 1119/902/2 3456/2799/2 3459/2802/2
f 1120/954/2 4213/2803/2 4212/2800/2
f 2885/1030/2 2886/1035/2 3460/1034/2 3458/2801/2
f 1122/1032/2 1121/1027/2 3459/2802/2 3461/2804/2
f 1120/954/2 4214/2805/2 4213/2803/2
f 2886/1035/2 2887/2806/2 3462/2807/2 3460/1034/2
f 1123/1037/2 1122/1032/2 3461/2804/2 3463/2808/2
f 1120/954/2 4215/2809/2 4214/2805/2
f 2887/2806/2 2888/1045/2 3464/2810/2 3462/2807/2
f 1124/1042/2 1123/1037/2 3463/2808/2 3465/2811/2
f 1120/954/2 4216/2812/2 4215/2809/2
f 2888/1045/2 2889/1050/2 3466/2813/2 3464/2810/2
f 1125/1047/2 1124/1042/2 3465/2811/2 3467/1048/2
f 1120/954/2 4217/2814/2 4216/2812/2
f 2889/1050/2 2890/1055/2 3468/1054/2 3466/2813/2
f 1126/1052/2 1125/1047/2 3467/1048/2 3469/2815/2
f 1120/954/2 4218/2816/2 4217/2814/2
f 2890/1055/2 2891/2817/2 3470/2818/2 3468/1054/2
f 1127/1057/2 1126/1052/2 3469/2815/2 3471/1058/2
f 1120/954/2 4219/2819/2 4218/2816/2
f 2891/2817/2 2892/2820/2 3472/1065/2 3470/2818/2
f 3474/1064/2 3473/2821/2 1128/1062/2 1127/1057/2 3471/1058/2
f 1120/954/2 4220/2822/2 4219/2819/2
f 2892/2820/2 2893/2823/2 3475/2824/2 3472/1065/2
f 1129/1068/2 1128/1062/2 3473/2821/2 3476/2825/2
f 1120/954/2 4221/2826/2 4220/2822/2
f 2893/2823/2 2894/2827/2 3477/2828/2 3479/2829/2 3475/2824/2
f 1130/1073/2 1129/1068/2 3476/2825/2 3478/2830/2
f 1120/954/2 4222/2831/2 4221/2826/2
f 2894/2827/2 2896/1080/2 2895/1085/2 3480/2832/2 3477/2828/2
f 3481/2833/2 1131/1077/2 1130/1073/2 3478/2830/2
f 1120/954/2 4223/2834/2 4222/2831/2
f 2895/1085/2 2897/1089/2 3482/2835/2 3480/2832/2
f 1132/1086/2 1131/1077/2 3481/2833/2 3483/1087/2
f 1120/954/2 4224/2836/2 4223/2834/2
f 2897/1089/2 2898/1095/2 3484/1098/2 3482/2835/2
f 1133/1091/2 1132/1086/2 3483/1087/2 3485/2837/2
f 1120/954/2 4225/2838/2 4224/2836/2
f 2898/1095/2 2899/1100/2 3486/2839/2 3484/1098/2
f 1134/1096/2 1133/1091/2 3485/2837/2 3487/1097/2
f 1120/954/2 4226/2840/2 4225/2838/2
f 2899/1100/2 2900/1105/2 3488/2841/2 3486/2839/2
f 1135/1102/2 1134/1096/2 3487/1097/2 3489/2842/2
f 1120/954/2 4227/1111/2 4226/2840/2
f 2900/1105/2 2901/1110/2 3490/2843/2 3488/2841/2
f 1136/1107/2 1135/1102/2 3489/2842/2 3491/1108/2
f 1120/954/2 4228/2844/2 4227/1111/2
f 2901/1110/2 2902/1115/2 3492/2845/2 3490/2843/2
f 1137/1112/2 1136/1107/2 3491/1108/2 3493/1113/2
f 4228/2844/2 1120/954/2 1138/1123/2 4230/1122/2 4229/1124/2
f 2902/1115/2 2903/1119/2 2904/2846/2 3494/1120/2 3492/2845/2
f 3495/1118/2 3496/2847/2 1137/1112/2 3493/1113/2
f 1138/1123/2 4231/2848/2 4230/1122/2
f 2904/2846/2 2905/2849/2 3497/2850/2 3499/2851/2 3494/1120/2
f 1139/1129/2 1137/1112/2 3496/2847/2 3498/2852/2
f 1138/1123/2 4232/2853/2 4231/2848/2
f 2905/2849/2 2906/2854/2 3500/2855/2 3497/2850/2
f 1140/1135/2 1139/1129/2 3498/2852/2 3501/2856/2
f 1138/1123/2 4233/2857/2 4232/2853/2
f 2906/2854/2 2908/1142/2 2907/1144/2 3503/1143/2 3500/2855/2
f 1141/1140/2 1140/1135/2 3501/2856/2 3502/2858/2
f 1138/1123/2 4234/2859/2 4233/2857/2
f 2907/1144/2 2909/2860/2 3504/2861/2 3503/1143/2
f 1142/1148/2 1141/1140/2 3502/2858/2 3505/1149/2
f 1138/1123/2 4235/2862/2 4234/2859/2
f 2909/2860/2 2910/2863/2 3506/2864/2 3504/2861/2
f 1143/2865/2 1142/1148/2 3505/1149/2 3507/2866/2
f 1138/1123/2 4236/2867/2 4235/2862/2
f 2910/2863/2 2911/2868/2 3508/2869/2 3506/2864/2
f 1144/2870/2 1143/2865/2 3507/2866/2 3509/2871/2
f 1138/1123/2 4237/2872/2 4236/2867/2
f 2911/2868/2 2912/2873/2 3510/2874/2 3508/2869/2
f 1145/2875/2 1144/2870/2 3509/2871/2 3511/2876/2
f 1138/1123/2 4238/2877/2 4237/2872/2
f 2912/2873/2 2913/1167/2 3512/2878/2 3510/2874/2
f 1146/1173/2 1145/2875/2 3511/2876/2 3513/1172/2
f 1138/1123/2 4239/1177/2 4238/2877/2
f 2913/1167/2 2914/1176/2 3514/1175/2 3516/2879/2 3512/2878/2
f 3517/2880/2 3515/1170/2 1147/1169/2 1146/1173/2 3513/1172/2
f 1138/1123/2 4240/2881/2 4239/1177/2
f 2914/1176/2 2916/1181/2 2915/1184/2 3518/2882/2 3514/1175/2
f 3519/1179/2 1148/1178/2 1147/1169/2 3515/1170/2
f 1138/1123/2 4241/2883/2 4240/2881/2
f 2915/1184/2 2917/1189/2 3520/2884/2 3518/2882/2
f 1149/1186/2 1148/1178/2 3519/1179/2 3521/1187/2
f 1138/1123/2 4242/2885/2 4241/2883/2
f 2917/1189/2 2918/1194/2 3522/1203/2 3520/2884/2
f 1150/1191/2 1149/1186/2 3521/1187/2 3523/2886/2
f 4243/2887/2 4242/2885/2 1138/1123/2 1151/1205/2 4244/2888/2
f 2918/1194/2 2920/1202/2 2922/1201/2 2921/2889/2 2919/2890/2 3524/1198/2 3526/2891/2 3522/1203/2
f 1150/1191/2 3523/2886/2 3525/2892/2
f 1151/1205/2 4245/2893/2 4244/2888/2
f 2919/2890/2 2923/1228/2 3527/2894/2 3524/1198/2
f 1152/1225/2 1150/1191/2 3525/2892/2 3528/2895/2
f 1151/1205/2 4246/2896/2 4245/2893/2
f 3527/2894/2 2923/1228/2 2924/1234/2 3529/1233/2
f 1153/1231/2 1152/1225/2 3528/2895/2 3530/2897/2
f 1151/1205/2 4247/1242/2 4246/2896/2
f 2924/1234/2 2925/1241/2 3531/1240/2 3533/2898/2 3529/1233/2
f 1154/1237/2 1153/1231/2 3530/2897/2 3532/1238/2
f 1151/1205/2 4248/1249/2 4247/1242/2
f 2925/1241/2 2926/1248/2 3534/2899/2 3531/1240/2
f 3536/1246/2 3535/1245/2 1155/1244/2 1154/1237/2 3532/1238/2
f 1151/1205/2 4249/2900/2 4248/1249/2
f 2926/1248/2 2927/2901/2 3537/2902/2 3534/2899/2
f 1156/1251/2 1155/1244/2 3535/1245/2 3538/1252/2
f 1151/1205/2 4250/2903/2 4249/2900/2
f 2927/2901/2 2928/1260/2 3539/1259/2 3537/2902/2
f 1157/1257/2 1156/1251/2 3538/1252/2 3540/2904/2
f 1151/1205/2 4251/1267/2 4250/2903/2
f 2928/1260/2 2929/2905/2 3541/2906/2 3539/1259/2
f 1158/1263/2 1157/1257/2 3540/2904/2 3542/1264/2
f 1151/1205/2 4252/2907/2 4251/1267/2
f 2929/2905/2 2930/1273/2 3543/1272/2 3541/2906/2
f 1159/1270/2 1158/1263/2 3542/1264/2 3544/1271/2
f 1151/1205/2 4253/2908/2 4252/2907/2
f 2930/1273/2 2932/2909/2 2931/2910/2 3545/2911/2 3543/1272/2
f 3546/1278/2 1160/1277/2 1159/1270/2 3544/1271/2
f 1151/1205/2 4254/2912/2 4253/2908/2
f 2931/2910/2 2933/2913/2 3547/1290/2 3545/2911/2
f 1161/1288/2 1160/1277/2 3546/1278/2 3548/2914/2
f 1151/1205/2 4255/2915/2 4254/2912/2
f 2933/2913/2 2934/1297/2 3549/1296/2 3547/1290/2
f 1162/1294/2 1161/1288/2 3548/2914/2 3550/2916/2
f 1151/1205/2 4256/2917/2 4255/2915/2
f 3549/1296/2 2934/1297/2 2935/1303/2 3551/2918/2
f 1163/1300/2 1162/1294/2 3550/2916/2 3552/2919/2
f 1151/1205/2 4257/2920/2 4256/2917/2
f 2935/1303/2 2936/2921/2 3554/2922/2 3553/1308/2 3551/2918/2
f 1164/1306/2 1163/1300/2 3552/2919/2 3555/1307/2
f 1151/1205/2 4258/2923/2 4257/2920/2
f 2936/2921/2 2937/2924/2 3556/2925/2 3554/2922/2
f 1165/1313/2 1164/1306/2 3555/1307/2 3557/1314/2
f 1151/1205/2 4259/1346/2 4258/2923/2
f 2937/2924/2 2939/1322/2 2938/2926/2 3559/1320/2 3558/2927/2 3556/2925/2
f 3560/2928/2 3561/2929/2 1166/1330/2 1165/1313/2 3557/1314/2
f 4260/1335/2 4259/1346/2 1151/1205/2 4261/1333/2
f 2938/2926/2 2940/1332/2 3562/1331/2 3559/1320/2
f 3563/2930/2 1167/1327/2 1166/1330/2 3561/2929/2
f 1151/1205/2 4262/2931/2 4261/1333/2
f 2940/1332/2 2941/2932/2 3564/2933/2 3562/1331/2
f 1168/1347/2 1167/1327/2 3563/2930/2 3565/2934/2
f 1151/1205/2 1169/1354/2 4263/1353/2 4262/2931/2
f 2941/2932/2 2944/1357/2 2943/1356/2 2942/1360/2 3566/2935/2 3567/2936/2 3564/2933/2
f 3565/2934/2 3568/2937/2 1168/1347/2
f 1169/1354/2 4264/1370/2 4263/1353/2
f 3566/2935/2 2942/1360/2 2945/1369/2 3569/1368/2
f 1170/2938/2 1168/1347/2 3568/2937/2 3570/2939/2
f 1169/1354/2 4265/1374/2 4264/1370/2
f 2945/1369/2 2946/1373/2 3571/2940/2 3569/1368/2
f 1171/1380/2 1170/2938/2 3570/2939/2 3572/2941/2
f 1169/1354/2 4266/2942/2 4265/1374/2
f 2946/1373/2 2947/2943/2 3573/2944/2 3571/2940/2
f 3575/2945/2 3574/2946/2 1172/1376/2 1171/1380/2 3572/2941/2
f 1169/1354/2 4267/1389/2 4266/2942/2
f 2947/2943/2 2948/2947/2 3576/2948/2 3573/2944/2
f 1173/1385/2 1172/1376/2 3574/2946/2 3577/2949/2
f 1169/1354/2 4268/1396/2 4267/1389/2
f 2948/2947/2 2949/1395/2 3578/2950/2 3579/1393/2 3576/2948/2
f 1174/1391/2 1173/1385/2 3577/2949/2 3580/1392/2
f 1169/1354/2 4269/1402/2 4268/1396/2
f 2949/1395/2 2950/2951/2 3581/2952/2 3578/2950/2
f 1175/1398/2 1174/1391/2 3580/1392/2 3582/2953/2
f 1169/1354/2 4270/2954/2 4269/1402/2
f 2950/2951/2 2951/2955/2 3583/2956/2 3581/2952/2
f 1176/1404/2 1175/1398/2 3582/2953/2 3584/1405/2
f 1169/1354/2 4271/1414/2 4270/2954/2
f 2951/2955/2 2952/2957/2 3585/2958/2 3583/2956/2
f 1177/1410/2 1176/1404/2 3584/1405/2 3586/2959/2
f 1169/1354/2 4272/2960/2 4271/1414/2
f 2952/2957/2 2953/2961/2 3587/2962/2 3585/2958/2
f 1178/1416/2 1177/1410/2 3586/2959/2 3588/2963/2
f 1169/1354/2 4273/2964/2 4272/2960/2
f 2953/2961/2 2954/2965/2 3589/2966/2 3587/2962/2
f 1179/1422/2 1178/1416/2 3588/2963/2 3590/1423/2
f 1169/1354/2 4274/2967/2 4273/2964/2
f 2954/2965/2 2955/2968/2 3591/2969/2 3589/2966/2
f 1180/1428/2 1179/1422/2 3590/1423/2 3592/2970/2
f 1169/1354/2 4275/1440/2 4274/2967/2
f 2955/2968/2 2957/2971/2 2956/2972/2 3593/2973/2 3591/2969/2
f 3594/1436/2 3595/1435/2 1181/1434/2 1180/1428/2 3592/2970/2
f 1169/1354/2 4276/2974/2 4275/1440/2
f 2956/2972/2 2958/2975/2 3596/2976/2 3593/2973/2
f 1182/1444/2 1181/1434/2 3595/1435/2 3597/1445/2
f 4276/2974/2 1169/1354/2 1183/1456/2 2959/1455/2 4278/2977/2 4277/1459/2
f 2958/2975/2 2961/1451/2 2960/2978/2 3598/1453/2 3600/2979/2 3596/2976/2
f 1182/1444/2 3597/1445/2 3599/1450/2
f 4279/1476/2 2959/1455/2 1183/1456/2 4280/1475/2
f 3598/1453/2 2960/2978/2 2962/1474/2 3601/1473/2
f 1184/1471/2 1182/1444/2 3599/1450/2 3602/1472/2
f 1183/1456/2 4281/1482/2 4280/1475/2
f 2962/1474/2 2963/2980/2 3603/1480/2 3601/1473/2
f 1185/1478/2 1184/1471/2 3602/1472/2 3604/1479/2
f 4282/1489/2 4281/1482/2 1183/1456/2 2964/1488/2
f 2963/2980/2 2965/1487/2 3605/1486/2 3603/1480/2
f 1186/1484/2 1185/1478/2 3604/1479/2 3606/2981/2
f 4283/1497/2 2964/1488/2 1183/1456/2 4284/2982/2
f 2965/1487/2 2966/1495/2 3607/1494/2 3605/1486/2
f 3609/2983/2 3608/1492/2 1187/1491/2 1186/1484/2 3606/2981/2
f 1183/1456/2 4285/1504/2 4284/2982/2
f 2966/1495/2 2967/2984/2 3610/1502/2 3612/2985/2 3607/1494/2
f 1188/1499/2 1187/1491/2 3608/1492/2 3611/1500/2
f 4286/1511/2 4285/1504/2 1183/1456/2 2969/2986/2
f 2967/2984/2 2968/2987/2 3613/2988/2 3610/1502/2
f 1189/1506/2 1188/1499/2 3611/1500/2 3614/2989/2
f 4287/1518/2 2969/2986/2 1183/1456/2 4288/1517/2
f 2968/2987/2 2970/1516/2 3615/1515/2 3613/2988/2
f 1190/1513/2 1189/1506/2 3614/2989/2 3616/2990/2
f 1183/1456/2 4289/2991/2 4288/1517/2
f 2970/1516/2 2971/1524/2 3617/2992/2 3615/1515/2
f 3619/1522/2 3618/2993/2 1191/1520/2 1190/1513/2 3616/2990/2
f 4289/2991/2 1183/1456/2 1192/1532/2 4290/1533/2
f 2971/1524/2 2972/1528/2 2973/1531/2 3620/2994/2 3621/1529/2 3617/2992/2
f 1191/1520/2 3618/2993/2 3622/2995/2
f 1192/1532/2 2975/1544/2 2974/1541/2 4292/1541/2 4291/2996/2 4290/1533/2
f 2973/1531/2 2976/1540/2 3623/1539/2 3620/2994/2
f 1193/1537/2 1191/1520/2 3622/2995/2 3624/2997/2
f 2975/1544/2 1192/1532/2 2977/2998/2
f 2976/1540/2 2978/2999/2 3625/1552/2 3623/1539/2
f 3627/3000/2 3626/1550/2 1194/1549/2 1193/1537/2 3624/2997/2
f 2977/2998/2 1192/1532/2 2979/3001/2
f 2978/2999/2 2980/1559/2 3628/3002/2 3625/1552/2
f 1195/1556/2 1194/1549/2 3626/1550/2 3629/3003/2
f 2979/3001/2 1192/1532/2 2981/3004/2
f 2980/1559/2 2982/3005/2 3630/1566/2 3632/3006/2 3628/3002/2
f 1196/1563/2 1195/1556/2 3629/3003/2 3631/3007/2
f 2981/3004/2 1192/1532/2 2983/1574/2
f 2982/3005/2 2984/3008/2 3633/3009/2 3630/1566/2
f 1197/1570/2 1196/1563/2 3631/3007/2 3634/1571/2
f 2983/1574/2 1192/1532/2 1198/1588/2 2988/1590/2 2985/1589/2
f 2986/3010/2 2987/3011/2 2411/1586/2 2412/3012/2 2413/1584/2 2414/3013/2 2415/1582/2 2416/1581/2 3636/3014/2 3633/3009/2 2984/3008/2 2989/1579/2
f 1197/1570/2 3634/1571/2 3637/3015/2 3635/1576/2
f 3638/3016/2 3636/3014/2 2416/1581/2 2418/3017/2 3639/3018/2
f 3640/3019/2 1199/1610/2 1197/1570/2 3635/1576/2
f 2988/1590/2 1198/1588/2 2990/1606/2
f 2987/3011/2 2991/1608/2 2417/3020/2 2411/1586/2
f 1199/1610/2 1200/1615/2 1197/1570/2
f 1199/1610/2 1201/1616/2 1200/1615/2
f 3639/3018/2 2418/3017/2 2420/1624/2 3642/1623/2
f 1202/1621/2 1199/1610/2 3640/3019/2 3641/1622/2
f 2990/1606/2 1198/1588/2 2992/3021/2
f 2991/1608/2 2993/1619/2 2419/1618/2 2417/3020/2
f 1203/1625/2 1201/1616/2 1199/1610/2
f 3642/1623/2 2420/1624/2 2422/1633/2 3644/3022/2
f 1204/1630/2 1202/1621/2 3641/1622/2 3643/3023/2
f 2992/3021/2 1198/1588/2 2994/3024/2
f 2993/1619/2 2995/1628/2 2421/3025/2 2419/1618/2
f 1205/1634/2 1201/1616/2 1203/1625/2
f 3644/3022/2 2422/1633/2 2424/1642/2 3646/1641/2
f 1206/1639/2 1204/1630/2 3643/3023/2 3645/1640/2
f 2994/3024/2 1198/1588/2 2996/3026/2
f 2995/1628/2 2997/1637/2 2423/1636/2 2421/3025/2
f 1207/1643/2 1201/1616/2 1205/1634/2
f 3646/1641/2 2424/1642/2 2426/1651/2 3648/1650/2
f 1208/1648/2 1206/1639/2 3645/1640/2 3647/1649/2
f 2996/3026/2 1198/1588/2 2998/3027/2
f 2997/1637/2 2999/3028/2 2425/3029/2 2423/1636/2
f 1207/1643/2 1209/1652/2 1201/1616/2
f 3648/1650/2 2426/1651/2 2428/3030/2 3650/1659/2
f 1210/1657/2 1208/1648/2 3647/1649/2 3649/1658/2
f 2998/3027/2 1198/1588/2 3000/1653/2
f 2427/3031/2 2425/3029/2 2999/3028/2 3001/1655/2
f 1211/1661/2 1209/1652/2 1207/1643/2
f 3650/1659/2 2428/3030/2 2431/3032/2 3652/3033/2
f 1212/1667/2 1210/1657/2 3649/1658/2 3651/3034/2
f 3000/1653/2 1198/1588/2 3002/3035/2
f 3001/1655/2 3003/1665/2 2430/1664/2 2429/1663/2 2427/3031/2
f 1213/1671/2 1209/1652/2 1211/1661/2
f 1213/1671/2 1214/1672/2 1209/1652/2
f 3652/3033/2 2431/3032/2 2434/3036/2 2433/1681/2 3654/3037/2
f 3655/3038/2 3653/3039/2 1215/1677/2 1212/1667/2 3651/3034/2
f 3002/3035/2 1198/1588/2 3004/3040/2
f 3003/1665/2 3005/1675/2 2432/1674/2 2430/1664/2
f 3654/3037/2 2433/1681/2 2436/3041/2 3657/3042/2
f 1216/1687/2 1215/1677/2 3653/3039/2 3656/3043/2
f 3004/3040/2 1198/1588/2 3006/1683/2
f 3005/1675/2 3007/1685/2 2435/3044/2 2432/1674/2
f 1217/1691/2 1214/1672/2 1213/1671/2
f 1217/1691/2 1218/1692/2 1214/1672/2
f 3657/3042/2 2436/3041/2 2438/1700/2 3659/3045/2
f 1219/1697/2 1216/1687/2 3656/3043/2 3658/1698/2
f 3006/1683/2 1198/1588/2 3008/1693/2
f 3007/1685/2 3009/1695/2 2437/1694/2 2435/3044/2
f 1220/1701/2 1218/1692/2 1217/1691/2
f 1220/1701/2 1221/1702/2 1218/1692/2
f 3659/3045/2 2438/1700/2 2440/3046/2 3661/3047/2
f 1222/1707/2 1219/1697/2 3658/1698/2 3660/3048/2
f 3008/1693/2 1198/1588/2 3010/3049/2
f 3009/1695/2 3011/3050/2 2439/1704/2 2437/1694/2
f 1223/1711/2 1221/1702/2 1220/1701/2
f 1223/1711/2 1224/1712/2 1221/1702/2
f 1225/1713/2 1224/1712/2 1223/1711/2
f 3661/3047/2 2440/3046/2 2442/3051/2 3663/3052/2
f 1226/1720/2 1222/1707/2 3660/3048/2 3662/1721/2
f 3010/3049/2 1198/1588/2 3012/3053/2
f 3011/3050/2 3013/3054/2 2441/3055/2 2439/1704/2
f 3663/3052/2 2442/3051/2 2444/1732/2 3665/1731/2
f 1227/1729/2 1226/1720/2 3662/1721/2 3664/3056/2
f 3012/3053/2 1198/1588/2 3014/1724/2
f 3013/3054/2 3015/1726/2 2443/3057/2 2441/3055/2
f 3665/1731/2 2444/1732/2 2447/3058/2 2446/1742/2 3667/1741/2
f 3668/1740/2 3666/3059/2 1228/1738/2 1227/1729/2 3664/3056/2
f 3014/1724/2 1198/1588/2 3016/1733/2
f 3015/1726/2 3017/1735/2 2445/3060/2 2443/3057/2
f 3669/3061/2 3667/1741/2 2446/1742/2 2449/1753/2 3671/1752/2
f 1229/1749/2 1228/1738/2 3666/3059/2 3670/1750/2
f 3016/1733/2 1198/1588/2 3018/1744/2
f 3017/1735/2 3019/3062/2 2448/1745/2 2445/3060/2
f 3673/1767/2 3671/1752/2 2449/1753/2 2453/3063/2 2452/1768/2
f 1229/1749/2 3670/1750/2 3672/3064/2
f 3018/1744/2 1198/1588/2 1230/1759/2 2450/3065/2 2451/3066/2 2448/1745/2 3019/3062/2 3022/3067/2 3021/1755/2 3020/1754/2
f 3673/1767/2 2452/1768/2 2455/1775/2 3676/3068/2
f 3674/1773/2 3675/1772/2 1231/1771/2 1229/1749/2 3672/3064/2
f 1230/1759/2 2454/3069/2 2450/3065/2
f 3679/3070/2 3676/3068/2 2455/1775/2 2457/1779/2 2458/1782/2 3678/3071/2
f 1232/1777/2 1231/1771/2 3675/1772/2 3677/3072/2
f 1230/1759/2 2456/1776/2 2454/3069/2
f 3678/3071/2 2458/1782/2 2460/1787/2 3681/1786/2
f 1233/1784/2 1232/1777/2 3677/3072/2 3680/1785/2
f 1230/1759/2 2459/1783/2 2456/1776/2
f 3681/1786/2 2460/1787/2 2462/3073/2 3683/3074/2
f 1234/1789/2 1233/1784/2 3680/1785/2 3682/3075/2
f 1230/1759/2 2461/3076/2 2459/1783/2
f 3683/3074/2 2462/3073/2 2464/1797/2 3685/1796/2
f 1235/1794/2 1234/1789/2 3682/3075/2 3684/1795/2
f 1230/1759/2 2463/3077/2 2461/3076/2
f 3685/1796/2 2464/1797/2 2466/3078/2 3687/3079/2
f 1236/1799/2 1235/1794/2 3684/1795/2 3686/1800/2
f 1230/1759/2 2465/1798/2 2463/3077/2
f 2466/3078/2 2468/1808/2 3688/1807/2 3687/3079/2
f 3690/1806/2 3689/1805/2 1237/1804/2 1236/1799/2 3686/1800/2
f 1230/1759/2 2467/1803/2 2465/1798/2
f 3688/1807/2 2468/1808/2 2470/3080/2 3692/3081/2
f 1238/1810/2 1237/1804/2 3689/1805/2 3691/1811/2
f 1230/1759/2 2469/3082/2 2467/1803/2
f 3692/3081/2 2470/3080/2 2473/3083/2 3694/3084/2
f 1239/1816/2 1238/1810/2 3691/1811/2 3693/3085/2
f 2471/1815/2 2469/3082/2 1230/1759/2 2472/1814/2
f 3694/3084/2 2473/3083/2 2475/3086/2 3696/3087/2
f 1240/1821/2 1239/1816/2 3693/3085/2 3695/1822/2
f 1230/1759/2 2474/3088/2 2472/1814/2
f 3699/3089/2 3696/3087/2 2475/3086/2 2477/1831/2 3697/1830/2
f 3700/1828/2 3698/1827/2 1241/1826/2 1240/1821/2 3695/1822/2
f 1230/1759/2 2476/1825/2 2474/3088/2
f 3711/3090/2 3709/3091/2 3715/1846/2 3714/1845/2 3713/1844/2 3712/1843/2 3707/1842/2 3706/3092/2 3705/3093/2 3704/1839/2 3703/1838/2 3702/1837/2 3701/1836/2 3697/1830/2 2477/1831/2 2479/1851/2 2480/1850/2 3710/1849/2
f 3716/3094/2 3708/3095/2 1242/1833/2 1241/1826/2 3698/1827/2
f 1230/1759/2 2478/1832/2 2476/1825/2
f 3717/3096/2 3710/1849/2 2480/1850/2 2483/3097/2 2484/3098/2 1242/1833/2 3708/3095/2 3719/1858/2 3718/3099/2
f 2482/1852/2 2478/1832/2 1230/1759/2 1243/1854/2 2481/1853/2
f 2486/1862/2 1244/1861/2 1242/1833/2 2484/3098/2
f 1243/1854/2 2485/3100/2 2481/1853/2
f 2488/1866/2 2489/1865/2 1245/1864/2 1244/1861/2 2486/1862/2
f 1243/1854/2 2487/3101/2 2485/3100/2
f 1246/1868/2 1245/1864/2 2489/1865/2 2490/3102/2
f 1243/1854/2 2491/3103/2 2487/3101/2
f 1246/1868/2 2490/3102/2 2494/1874/2 2495/1873/2
f 2493/1870/2 2491/3103/2 1243/1854/2 1247/1872/2 2492/3104/2
f 1248/1876/2 1246/1868/2 2495/1873/2 2496/3105/2
f 1247/1872/2 2497/3106/2 2492/3104/2
f 2496/3105/2 2499/3107/2 1249/1879/2 1248/1876/2
f 2497/3106/2 1247/1872/2 2498/3108/2
f 2502/1884/2 2500/1883/2 1250/1882/2 1249/1879/2 2499/3107/2
f 1247/1872/2 2501/3109/2 2498/3108/2
f 1250/1882/2 2500/1883/2 2505/3110/2
f 2504/1885/2 2501/3109/2 1247/1872/2 1251/1887/2 2503/1886/2
f 2508/1892/2 2506/3111/2 1252/1890/2 1250/1882/2 2505/3110/2
f 1251/1887/2 2507/1889/2 2503/1886/2
f 1253/1894/2 1252/1890/2 2506/3111/2 2509/3112/2
f 1251/1887/2 2510/1893/2 2507/1889/2
f 2509/3112/2 2513/3113/2 1254/1898/2 1253/1894/2
f 2511/1897/2 2510/1893/2 1251/1887/2 2512/1896/2
f 1254/1898/2 2513/3113/2 2516/1904/2 2517/1903/2
f 2515/1900/2 2512/1896/2 1251/1887/2 1255/1902/2 2514/1901/2
f 1256/1906/2 1254/1898/2 2517/1903/2 2518/1907/2
f 1255/1902/2 2519/1905/2 2514/1901/2
f 2518/1907/2 2521/1910/2 1257/1909/2 1256/1906/2
f 1255/1902/2 2520/3114/2 2519/1905/2
f 2521/1910/2 2523/1913/2 1258/1912/2 1257/1909/2
f 1255/1902/2 2522/3115/2 2520/3114/2
f 2526/1917/2 1258/1912/2 2523/1913/2 2527/1918/2
f 2525/3116/2 2522/3115/2 1255/1902/2 1259/1916/2 2524/1915/2
f 2526/1917/2 2529/1921/2 1260/1920/2 1258/1912/2
f 1259/1916/2 2528/3117/2 2524/1915/2
f 2529/1921/2 2531/1924/2 1261/1923/2 1260/1920/2
f 1259/1916/48 2530/1922/48 2528/3117/48
f 1261/1923/2 1262/1925/2 1260/1920/2
f 1262/1925/2 1263/1926/2 1260/1920/2
f 1263/1926/2 1264/1927/2 1260/1920/2
f 2531/1924/2 2533/1929/2 1262/1925/2 1261/1923/2
f 1259/1916/2 2532/1928/2 2530/1922/2
f 1262/1925/2 1263/1926/2 1261/1923/2
f 2533/1929/2 2536/3118/2 1265/1932/2 1262/1925/2
f 2534/1931/2 2532/1928/2 1259/1916/2 2535/3119/2
f 1266/1934/2 1264/1927/2 1263/1926/2
f 1266/1934/2 1267/1935/2 1264/1927/2
f 1268/1936/2 1267/1935/2 1266/1934/2
f 2536/3118/2 2538/1939/2 1269/1938/2 1265/1932/2
f 1259/1916/2 2537/1937/2 2535/3119/2
f 1270/1940/2 1267/1935/2 1268/1936/2
f 2538/1939/2 2540/1943/2 1271/1942/2 1269/1938/2
f 1259/1916/2 2539/1941/2 2537/1937/2
f 2543/1947/2 2541/1946/2 1272/1945/2 1271/1942/2 2540/1943/2
f 1259/1916/2 2542/1944/2 2539/1941/2
f 1272/1945/2 2541/1946/2 2546/1951/2
f 2544/3120/2 2542/1944/2 1259/1916/2 1273/1950/2 2545/1949/2
f 2546/1951/2 2548/3121/2 1274/1953/2 1272/1945/2
f 2545/1949/2 1273/1950/2 2547/1952/2
f 2550/3122/2 2551/1957/2 1275/1956/2 1274/1953/2 2548/3121/2
f 2547/1952/2 1273/1950/2 2549/3123/2
f 1276/1960/2 1275/1956/2 2551/1957/2 2553/3124/2
f 2549/3123/2 1273/1950/2 2552/3125/2
f 1276/1960/2 2553/3124/2 2554/1964/2
f 1273/1950/2 1277/1963/2 2555/1962/2 2552/3125/2
f 1276/1960/2 2554/1964/2 2557/1968/2
f 2556/3126/2 2555/1962/2 1277/1963/2 1278/1967/2 2558/3127/2
f 2557/1968/2 2560/1971/2 1279/1970/2 1276/1960/2
f 2558/3127/2 1278/1967/2 2559/1969/2
f 1279/1970/2 2560/1971/2 2561/1974/2
f 1278/1967/2 1280/1973/2 2562/1972/2 2559/1969/2
f 2564/3128/2 2565/1977/2 1281/1976/2 1279/1970/2 2561/1974/2
f 2562/1972/2 1280/1973/2 2563/1975/2
f 2567/1981/2 1281/1976/2 2565/1977/2
f 1280/1973/2 1282/1980/2 2566/1979/2 2563/1975/2
f 1281/1976/2 2567/1981/2 2568/3129/2
f 1282/1980/2 1283/1983/2 2569/1982/2 2566/1979/2
f 2568/3129/2 2571/1987/2 1284/1986/2 1281/1976/2
f 2569/1982/2 1283/1983/2 2570/1985/2
f 1284/1986/2 2571/1987/2 2573/1991/2
f 2572/3130/2 2570/1985/2 1283/1983/2 1285/1990/2 2574/3131/2
f 1284/1986/2 2573/1991/2 2575/3132/2
f 1285/1990/2 1286/1993/2 2576/1992/2 2574/3131/2
f 1284/1986/2 2575/3132/2 2577/1997/2
f 1286/1993/2 1287/1996/2 2578/3133/2 2576/1992/2
f 2580/3134/2 2581/2000/2 1288/1999/2 1284/1986/2 2577/1997/2
f 2578/3133/2 1287/1996/2 2579/3135/2
f 1288/1999/2 2581/2000/2 2582/3136/2
f 1287/1996/2 1289/2003/2 2583/2002/2 2579/3135/2
f 1288/1999/2 2582/3136/2 2584/2007/2
f 1289/2003/2 1290/2006/2 2585/3137/2 2583/2002/2
f 2584/2007/2 2587/2010/2 1291/2009/2 1288/1999/2
f 2585/3137/2 1290/2006/2 2586/2008/2
f 1291/2009/2 2587/2010/2 2589/2014/2
f 2588/2011/2 2586/2008/2 1290/2006/2 1292/2013/2 2590/3138/2
f 2592/3139/2 2593/2017/2 1293/2016/2 1291/2009/2 2589/2014/2
f 2590/3138/2 1292/2013/2 2591/3140/2
f 1293/2016/2 2593/2017/2 2594/2021/2
f 1292/2013/2 1294/2020/2 2595/3141/2 2591/3140/2
f 2595/3141/2 1294/2020/2 2596/2022/2
f 2597/2024/2 1295/2023/2 1293/2016/2 2594/2021/2
f 2598/2025/2 2596/2022/2 1294/2020/2 1296/2027/2 2600/2026/2
f 1295/2023/2 2597/2024/2 2599/2028/2
f 2600/2026/2 1296/2027/2 2601/3142/2
f 2599/2028/2 2602/2031/2 1297/2030/2 1295/2023/2
f 1296/2027/2 1298/2033/2 2604/2032/2 2601/3142/2
f 1297/2030/2 2602/2031/2 2603/3143/2
f 2604/2032/2 1298/2033/2 2605/2035/2
f 2606/2038/2 2607/3144/2 1299/2036/2 1297/2030/2 2603/3143/2
f 2605/2035/2 1298/2033/2 2608/3145/2
f 2607/3144/2 2609/2041/2 1300/2040/2 1299/2036/2
f 2608/3145/2 1298/2033/2 2610/2042/2
f 2609/2041/2 2611/2044/2 1301/2043/2 1300/2040/2
f 2610/2042/2 1298/2033/2 2612/2045/2
f 2611/2044/2 2613/2047/2 1302/2046/2 1301/2043/2
f 2612/2045/2 1298/2033/2 2614/3146/2
f 2613/2047/2 2615/2050/2 1303/2049/2 1302/2046/2
f 2614/3146/2 1298/2033/2 2616/3147/2
f 2615/2050/2 2617/3148/2 1304/2052/2 1303/2049/2
f 2616/3147/2 1298/2033/2 2618/2054/2
f 2617/3148/2 2619/2056/2 1305/2055/2 1304/2052/2
f 2618/2054/2 1298/2033/2 2620/2057/2
f 1306/2058/2 1305/2055/2 2619/2056/2 2621/2059/2
f 2620/2057/2 1298/2033/2 2622/3149/2
f 2621/2059/2 2623/3150/2 1307/2061/2 1306/2058/2
f 2622/3149/2 1298/2033/2 2624/3151/2
f 2623/3150/2 2625/3152/2 1308/2064/2 1307/2061/2
f 2626/3153/2 2624/3151/2 1298/2033/2 1309/2068/2 2628/3154/2
f 1308/2064/2 2625/3152/2 2627/2069/2
f 2628/3154/2 1309/2068/2 2629/2070/2
f 2627/2069/2 2630/2072/2 1310/2071/2 1308/2064/2
f 2629/2070/2 1309/2068/2 2631/3155/2
f 2630/2072/2 2632/2075/2 1311/2074/2 1310/2071/2
f 2631/3155/2 1309/2068/2 2633/2076/2
f 2632/2075/2 2634/2078/2 1312/2077/2 1311/2074/2
f 1309/2068/2 1313/2080/2 2637/3156/2 2633/2076/2
f 1312/2077/2 2634/2078/2 2635/2082/2 2636/3157/2
f 2637/3156/2 1313/2080/2 2638/3158/2
f 1314/2084/2 1312/2077/2 2636/3157/2 2639/2085/2
f 2638/3158/2 1313/2080/2 2640/2086/2 2641/3159/2
f 2639/2085/2 2642/2089/2 1315/2088/2 1314/2084/2
f 1313/2080/2 1316/2091/2 2643/2090/2 2640/2086/2
f 2644/3160/2 2645/2092/2 1315/2088/2 2642/2089/2
f 2643/2090/2 1316/2091/2 2646/3161/2
f 2647/3162/2 1317/2095/2 1315/2088/2 2645/2092/2
f 2648/2097/2 2646/3161/2 1316/2091/2 1318/2099/2 2650/2098/2
f 1317/2095/2 2647/3162/2 2649/3163/2
f 2650/2098/2 1318/2099/2 2651/2101/2
f 2652/2104/2 2653/2103/2 1319/2102/2 1317/2095/2 2649/3163/2
f 1318/2099/2 1320/2106/2 2655/2105/2 2651/2101/2
f 1319/2102/2 2653/2103/2 2654/2107/2
f 2655/2105/2 1320/2106/2 2656/2108/2 2657/2109/2
f 2658/2111/2 2659/3164/2 1321/855/2 1319/2102/2 2654/2107/2
f 1320/2106/2 1322/2113/2 2661/2112/2 2656/2108/2
f 1321/855/2 2659/3164/2 2660/3165/2
f 2663/3166/2 2661/2112/2 1322/2113/2 1323/2118/2 1321/855/2 2660/3165/2 2664/2117/2 2662/3167/2
f 1322/2113/2 1324/2119/2 1323/2118/2
f 1324/2119/2 1325/2120/2 1323/2118/2
f 1326/2121/2 1325/2120/2 1324/2119/2
f 1326/2121/2 1327/2122/2 1325/2120/2
f 1328/2123/2 1327/2122/2 1326/2121/2
f 1329/2124/2 1330/2125/2 1328/2123/2
f 1330/2125/2 1331/2126/2 1328/2123/2
f 1331/2126/2 1327/2122/2 1328/2123/2
f 1332/2127/2 1327/2122/2 1331/2126/2
f 1333/2128/2 1327/2122/2 1332/2127/2
f 1329/2124/45 1334/2129/45 1330/2125/45
f 1335/2130/2 1327/2122/2 1333/2128/2
f 1329/2124/2 1336/2131/2 1334/2129/2
f 1335/2130/2 1337/2132/2 1327/2122/2
f 1338/2133/2 1337/2132/2 1335/2130/2
f 1329/2124/2 1339/2134/2 1336/2131/2
f 1329/2124/2 1340/2135/2 1339/2134/2
f 1329/2124/2 1341/2136/2 1340/2135/2
f 1342/2137/2 1341/2136/2 1329/2124/2
f 1343/2138/2 1337/2132/2 1338/2133/2
f 1344/2139/2 1337/2132/2 1343/2138/2
f 1345/2140/2 1337/2132/2 1344/2139/2
f 1346/2141/2 1337/2132/2 1345/2140/2
f 1347/2142/2 1337/2132/2 1346/2141/2
f 1347/2142/2 1348/2143/2 1337/2132/2
f 1349/2144/2 1348/2143/2 1347/2142/2
f 1350/2145/2 1348/2143/2 1349/2144/2
f 1351/2146/2 1348/2143/2 1350/2145/2
f 1352/2147/2 1348/2143/2 1351/2146/2
f 1352/2147/2 1353/2148/2 1348/2143/2
f 1354/2149/2 1353/2148/2 1352/2147/2
f 1355/2150/2 1356/2151/2 1354/2149/2
f 1356/2151/2 1353/2148/2 1354/2149/2
f 1355/2150/2 1357/2152/2 1356/2151/2
f 1358/2153/2 1353/2148/2 1356/2151/2
f 1355/2150/2 1359/2154/2 1357/2152/2
f 1360/2155/2 1359/2154/2 1355/2150/2
f 1361/2156/2 1353/2148/2 1358/2153/2
f 1361/2156/2 1362/2157/2 1353/2148/2
f 1360/2155/2 1363/2158/2 1359/2154/2
f 1364/2159/2 1362/2157/2 1361/2156/2
f 1360/2155/2 1365/2160/2 1363/2158/2
f 1366/2161/2 1365/2160/2 1360/2155/2
f 1366/2161/2 1367/2162/2 1365/2160/2
f 1368/2163/2 1362/2157/2 1364/2159/2
f 1366/2161/2 1369/2164/2 1367/2162/2
f 1370/2165/2 1369/2164/2 1366/2161/2
f 1370/2165/2 1371/2166/2 1369/2164/2
f 1372/2167/2 1362/2157/2 1368/2163/2
f 1373/2168/2 1371/2166/2 1370/2165/2
f 1374/2169/2 1362/2157/2 1372/2167/2
f 1375/2170/2 1362/2157/2 1374/2169/2
f 1376/2171/2 1362/2157/2 1375/2170/2
f 1376/2171/2 1377/2172/2 1362/2157/2
f 1378/2173/2 1377/2172/2 1376/2171/2
f 1379/2174/2 1377/2172/2 1378/2173/2
f 1380/2175/2 1377/2172/2 1379/2174/2
f 1381/2176/2 1377/2172/2 1380/2175/2
f 1381/2176/2 1382/2177/2 1377/2172/2
f 1383/2178/2 1382/2177/2 1381/2176/2
f 1384/2179/2 1385/2180/2 1383/2178/2
f 1385/2180/2 1382/2177/2 1383/2178/2
f 1384/2179/48 1386/2181/48 1385/2180/48
f 1387/2182/2 1382/2177/2 1385/2180/2
f 1384/2179/2 1388/2183/2 1386/2181/2
f 1389/2184/2 1382/2177/2 1387/2182/2
f 1384/2179/2 1390/2185/2 1388/2183/2
f 1391/2186/2 1390/2185/2 1384/2179/2
f 1391/2186/2 1392/2187/2 1390/2185/2
f 1393/2188/2 1382/2177/2 1389/2184/2
f 1391/2186/2 1394/2189/2 1392/2187/2
f 1395/2190/2 1394/2189/2 1391/2186/2
f 1393/2188/2 1396/2191/2 1382/2177/2
f 1395/2190/2 1397/2192/2 1394/2189/2
f 1398/2193/2 1396/2191/2 1393/2188/2
f 1398/2193/2 1399/2194/2 1396/2191/2
f 1400/2195/2 1399/2194/2 1398/2193/2
f 1401/2196/2 1399/2194/2 1400/2195/2
f 1401/2196/2 1402/2197/2 1399/2194/2
f 1403/2198/2 1402/2197/2 1401/2196/2
f 1403/2198/2 1404/2199/2 1402/2197/2
f 1403/2198/2 1405/2200/2 1404/2199/2
f 1406/2201/2 1405/2200/2 1403/2198/2
f 1406/2201/2 1407/2202/2 1405/2200/2
f 1408/2203/2 1407/2202/2 1406/2201/2
f 1408/2203/2 1409/2204/2 1407/2202/2
f 1410/2205/2 1409/2204/2 1408/2203/2
f 1410/2205/2 1411/2206/2 1409/2204/2
f 1412/2207/2 1411/2206/2 1410/2205/2
f 1412/2207/2 1413/2208/2 1411/2206/2
f 1414/2209/2 1413/2208/2 1412/2207/2
f 1414/2209/2 1415/2210/2 1413/2208/2
f 1416/2211/2 1415/2210/2 1414/2209/2
f 1416/2211/2 1417/2212/2 1415/2210/2
f 1418/2213/2 1417/2212/2 1416/2211/2
f 1419/2214/2 1417/2212/2 1418/2213/2
f 1419/2214/2 1420/2215/2 1417/2212/2
f 1421/2216/2 1420/2215/2 1419/2214/2
f 1421/2216/2 1422/2217/2 1420/2215/2
f 1423/2218/2 1422/2217/2 1421/2216/2
f 1423/2218/2 1424/2219/2 1422/2217/2
f 1423/2218/2 1425/2220/2 1424/2219/2
f 1426/2221/2 1425/2220/2 1423/2218/2
f 1426/2221/2 1427/2222/2 1425/2220/2
f 1428/2223/2 1427/2222/2 1426/2221/2
f 3976/2225/2 1429/2224/2 1427/2222/2 1428/2223/2 3972/2230/2 3973/3168/2 3974/2228/2 3975/3169/2 3977/3170/2
f 3981/2235/2 1429/2224/2 3976/2225/2 3982/2236/2
f 3972/2230/2 1428/2223/2 1430/2231/2 3978/2234/2 3979/3171/2 3980/2232/2
f 3986/2241/2 3985/3172/2 1431/2239/2 1429/2224/2 3981/2235/2
f 3978/2234/2 1430/2231/2 3983/2237/2 3984/2238/2
f 3989/3173/2 1431/2239/2 3985/3172/2 3990/2246/2
f 3983/2237/2 1430/2231/2 1432/2244/2 3987/2243/2 3988/2242/2
f 3994/3174/2 3993/2250/2 1433/2249/2 1431/2239/2 3989/3173/2
f 3987/2243/2 1432/2244/2 3991/2247/2 3992/2248/2
f 3997/2256/2 3998/3175/2 1433/2249/2 3993/2250/2
f 3991/2247/2 1432/2244/2 1434/2254/2 3995/2253/2 3996/2252/2
f 4002/2261/2 4001/2260/2 1435/2259/2 1433/2249/2 3998/3175/2
f 3995/2253/2 1434/2254/2 3999/2257/2 4000/3176/2
f 4001/2260/2 4005/3177/2 1435/2259/2
f 4004/2262/2 3999/2257/2 1434/2254/2 1436/2264/2 4003/2263/2
f 4009/3178/2 4008/2268/2 1437/2267/2 1435/2259/2 4005/3177/2 4006/2270/2
f 1436/2264/2 4007/2266/2 4003/2263/2
f 4012/2276/2 1437/2267/2 4008/2268/2
f 4007/2266/2 1436/2264/2 1438/2275/2 4010/2274/2 4011/3179/2
f 1439/2278/2 1437/2267/2 4012/2276/2 4014/2279/2
f 4010/2274/2 1438/2275/2 4013/3180/2
f 4017/2283/2 1439/2278/2 4014/2279/2 4018/3181/2
f 4013/3180/2 1438/2275/2 1440/2282/2 4015/2281/2 4016/2280/2
f 4017/2283/2 4021/3182/2 1441/2287/2 1439/2278/2
f 1440/2282/2 4020/2286/2 4019/3183/2 4015/2281/2
f 4024/2292/2 1442/2291/2 1441/2287/2 4021/3182/2 4023/2290/2
f 4020/2286/2 1440/2282/2 4022/3184/2
f 1442/2291/2 4024/2292/2 4028/3185/2 4027/2296/2
f 4025/2294/2 4022/3184/2 1440/2282/2 1443/2293/2 4026/2295/2
f 4031/3186/2 1444/2302/2 1442/2291/2 4027/2296/2 4032/2301/2
f 4026/2295/2 1443/2293/2 4030/2298/2 4029/3187/2
f 4034/2305/2 1445/2304/2 1444/2302/2 4031/3186/2
f 4030/2298/2 1443/2293/2 4033/2303/2
f 1445/2304/2 4034/2305/2 4036/2310/2 4037/2309/2
f 4033/2303/2 1443/2293/2 1446/2306/2 4038/2308/2 4035/2307/2
f 4042/2313/2 1447/2315/2 1445/2304/2 4037/2309/2 4041/2314/2
f 4038/2308/2 1446/2306/2 4039/2311/2 4040/2312/2
f 1447/2315/2 4042/2313/2 4043/3188/2
f 1446/2306/2 1448/2317/2 4044/2316/2 4039/2311/2
f 4048/2322/2 1447/2315/2 4043/3188/2 4047/2323/2
f 4044/2316/2 1448/2317/2 1449/2319/2 4045/2321/2 4046/2320/2
f 4052/2327/2 4051/2326/2 1450/2328/2 1447/2315/2 4048/2322/2
f 4045/2321/2 1449/2319/2 4049/2324/2 4050/3189/2
f 4055/2332/2 1450/2328/2 4051/2326/2 4056/2333/2
f 4049/2324/2 1449/2319/2 1451/2329/2 4054/2331/2 4053/3190/2
f 4061/2339/2 4062/2338/2 1452/2337/2 1450/2328/2 4055/2332/2 4060/3191/2
f 4059/2334/2 4054/2331/2 1451/2329/2 4058/2336/2 4057/3192/2
f 4058/2336/2 1451/2329/2 1453/2341/2 1452/2337/2 4062/2338/2 4066/2346/2 4065/3193/2 4067/2344/2 4063/2343/2 4064/2342/2
f 1453/2341/2 1454/2347/2 1452/2337/2
f 1455/2348/2 1454/2347/2 1453/2341/2
f 1455/2348/2 1456/2349/2 1454/2347/2
f 1457/2350/2 1456/2349/2 1455/2348/2
f 1457/2350/2 1458/2351/2 1456/2349/2
f 1459/2352/2 1458/2351/2 1457/2350/2
f 1459/2352/2 1460/2353/2 1458/2351/2
f 1461/2354/2 1460/2353/2 1459/2352/2
f 1462/2355/2 1460/2353/2 1461/2354/2
f 1462/2355/2 1463/2356/2 1460/2353/2
f 1462/2355/2 1464/2357/2 1463/2356/2
f 1462/2355/2 1465/2358/2 1464/2357/2
f 1462/2355/2 1466/2359/2 1465/2358/2
f 1467/2360/2 1466/2359/2 1462/2355/2
f 1467/2360/2 1468/2361/2 1466/2359/2
f 1467/2360/2 1469/2362/2 1468/2361/2
f 1470/2363/2 1469/2362/2 1467/2360/2
f 1470/2363/2 1471/2364/2 1469/2362/2
f 1470/2363/2 1472/2365/2 1471/2364/2
f 1473/2366/2 1472/2365/2 1470/2363/2
f 1473/2366/2 1474/2367/2 1472/2365/2
f 1475/2368/2 1474/2367/2 1473/2366/2
f 961/104/49 960/106/49 1013/106/49 1012/104/49
f 761/2219/50 760/2217/50 1422/2217/50 1424/2219/50
f 738/855/51 737/2102/51 1319/2102/51 1321/855/51
f 667/1697/52 666/1687/52 1216/1687/52 1219/1697/52
f 566/2789/53 565/795/53 1115/795/53 1116/2789/53
f 893/2106/54 892/2113/54 1322/2113/54 1320/2106/54
f 652/1691/55 651/1701/55 1220/1701/55 1217/1691/55
f 960/106/56 959/112/56 1014/112/56 1013/106/56
f 762/2220/57 761/2219/57 1424/2219/57 1425/2220/57
f 567/2794/58 566/2789/58 1116/2789/58 1117/2794/58
f 813/2218/59 812/2221/59 1426/2221/59 1423/2218/59
f 959/112/60 958/117/60 1015/117/60 1014/112/60
f 739/2118/61 738/855/61 1321/855/61 1323/2118/61
f 647/1702/62 646/1692/62 1218/1692/62 1221/1702/62
f 568/906/63 567/2794/63 1117/2794/63 1118/906/63
f 892/2113/64 891/2119/64 1324/2119/64 1322/2113/64
f 763/2222/65 762/2220/65 1425/2220/65 1427/2222/65
f 668/1707/66 667/1697/66 1219/1697/66 1222/1707/66
f 569/902/67 568/906/67 1118/906/67 1119/902/67
f 480/133/68 478/67/68 1001/67/68 1016/133/68
f 812/2221/69 811/2223/69 1428/2223/69 1426/2221/69
f 651/1701/70 650/1711/70 1223/1711/70 1220/1701/70
f 926/683/71 925/954/71 1120/954/71 1105/683/71
f 958/117/72 957/126/72 1017/126/72 1015/117/72
f 740/2120/73 739/2118/73 1323/2118/73 1325/2120/73
f 891/2119/74 890/2121/74 1326/2121/74 1324/2119/74
f 957/126/75 956/131/75 1018/131/75 1017/126/75
f 764/2224/76 763/2222/76 1427/2222/76 1429/2224/76
f 648/1712/77 647/1702/77 1221/1702/77 1224/1712/77
f 570/1027/78 569/902/78 1119/902/78 1121/1027/78
f 811/2223/79 810/2231/79 1430/2231/79 1428/2223/79
f 650/1711/80 649/1713/80 1225/1713/80 1223/1711/80
f 741/2122/81 740/2120/81 1325/2120/81 1327/2122/81
f 649/1713/82 648/1712/82 1224/1712/82 1225/1713/82
f 571/1032/83 570/1027/83 1121/1027/83 1122/1032/83
f 482/137/84 480/133/84 1016/133/84 1019/137/84
f 890/2121/85 889/2123/85 1328/2123/85 1326/2121/85
f 956/131/86 955/141/86 1020/141/86 1018/131/86
f 765/2239/87 764/2224/87 1429/2224/87 1431/2239/87
f 669/1720/88 668/1707/88 1222/1707/88 1226/1720/88
f 572/1037/89 571/1032/89 1122/1032/89 1123/1037/89
f 810/2231/90 809/2244/90 1432/2244/90 1430/2231/90
f 889/2123/91 888/2124/91 1329/2124/91 1328/2123/91
f 955/141/92 954/149/92 1021/149/92 1020/141/92
f 670/1729/93 669/1720/93 1226/1720/93 1227/1729/93
f 573/1042/94 572/1037/94 1123/1037/94 1124/1042/94
f 766/2249/95 765/2239/95 1431/2239/95 1433/2249/95
f 881/2125/96 880/2126/96 1331/2126/96 1330/2125/96
f 671/1738/97 670/1729/97 1227/1729/97 1228/1738/97
f 574/1047/98 573/1042/98 1124/1042/98 1125/1047/98
f 484/154/99 482/137/99 1019/137/99 1022/154/99
f 809/2244/100 808/2254/100 1434/2254/100 1432/2244/100
f 954/149/101 953/160/101 1023/160/101 1021/149/101
f 672/1749/102 671/1738/102 1228/1738/102 1229/1749/102
f 575/1052/103 574/1047/103 1125/1047/103 1126/1052/103
f 880/2126/104 879/2127/104 1332/2127/104 1331/2126/104
f 919/1588/79 918/1759/79 1230/1759/79 1198/1588/79
f 953/160/105 952/167/105 1024/167/105 1023/160/105
f 767/2259/106 766/2249/106 1433/2249/106 1435/2259/106
f 576/1057/107 575/1052/107 1126/1052/107 1127/1057/107
f 808/2254/108 807/2264/108 1436/2264/108 1434/2254/108
f 879/2127/109 878/2128/109 1333/2128/109 1332/2127/109
f 673/1771/110 672/1749/110 1229/1749/110 1231/1771/110
f 577/1062/111 576/1057/111 1127/1057/111 1128/1062/111
f 486/176/112 484/154/112 1022/154/112 1025/176/112
f 952/167/113 951/182/113 1026/182/113 1024/167/113
f 768/2267/114 767/2259/114 1435/2259/114 1437/2267/114
f 882/2129/115 881/2125/115 1330/2125/115 1334/2129/115
f 674/1777/116 673/1771/116 1231/1771/116 1232/1777/116
f 578/1068/117 577/1062/117 1128/1062/117 1129/1068/117
f 807/2264/118 806/2275/118 1438/2275/118 1436/2264/118
f 878/2128/119 877/2130/119 1335/2130/119 1333/2128/119
f 951/182/120 950/191/120 1027/191/120 1026/182/120
f 675/1784/121 674/1777/121 1232/1777/121 1233/1784/121
f 579/1073/122 578/1068/122 1129/1068/122 1130/1073/122
f 950/191/123 949/197/123 1028/197/123 1027/191/123
f 769/2278/124 768/2267/124 1437/2267/124 1439/2278/124
f 883/2131/125 882/2129/125 1334/2129/125 1336/2131/125
f 676/1789/126 675/1784/126 1233/1784/126 1234/1789/126
f 580/1077/127 579/1073/127 1130/1073/127 1131/1077/127
f 806/2275/128 805/2282/128 1440/2282/128 1438/2275/128
f 742/2132/129 741/2122/129 1327/2122/129 1337/2132/129
f 677/1794/130 676/1789/130 1234/1789/130 1235/1794/130
f 581/1086/131 580/1077/131 1131/1077/131 1132/1086/131
f 488/221/132 486/176/132 1025/176/132 1029/221/132
f 877/2130/133 876/2133/133 1338/2133/133 1335/2130/133
f 949/197/134 948/216/134 1030/216/134 1028/197/134
f 770/2287/135 769/2278/135 1439/2278/135 1441/2287/135
f 678/1799/136 677/1794/136 1235/1794/136 1236/1799/136
f 582/1091/137 581/1086/137 1132/1086/137 1133/1091/137
f 948/216/138 947/223/138 1031/223/138 1030/216/138
f 771/2291/139 770/2287/139 1441/2287/139 1442/2291/139
f 884/2134/140 883/2131/140 1336/2131/140 1339/2134/140
f 679/1804/141 678/1799/141 1236/1799/141 1237/1804/141
f 583/1096/142 582/1091/142 1133/1091/142 1134/1096/142
f 805/2282/143 804/2293/143 1443/2293/143 1440/2282/143
f 885/2135/144 884/2134/144 1339/2134/144 1340/2135/144
f 680/1810/145 679/1804/145 1237/1804/145 1238/1810/145
f 584/1102/146 583/1096/146 1134/1096/146 1135/1102/146
f 490/228/147 488/221/147 1029/221/147 1032/228/147
f 947/223/148 946/226/148 1033/226/148 1031/223/148
f 772/2302/149 771/2291/149 1442/2291/149 1444/2302/149
f 886/2136/150 885/2135/150 1340/2135/150 1341/2136/150
f 681/1816/151 680/1810/151 1238/1810/151 1239/1816/151
f 585/1107/152 584/1102/152 1135/1102/152 1136/1107/152
f 888/2124/153 887/2137/153 1342/2137/153 1329/2124/153
f 946/226/154 945/233/154 1034/233/154 1033/226/154
f 773/2304/155 772/2302/155 1444/2302/155 1445/2304/155
f 887/2137/156 886/2136/156 1341/2136/156 1342/2137/156
f 682/1821/157 681/1816/157 1239/1816/157 1240/1821/157
f 586/1112/158 585/1107/158 1136/1107/158 1137/1112/158
f 804/2293/159 803/2306/159 1446/2306/159 1443/2293/159
f 876/2133/160 875/2138/160 1343/2138/160 1338/2133/160
f 925/954/161 924/1123/161 1138/1123/161 1120/954/161
f 683/1826/162 682/1821/162 1240/1821/162 1241/1826/162
f 493/236/163 490/228/163 1032/228/163 1035/236/163
f 875/2138/164 874/2139/164 1344/2139/164 1343/2138/164
f 945/233/165 944/232/165 1036/232/165 1034/233/165
f 774/2315/166 773/2304/166 1445/2304/166 1447/2315/166
f 684/1833/167 683/1826/167 1241/1826/167 1242/1833/167
f 587/1129/168 586/1112/168 1137/1112/168 1139/1129/168
f 803/2306/169 802/2317/169 1448/2317/169 1446/2306/169
f 874/2139/170 873/2140/170 1345/2140/170 1344/2139/170
f 918/1759/171 917/1854/171 1243/1854/171 1230/1759/171
f 944/232/172 943/240/172 1037/240/172 1036/232/172
f 588/1135/173 587/1129/173 1139/1129/173 1140/1135/173
f 802/2317/174 801/2319/174 1449/2319/174 1448/2317/174
f 873/2140/175 872/2141/175 1346/2141/175 1345/2140/175
f 943/240/176 942/244/176 1038/244/176 1037/240/176
f 685/1861/177 684/1833/177 1242/1833/177 1244/1861/177
f 589/1140/178 588/1135/178 1140/1135/178 1141/1140/178
f 872/2141/179 871/2142/179 1347/2142/179 1346/2141/179
f 775/2328/180 774/2315/180 1447/2315/180 1450/2328/180
f 686/1864/181 685/1861/181 1244/1861/181 1245/1864/181
f 590/1148/182 589/1140/182 1141/1140/182 1142/1148/182
f 495/247/183 493/236/183 1035/236/183 1039/247/183
f 801/2319/184 800/2329/184 1451/2329/184 1449/2319/184
f 942/244/185 941/252/185 1040/252/185 1038/244/185
f 743/2143/186 742/2132/186 1337/2132/186 1348/2143/186
f 687/1868/187 686/1864/187 1245/1864/187 1246/1868/187
f 591/2865/188 590/1148/188 1142/1148/188 1143/2865/188
f 871/2142/189 870/2144/189 1349/2144/189 1347/2142/189
f 917/1854/190 916/1872/190 1247/1872/190 1243/1854/190
f 776/2337/81 775/2328/81 1450/2328/81 1452/2337/81
f 592/2870/191 591/2865/191 1143/2865/191 1144/2870/191
f 496/255/192 495/247/192 1039/247/192 1041/255/192
f 800/2329/193 799/2341/193 1453/2341/193 1451/2329/193
f 870/2144/194 869/2145/194 1350/2145/194 1349/2144/194
f 941/252/195 940/266/195 1042/266/195 1040/252/195
f 688/1876/196 687/1868/196 1246/1868/196 1248/1876/196
f 593/2875/197 592/2870/197 1144/2870/197 1145/2875/197
f 869/2145/198 868/2146/198 1351/2146/198 1350/2145/198
f 940/266/199 939/274/199 1043/274/199 1042/266/199
f 777/2347/200 776/2337/200 1452/2337/200 1454/2347/200
f 689/1879/201 688/1876/201 1248/1876/201 1249/1879/201
f 594/1173/202 593/2875/202 1145/2875/202 1146/1173/202
f 799/2341/203 798/2348/203 1455/2348/203 1453/2341/203
f 868/2146/204 867/2147/204 1352/2147/204 1351/2146/204
f 690/1882/205 689/1879/205 1249/1879/205 1250/1882/205
f 595/1169/206 594/1173/206 1146/1173/206 1147/1169/206
f 499/280/207 496/255/207 1041/255/207 1044/280/207
f 916/1872/208 915/1887/208 1251/1887/208 1247/1872/208
f 939/274/209 938/293/209 1045/293/209 1043/274/209
f 778/2349/210 777/2347/210 1454/2347/210 1456/2349/210
f 744/2148/211 743/2143/211 1348/2143/211 1353/2148/211
f 596/1178/212 595/1169/212 1147/1169/212 1148/1178/212
f 798/2348/213 797/2350/213 1457/2350/213 1455/2348/213
f 867/2147/214 866/2149/214 1354/2149/214 1352/2147/214
f 691/1890/215 690/1882/215 1250/1882/215 1252/1890/215
f 597/1186/216 596/1178/216 1148/1178/216 1149/1186/216
f 501/302/217 499/280/217 1044/280/217 1046/302/217
f 866/2149/218 865/2150/218 1355/2150/218 1354/2149/218
f 938/293/219 937/312/219 1047/312/219 1045/293/219
f 779/2351/220 778/2349/220 1456/2349/220 1458/2351/220
f 692/1894/221 691/1890/221 1252/1890/221 1253/1894/221
f 598/1191/222 597/1186/222 1149/1186/222 1150/1191/222
f 797/2350/223 796/2352/223 1459/2352/223 1457/2350/223
f 924/1123/224 923/1205/224 1151/1205/224 1138/1123/224
f 937/312/225 936/319/225 1048/319/225 1047/312/225
f 693/1898/226 692/1894/226 1253/1894/226 1254/1898/226
f 915/1887/227 914/1902/227 1255/1902/227 1251/1887/227
f 936/319/228 935/326/228 1049/326/228 1048/319/228
f 780/2353/229 779/2351/229 1458/2351/229 1460/2353/229
f 854/2152/230 853/2151/230 1356/2151/230 1357/2152/230
f 599/1225/231 598/1191/231 1150/1191/231 1152/1225/231
f 796/2352/232 795/2354/232 1461/2354/232 1459/2352/232
f 853/2151/233 852/2153/233 1358/2153/233 1356/2151/233
f 694/1906/234 693/1898/234 1254/1898/234 1256/1906/234
f 600/1231/235 599/1225/235 1152/1225/235 1153/1231/235
f 503/345/236 501/302/236 1046/302/236 1050/345/236
f 795/2354/237 794/2355/237 1462/2355/237 1461/2354/237
f 855/2154/238 854/2152/238 1357/2152/238 1359/2154/238
f 695/1909/239 694/1906/239 1256/1906/239 1257/1909/239
f 601/1237/240 600/1231/240 1153/1231/240 1154/1237/240
f 505/353/241 503/345/241 1050/345/241 1051/353/241
f 865/2150/242 864/2155/242 1360/2155/242 1355/2150/242
f 781/2356/243 780/2353/243 1460/2353/243 1463/2356/243
f 696/1912/244 695/1909/244 1257/1909/244 1258/1912/244
f 602/1244/245 601/1237/245 1154/1237/245 1155/1244/245
f 507/361/246 505/353/246 1051/353/246 1052/361/246
f 852/2153/247 851/2156/247 1361/2156/247 1358/2153/247
f 914/1902/248 913/1916/248 1259/1916/248 1255/1902/248
f 935/326/249 934/365/249 1053/365/249 1049/326/249
f 782/2357/250 781/2356/250 1463/2356/250 1464/2357/250
f 603/1251/251 602/1244/251 1155/1244/251 1156/1251/251
f 783/2358/252 782/2357/252 1464/2357/252 1465/2358/252
f 745/2157/253 744/2148/253 1353/2148/253 1362/2157/253
f 697/1920/254 696/1912/254 1258/1912/254 1260/1920/254
f 604/1257/255 603/1251/255 1156/1251/255 1157/1257/255
f 508/376/256 507/361/256 1052/361/256 1054/376/256
f 784/2359/257 783/2358/257 1465/2358/257 1466/2359/257
f 856/2158/258 855/2154/258 1359/2154/258 1363/2158/258
f 605/1263/259 604/1257/259 1157/1257/259 1158/1263/259
f 511/385/260 508/376/260 1054/376/260 1055/385/260
f 794/2355/261 793/2360/261 1467/2360/261 1462/2355/261
f 851/2156/262 850/2159/262 1364/2159/262 1361/2156/262
f 934/365/263 933/390/263 1056/390/263 1053/365/263
f 606/1270/264 605/1263/264 1158/1263/264 1159/1270/264
f 785/2361/265 784/2359/265 1466/2359/265 1468/2361/265
f 857/2160/266 856/2158/266 1363/2158/266 1365/2160/266
f 607/1277/267 606/1270/267 1159/1270/267 1160/1277/267
f 512/405/268 511/385/268 1055/385/268 1057/405/268
f 864/2155/269 863/2161/269 1366/2161/269 1360/2155/269
f 786/2362/270 785/2361/270 1468/2361/270 1469/2362/270
f 698/1927/271 697/1920/271 1260/1920/271 1264/1927/271
f 608/1288/272 607/1277/272 1160/1277/272 1161/1288/272
f 514/416/273 512/405/273 1057/405/273 1058/416/273
f 793/2360/274 792/2363/274 1470/2363/274 1467/2360/274
f 933/390/275 932/423/275 1059/423/275 1056/390/275
f 858/2162/276 857/2160/276 1365/2160/276 1367/2162/276
f 703/1926/277 704/1923/277 1261/1923/277 1263/1926/277
f 609/1294/278 608/1288/278 1161/1288/278 1162/1294/278
f 850/2159/279 849/2163/279 1368/2163/279 1364/2159/279
f 787/2364/280 786/2362/280 1469/2362/280 1471/2364/280
f 706/1932/281 705/1925/281 1262/1925/281 1265/1932/281
f 610/1300/282 609/1294/282 1162/1294/282 1163/1300/282
f 516/432/283 514/416/283 1058/416/283 1060/432/283
f 703/1926/284 702/1934/284 1266/1934/284 1263/1926/284
f 788/2365/285 787/2364/285 1471/2364/285 1472/2365/285
f 859/2164/286 858/2162/286 1367/2162/286 1369/2164/286
f 611/1306/287 610/1300/287 1163/1300/287 1164/1306/287
f 517/440/288 516/432/288 1060/432/288 1061/440/288
f 792/2363/289 791/2366/289 1473/2366/289 1470/2363/289
f 863/2161/290 862/2165/290 1370/2165/290 1366/2161/290
f 699/1935/291 698/1927/291 1264/1927/291 1267/1935/291
f 612/1313/292 611/1306/292 1164/1306/292 1165/1313/292
f 518/445/293 517/440/293 1061/440/293 1062/445/293
f 702/1934/294 701/1936/294 1268/1936/294 1266/1934/294
f 789/2367/295 788/2365/295 1472/2365/295 1474/2367/295
f 860/2166/296 859/2164/296 1369/2164/296 1371/2166/296
f 613/1330/297 612/1313/297 1165/1313/297 1166/1330/297
f 519/452/298 518/445/298 1062/445/298 1063/452/298
f 791/2366/299 790/2368/299 1475/2368/299 1473/2366/299
f 849/2163/300 848/2167/300 1372/2167/300 1368/2163/300
f 932/423/301 931/454/301 1064/454/301 1059/423/301
f 790/2368/302 789/2367/302 1474/2367/302 1475/2368/302
f 707/1938/303 706/1932/303 1265/1932/303 1269/1938/303
f 614/1327/304 613/1330/304 1166/1330/304 1167/1327/304
f 862/2165/305 861/2168/305 1373/2168/305 1370/2165/305
f 701/1936/306 700/1940/306 1270/1940/306 1268/1936/306
f 861/2168/307 860/2166/307 1371/2166/307 1373/2168/307
f 700/1940/308 699/1935/308 1267/1935/308 1270/1940/308
f 615/1347/309 614/1327/309 1167/1327/309 1168/1347/309
f 520/464/310 519/452/310 1063/452/310 1065/464/310
f 848/2167/311 847/2169/311 1374/2169/311 1372/2167/311
f 923/1205/312 922/1354/312 1169/1354/312 1151/1205/312
f 708/1942/313 707/1938/313 1269/1938/313 1271/1942/313
f 521/470/314 520/464/314 1065/464/314 1066/470/314
f 847/2169/315 846/2170/315 1375/2170/315 1374/2169/315
f 709/1945/316 708/1942/316 1271/1942/316 1272/1945/316
f 616/2938/317 615/1347/317 1168/1347/317 1170/2938/317
f 522/477/318 521/470/318 1066/470/318 1067/477/318
f 846/2170/319 845/2171/319 1376/2171/319 1375/2170/319
f 913/1916/320 912/1950/320 1273/1950/320 1259/1916/320
f 617/1380/321 616/2938/321 1170/2938/321 1171/1380/321
f 523/482/322 522/477/322 1067/477/322 1068/482/322
f 746/2172/323 745/2157/323 1362/2157/323 1377/2172/323
f 710/1953/324 709/1945/324 1272/1945/324 1274/1953/324
f 618/1376/325 617/1380/325 1171/1380/325 1172/1376/325
f 524/489/326 523/482/326 1068/482/326 1069/489/326
f 845/2171/327 844/2173/327 1378/2173/327 1376/2171/327
f 931/454/328 930/493/328 1070/493/328 1064/454/328
f 711/1956/329 710/1953/329 1274/1953/329 1275/1956/329
f 619/1385/330 618/1376/330 1172/1376/330 1173/1385/330
f 844/2173/331 843/2174/331 1379/2174/331 1378/2173/331
f 712/1960/332 711/1956/332 1275/1956/332 1276/1960/332
f 620/1391/333 619/1385/333 1173/1385/333 1174/1391/333
f 525/502/334 524/489/334 1069/489/334 1071/502/334
f 843/2174/335 842/2175/335 1380/2175/335 1379/2174/335
f 912/1950/336 911/1963/336 1277/1963/336 1273/1950/336
f 621/1398/337 620/1391/337 1174/1391/337 1175/1398/337
f 526/509/338 525/502/338 1071/502/338 1072/509/338
f 842/2175/339 841/2176/339 1381/2176/339 1380/2175/339
f 911/1963/340 910/1967/340 1278/1967/340 1277/1963/340
f 622/1404/341 621/1398/341 1175/1398/341 1176/1404/341
f 527/513/342 526/509/342 1072/509/342 1073/513/342
f 747/2177/343 746/2172/343 1377/2172/343 1382/2177/343
f 713/1970/344 712/1960/344 1276/1960/344 1279/1970/344
f 623/1410/345 622/1404/345 1176/1404/345 1177/1410/345
f 528/519/346 527/513/346 1073/513/346 1074/519/346
f 841/2176/347 840/2178/347 1383/2178/347 1381/2176/347
f 910/1967/348 909/1973/348 1280/1973/348 1278/1967/348
f 624/1416/349 623/1410/349 1177/1410/349 1178/1416/349
f 529/526/350 528/519/350 1074/519/350 1075/526/350
f 840/2178/351 839/2179/351 1384/2179/351 1383/2178/351
f 714/1976/352 713/1970/352 1279/1970/352 1281/1976/352
f 625/1422/353 624/1416/353 1178/1416/353 1179/1422/353
f 530/535/354 529/526/354 1075/526/354 1076/535/354
f 414/2/355 405/1/355 972/1/355 973/2/355
f 909/1973/356 908/1980/356 1282/1980/356 1280/1973/356
f 930/493/357 929/540/357 1077/540/357 1070/493/357
f 626/1428/358 625/1422/358 1179/1422/358 1180/1428/358
f 421/3/359 414/2/359 973/2/359 974/3/359
f 908/1980/360 907/1983/360 1283/1983/360 1282/1980/360
f 405/1/361 399/4/361 975/4/361 972/1/361
f 831/2181/362 830/2180/362 1385/2180/362 1386/2181/362
f 627/1434/363 626/1428/363 1180/1428/363 1181/1434/363
f 531/552/364 530/535/364 1076/535/364 1078/552/364
f 830/2180/365 829/2182/365 1387/2182/365 1385/2180/365
f 715/1986/366 714/1976/366 1281/1976/366 1284/1986/366
f 628/1444/367 627/1434/367 1181/1434/367 1182/1444/367
f 532/559/368 531/552/368 1078/552/368 1079/559/368
f 426/5/369 421/3/369 974/3/369 976/5/369
f 907/1983/370 906/1990/370 1285/1990/370 1283/1983/370
f 922/1354/371 921/1456/371 1183/1456/371 1169/1354/371
f 399/4/372 390/6/372 977/6/372 975/4/372
f 832/2183/373 831/2181/373 1386/2181/373 1388/2183/373
f 533/561/374 532/559/374 1079/559/374 1080/561/374
f 829/2182/375 828/2184/375 1389/2184/375 1387/2182/375
f 906/1990/376 905/1993/376 1286/1993/376 1285/1990/376
f 629/1471/377 628/1444/377 1182/1444/377 1184/1471/377
f 534/565/378 533/561/378 1080/561/378 1081/565/378
f 428/7/379 426/5/379 976/5/379 978/7/379
f 905/1993/380 904/1996/380 1287/1996/380 1286/1993/380
f 929/540/381 928/572/381 1082/572/381 1077/540/381
f 390/6/382 383/8/382 979/8/382 977/6/382
f 833/2185/383 832/2183/383 1388/2183/383 1390/2185/383
f 630/1478/384 629/1471/384 1184/1471/384 1185/1478/384
f 839/2179/385 838/2186/385 1391/2186/385 1384/2179/385
f 716/1999/386 715/1986/386 1284/1986/386 1288/1999/386
f 631/1484/387 630/1478/387 1185/1478/387 1186/1484/387
f 535/576/388 534/565/388 1081/565/388 1083/576/388
f 432/9/389 428/7/389 978/7/389 980/9/389
f 904/1996/390 903/2003/390 1289/2003/390 1287/1996/390
f 834/2187/391 833/2185/391 1390/2185/391 1392/2187/391
f 632/1491/392 631/1484/392 1186/1484/392 1187/1491/392
f 536/580/393 535/576/393 1083/576/393 1084/580/393
f 436/10/394 432/9/394 980/9/394 981/10/394
f 828/2184/395 827/2188/395 1393/2188/395 1389/2184/395
f 903/2003/396 902/2006/396 1290/2006/396 1289/2003/396
f 383/8/397 379/11/397 982/11/397 979/8/397
f 633/1499/398 632/1491/398 1187/1491/398 1188/1499/398
f 537/583/399 536/580/399 1084/580/399 1085/583/399
f 835/2189/400 834/2187/400 1392/2187/400 1394/2189/400
f 717/2009/401 716/1999/401 1288/1999/401 1291/2009/401
f 634/1506/402 633/1499/402 1188/1499/402 1189/1506/402
f 538/587/403 537/583/403 1085/583/403 1086/587/403
f 440/12/404 436/10/404 981/10/404 983/12/404
f 838/2186/405 837/2190/405 1395/2190/405 1391/2186/405
f 902/2006/232 901/2013/232 1292/2013/232 1290/2006/232
f 379/11/406 370/13/406 984/13/406 982/11/406
f 635/1513/407 634/1506/407 1189/1506/407 1190/1513/407
f 539/590/408 538/587/408 1086/587/408 1087/590/408
f 748/2191/409 747/2177/409 1382/2177/409 1396/2191/409
f 718/2016/410 717/2009/410 1291/2009/410 1293/2016/410
f 636/1520/411 635/1513/411 1190/1513/411 1191/1520/411
f 540/594/412 539/590/412 1087/590/412 1088/594/412
f 445/14/413 440/12/413 983/12/413 985/14/413
f 837/2190/414 836/2192/414 1397/2192/414 1395/2190/414
f 901/2013/415 900/2020/415 1294/2020/415 1292/2013/415
f 921/1456/416 920/1532/416 1192/1532/416 1183/1456/416
f 836/2192/417 835/2189/417 1394/2189/417 1397/2192/417
f 541/597/418 540/594/418 1088/594/418 1089/597/418
f 449/15/419 445/14/419 985/14/419 986/15/419
f 827/2188/420 826/2193/420 1398/2193/420 1393/2188/420
f 370/13/421 340/16/421 987/16/421 984/13/421
f 719/2023/422 718/2016/422 1293/2016/422 1295/2023/422
f 637/1537/423 636/1520/423 1191/1520/423 1193/1537/423
f 542/600/424 541/597/424 1089/597/424 1090/600/424
f 900/2020/425 899/2027/425 1296/2027/425 1294/2020/425
f 749/2194/426 748/2191/426 1396/2191/426 1399/2194/426
f 638/1549/427 637/1537/427 1193/1537/427 1194/1549/427
f 543/603/428 542/600/428 1090/600/428 1091/603/428
f 452/17/429 449/15/429 986/15/429 988/17/429
f 826/2193/430 825/2195/430 1400/2195/430 1398/2193/430
f 340/16/431 325/18/431 989/18/431 987/16/431
f 720/2030/432 719/2023/432 1295/2023/432 1297/2030/432
f 639/1556/433 638/1549/433 1194/1549/433 1195/1556/433
f 544/608/434 543/603/434 1091/603/434 1092/608/434
f 825/2195/435 824/2196/435 1401/2196/435 1400/2195/435
f 899/2027/436 898/2033/436 1298/2033/436 1296/2027/436
f 640/1563/437 639/1556/437 1195/1556/437 1196/1563/437
f 545/611/438 544/608/438 1092/608/438 1093/611/438
f 458/19/439 452/17/439 988/17/439 990/19/439
f 750/2197/440 749/2194/440 1399/2194/440 1402/2197/440
f 721/2036/441 720/2030/441 1297/2030/441 1299/2036/441
f 641/1570/442 640/1563/442 1196/1563/442 1197/1570/442
f 546/614/443 545/611/443 1093/611/443 1094/614/443
f 462/20/444 458/19/444 990/19/444 991/20/444
f 824/2196/445 823/2198/445 1403/2198/445 1401/2196/445
f 920/1532/446 919/1588/446 1198/1588/446 1192/1532/446
f 722/2040/447 721/2036/447 1299/2036/447 1300/2040/447
f 547/618/448 546/614/448 1094/614/448 1095/618/448
f 464/21/449 462/20/449 991/20/449 992/21/449
f 928/572/450 927/620/450 1096/620/450 1082/572/450
f 325/18/451 306/22/451 993/22/451 989/18/451
f 751/2199/452 750/2197/452 1402/2197/452 1404/2199/452
f 723/2043/453 722/2040/453 1300/2040/453 1301/2043/453
f 752/2200/454 751/2199/454 1404/2199/454 1405/2200/454
f 724/2046/455 723/2043/455 1301/2043/455 1302/2046/455
f 642/1615/456 641/1570/456 1197/1570/456 1200/1615/456
f 548/626/457 547/618/457 1095/618/457 1097/626/457
f 468/23/458 464/21/458 992/21/458 994/23/458
f 823/2198/459 822/2201/459 1406/2201/459 1403/2198/459
f 725/2049/460 724/2046/460 1302/2046/460 1303/2049/460
f 643/1616/461 642/1615/461 1200/1615/461 1201/1616/461
f 549/627/462 548/626/462 1097/626/462 1098/627/462
f 471/27/463 468/23/463 994/23/463 995/27/463
f 753/2202/464 752/2200/464 1405/2200/464 1407/2202/464
f 726/2052/465 725/2049/465 1303/2049/465 1304/2052/465
f 659/1621/466 658/1610/466 1199/1610/466 1202/1621/466
f 550/628/467 549/627/467 1098/627/467 1099/628/467
f 472/37/468 471/27/468 995/27/468 996/37/468
f 822/2201/469 821/2203/469 1408/2203/469 1406/2201/469
f 658/1610/470 657/1625/470 1203/1625/470 1199/1610/470
f 306/22/471 274/51/471 997/51/471 993/22/471
f 727/2055/472 726/2052/472 1304/2052/472 1305/2055/472
f 551/629/473 550/628/473 1099/628/473 1100/629/473
f 754/2204/474 753/2202/474 1407/2202/474 1409/2204/474
f 728/2058/475 727/2055/475 1305/2055/475 1306/2058/475
f 660/1630/476 659/1621/476 1202/1621/476 1204/1630/476
f 552/2729/477 551/629/477 1100/629/477 1101/2729/477
f 475/57/478 472/37/478 996/37/478 998/57/478
f 821/2203/479 820/2205/479 1410/2205/479 1408/2203/479
f 657/1625/480 656/1634/480 1205/1634/480 1203/1625/480
f 729/2061/481 728/2058/481 1306/2058/481 1307/2061/481
f 553/2736/482 552/2729/482 1101/2729/482 1102/2736/482
f 476/66/483 475/57/483 998/57/483 999/66/483
f 274/51/484 21/63/484 1000/63/484 997/51/484
f 755/2206/485 754/2204/485 1409/2204/485 1411/2206/485
f 730/2064/486 729/2061/486 1307/2061/486 1308/2064/486
f 661/1639/487 660/1630/487 1204/1630/487 1206/1639/487
f 554/633/488 553/2736/488 1102/2736/488 1103/633/488
f 820/2205/489 819/2207/489 1412/2207/489 1410/2205/489
f 898/2033/490 897/2068/490 1309/2068/490 1298/2033/490
f 656/1634/491 655/1643/491 1207/1643/491 1205/1634/491
f 555/630/492 554/633/492 1103/633/492 1104/630/492
f 478/67/493 476/66/493 999/66/493 1001/67/493
f 927/620/494 926/683/494 1105/683/494 1096/620/494
f 21/63/495 971/73/495 1002/73/495 1000/63/495
f 756/2208/496 755/2206/496 1411/2206/496 1413/2208/496
f 731/2071/497 730/2064/497 1308/2064/497 1310/2071/497
f 662/1648/498 661/1639/498 1206/1639/498 1208/1648/498
f 819/2207/499 818/2209/499 1414/2209/499 1412/2207/499
f 971/73/500 970/77/500 1003/77/500 1002/73/500
f 732/2074/501 731/2071/501 1310/2071/501 1311/2074/501
f 644/1652/502 643/1616/502 1201/1616/502 1209/1652/502
f 556/675/503 555/630/503 1104/630/503 1106/675/503
f 970/77/49 969/80/49 1004/80/49 1003/77/49
f 757/2210/504 756/2208/504 1413/2208/504 1415/2210/504
f 733/2077/505 732/2074/505 1311/2074/505 1312/2077/505
f 663/1657/506 662/1648/506 1208/1648/506 1210/1657/506
f 557/2759/507 556/675/507 1106/675/507 1107/2759/507
f 818/2209/508 817/2211/508 1416/2211/508 1414/2209/508
f 897/2068/509 896/2080/509 1313/2080/509 1309/2068/509
f 655/1643/510 654/1661/510 1211/1661/510 1207/1643/510
f 969/80/511 968/83/511 1005/83/511 1004/80/511
f 558/711/512 557/2759/512 1107/2759/512 1108/711/512
f 968/83/513 967/86/513 1006/86/513 1005/83/513
f 758/2212/514 757/2210/514 1415/2210/514 1417/2212/514
f 734/2084/515 733/2077/515 1312/2077/515 1314/2084/515
f 664/1667/516 663/1657/516 1210/1657/516 1212/1667/516
f 559/708/517 558/711/517 1108/711/517 1109/708/517
f 817/2211/518 816/2213/518 1418/2213/518 1416/2211/518
f 654/1661/519 653/1671/519 1213/1671/519 1211/1661/519
f 967/86/520 966/89/520 1007/89/520 1006/86/520
f 735/2088/521 734/2084/521 1314/2084/521 1315/2088/521
f 560/720/522 559/708/522 1109/708/522 1110/720/522
f 816/2213/523 815/2214/523 1419/2214/523 1418/2213/523
f 896/2080/524 895/2091/524 1316/2091/524 1313/2080/524
f 966/89/525 965/92/525 1008/92/525 1007/89/525
f 645/1672/526 644/1652/526 1209/1652/526 1214/1672/526
f 561/730/527 560/720/527 1110/720/527 1111/730/527
f 965/92/528 964/95/528 1009/95/528 1008/92/528
f 759/2215/529 758/2212/529 1417/2212/529 1420/2215/529
f 736/2095/530 735/2088/530 1315/2088/530 1317/2095/530
f 665/1677/531 664/1667/531 1212/1667/531 1215/1677/531
f 562/757/532 561/730/532 1111/730/532 1112/757/532
f 815/2214/533 814/2216/533 1421/2216/533 1419/2214/533
f 895/2091/534 894/2099/534 1318/2099/534 1316/2091/534
f 964/95/535 963/98/535 1010/98/535 1009/95/535
f 666/1687/536 665/1677/536 1215/1677/536 1216/1687/536
f 563/786/537 562/757/537 1112/757/537 1113/786/537
f 653/1671/538 652/1691/538 1217/1691/538 1213/1671/538
f 963/98/539 962/101/539 1011/101/539 1010/98/539
f 760/2217/540 759/2215/540 1420/2215/540 1422/2217/540
f 737/2102/541 736/2095/541 1317/2095/541 1319/2102/541
f 564/783/542 563/786/542 1113/786/542 1114/783/542
f 814/2216/543 813/2218/543 1423/2218/543 1421/2216/543
f 894/2099/544 893/2106/544 1320/2106/544 1318/2099/544
f 962/101/500 961/104/500 1012/104/500 1011/101/500
f 646/1692/545 645/1672/545 1214/1672/545 1218/1692/545
f 565/795/546 564/783/546 1114/783/546 1115/795/546
f 1636/3194/547 178/63/547 1540/63/547 1537/3195/547 1535/3196/547 1532/3197/547 1526/3198/547 1527/73/547 515/73/547 1637/3199/547 1635/3197/547 1634/3200/547
f 1639/3201/548 361/3202/548 1588/3202/548 1585/3203/548 1583/3204/548 1581/3205/548 1580/3206/548 354/3207/548 1640/3205/548 1638/3208/548
f 1641/3209/549 506/3210/549 1516/3210/549 1515/3211/549 1521/3212/549 504/3212/549
f 1647/3213/550 473/3214/550 1543/3214/550 1544/3213/550 1547/3215/550 1550/3216/550 1552/3217/550 1555/3218/550 1556/3219/550 1560/3220/550 470/3220/550 1642/3221/550 1643/3218/550 1644/3222/550 1645/3216/550 1646/3223/550
f 1650/3224/551 394/3225/551 1609/3225/551 1607/3226/551 1604/3227/551 1602/3228/551 1600/3229/551 1599/3230/551 386/3230/551 1651/3229/551 1649/3228/551 1648/3231/551
f 457/3232/552 461/3233/552 1577/3233/552 1578/3232/552
f 408/3234/553 416/3235/553 1633/3235/553 1632/3234/553
f 442/3236/554 447/3237/554 1593/3237/554 1594/3238/554
f 1655/3239/555 492/3240/555 1499/3240/555 1496/3239/555 1494/3241/555 1492/3242/555 1489/3243/555 1488/3244/555 491/3245/555 1652/3246/555 1653/3247/555 1654/3248/555
f 1656/3249/556 498/3250/556 1533/3250/556 1524/3249/556 1523/3251/556 497/3251/556
f 424/3252/557 431/3253/557 1629/3253/557 1630/3252/557
f 1660/3254/558 483/3255/558 1486/3255/558 1487/3256/558 1491/3257/558 1493/3258/558 1495/3259/558 1497/3260/558 481/3260/558 1657/3261/558 1658/3262/558 1659/3257/558
f 1533/3250/559 498/3250/559 500/3263/559 1531/3263/559
f 1663/3264/560 457/3232/560 1578/3232/560 1579/3264/560 1582/3265/560 1584/3266/560 1586/3267/560 1589/3268/560 1591/3269/560 455/3269/560 1665/3268/560 1664/3270/560 1661/3271/560 1662/3272/560
f 1667/3273/561 515/73/561 1527/73/561 1520/3274/561 1514/3275/561 1513/3276/561 513/3276/561 1666/3277/561
f 1672/3278/562 339/3279/562 1573/3279/562 1570/3280/562 1568/3281/562 1566/3282/562 1564/3283/562 1562/3284/562 1561/3285/562 312/3286/562 1668/3287/562 1669/3283/562 1670/3282/562 1671/3288/562
f 1673/3289/563 442/3236/563 1594/3238/563 1595/3289/563 1598/3290/563 1601/3291/563 1603/3292/563 1606/3293/563 438/3294/563 1676/3292/563 1675/3295/563 1674/3290/563
f 422/3296/564 424/3252/564 1630/3252/564 1631/3296/564
f 1678/3297/565 479/3298/565 1509/3298/565 1510/3299/565 1517/3300/565 1522/3301/565 1530/3302/565 477/3302/565 1677/3301/565 1679/3300/565
f 1558/3303/566 469/3303/566 470/3220/566 1560/3220/566
f 416/3235/567 422/3296/567 1631/3296/567 1633/3235/567
f 1682/3304/568 494/3305/568 1511/3305/568 1504/3304/568 1502/3306/568 1500/3307/568 1499/3240/568 492/3240/568 1680/3307/568 1681/3306/568
f 1687/3308/569 477/3302/569 1530/3302/569 1529/3309/569 1534/3310/569 1536/3311/569 1538/3312/569 1541/3313/569 1546/3314/569 474/3314/569 1683/3313/569 1684/3315/569 1685/3311/569 1686/3310/569
f 1689/3316/570 372/3317/570 1596/3317/570 1590/3316/570 1587/3318/570 1588/3202/570 361/3202/570 1688/3318/570
f 1696/3319/571 469/3303/571 1558/3303/571 1559/3319/571 1563/3320/571 1565/3321/571 1567/3322/571 1569/3323/571 1571/3324/571 1574/3325/571 1576/3326/571 467/3326/571 1690/3327/571 1691/3328/571 1692/3329/571 1693/3322/571 1694/3321/571 1695/3330/571
f 1699/3331/572 402/3332/572 1618/3332/572 1616/3331/572 1614/3333/572 1612/3334/572 1610/3335/572 1609/3225/572 394/3225/572 1700/3336/572 1698/3337/572 1697/3333/572
f 1703/3338/573 481/3260/573 1497/3260/573 1498/3338/573 1501/3339/573 1503/3340/573 1509/3298/573 479/3298/573 1701/3341/573 1702/3342/573
f 451/3343/574 455/3269/574 1591/3269/574 1592/3343/574
f 1707/3344/575 487/3345/575 1477/3345/575 1476/3344/575 1479/3346/575 1482/3347/575 1484/3348/575 1490/3349/575 485/3350/575 1704/3348/575 1705/3351/575 1706/3346/575
f 1709/3352/576 497/3251/576 1523/3251/576 1518/3352/576 1512/3353/576 1511/3305/576 494/3305/576 1708/3353/576
f 1715/3354/577 438/3294/577 1606/3293/577 1605/3355/577 1608/3356/577 1611/3357/577 1613/3358/577 1615/3359/577 1617/3360/577 1620/3361/577 1622/3362/577 1624/3363/577 1627/3364/577 434/3364/577 1718/3363/577 1717/3362/577 1716/3365/577 1710/3366/577 1711/3367/577 1712/3358/577 1713/3368/577 1714/3369/577
f 1719/3370/578 504/3212/578 1521/3212/578 1519/3370/578 1528/3371/578 502/3371/578
f 1508/3372/579 509/3372/579 510/3373/579 1507/3373/579
f 1722/3374/580 261/3375/580 1551/3375/580 1548/3374/580 1545/3376/580 1542/3377/580 1539/3378/580 1540/63/580 178/63/580 1723/3379/580 1721/3377/580 1720/3380/580
f 1724/3381/581 489/3382/581 1481/3382/581 1478/3381/581 1477/3345/581 487/3345/581
f 1726/3383/582 354/3207/582 1580/3206/582 1575/3384/582 1572/3385/582 1573/3279/582 339/3279/582 1725/3385/582
f 1543/3214/583 473/3214/583 474/3314/583 1546/3314/583
f 1727/3386/584 386/3230/584 1599/3230/584 1597/3387/584 1596/3317/584 372/3317/584
f 1728/3388/585 502/3371/585 1528/3371/585 1525/3388/585 1531/3263/585 500/3263/585
f 461/3233/586 467/3326/586 1576/3326/586 1577/3233/586
f 1731/3389/587 408/3234/587 1632/3234/587 1628/3390/587 1625/3391/587 1623/3392/587 1621/3393/587 1619/3394/587 1618/3332/587 402/3332/587 1733/3394/587 1732/3395/587 1729/3392/587 1730/3396/587
f 1734/3397/588 513/3276/588 1513/3276/588 1506/3398/588 1507/3373/588 510/3373/588
f 447/3237/589 451/3343/589 1592/3343/589 1593/3237/589
f 1736/3399/590 491/3245/590 1488/3244/590 1485/3399/590 1483/3400/590 1480/3401/590 1481/3382/590 489/3382/590 1735/3402/590 1737/3400/590
f 1738/3403/591 434/3364/591 1627/3364/591 1626/3404/591 1629/3253/591 431/3253/591
f 1739/3405/592 509/3372/592 1508/3372/592 1505/3405/592 1516/3210/592 506/3210/592
f 1486/3255/593 483/3255/593 485/3350/593 1490/3349/593
f 1742/3406/594 312/3286/594 1561/3285/594 1557/3406/594 1554/3407/594 1553/3408/594 1549/3409/594 1551/3375/594 261/3375/594 1743/3409/594 1741/3408/594 1740/3407/594
f 1753/3317/595 330/3317/595 321/3202/595 1755/3202/595
f 439/3345/596 437/3350/596 1851/3350/596 1852/3410/596
f 1872/3411/597 345/3225/597 1752/3225/597 1751/3412/597 1756/3413/597 350/3332/597
f 1809/3276/598 1806/3414/598 1802/3415/598 1800/3416/598 1798/3417/598 1796/3418/598 1794/3419/598 1792/3420/598 1790/3421/598 1788/3422/598 1786/3423/598 1784/3424/598 1782/3425/598 1780/3426/598 1777/3427/598 1779/73/598 466/73/598 1873/3427/598 1874/3426/598 1875/3428/598 1876/3429/598 1877/3423/598 1878/3422/598 1879/3421/598 1880/3430/598 1881/3431/598 1882/3432/598 1883/3417/598 1884/3416/598 1885/3433/598 1886/3414/598 465/3276/598
f 450/3250/599 448/3251/599 1866/3251/599 1867/3250/599
f 1888/3434/600 459/3210/600 1830/3210/600 1827/3434/600 1824/3435/600 1823/3372/600 460/3372/600 1887/3435/600
f 443/3245/601 441/3382/601 1853/3382/601 1857/3244/601
f 1889/3436/602 385/3364/602 1805/3364/602 1804/3437/602 1807/3293/602 388/3294/602
f 1891/3438/603 453/3263/603 1854/3263/603 1846/3439/603 1843/3440/603 1842/3371/603 454/3371/603 1890/3440/603
f 1892/3441/604 222/3375/604 1769/3375/604 1764/3441/604 1765/3285/604 242/3286/604
f 1894/3442/605 401/3343/605 1825/3343/605 1826/3443/605 1828/3444/605 1832/3269/605 407/3269/605 1893/3445/605
f 1895/3446/606 418/3326/606 1844/3326/606 1845/3446/606 1847/3303/606 420/3303/606
f 1896/3447/607 429/3302/607 1871/3302/607 1860/3448/607 1861/3298/607 430/3298/607
f 1899/3449/608 375/3296/608 1761/3296/608 1760/3449/608 1767/3450/608 1770/3451/608 1774/3252/608 377/3252/608 1897/3452/608 1898/3450/608
f 1900/3453/609 295/3207/609 1759/3207/609 1754/3453/609 1755/3202/609 321/3202/609
f 427/3314/610 425/3214/610 1869/3214/610 1868/3314/610
f 1901/3454/611 407/3269/611 1832/3269/611 1831/3455/611 1835/3232/611 410/3232/611
f 437/3350/612 435/3255/612 1850/3255/612 1851/3350/612
f 1902/3456/613 350/3332/613 1756/3413/613 1757/3457/613 1762/3234/613 359/3234/613
f 1904/3458/614 463/3373/614 1817/3373/614 1815/3459/614 1811/3460/614 1810/3461/614 1809/3276/614 465/3276/614 1905/3462/614 1903/3460/614
f 429/3302/615 427/3314/615 1868/3314/615 1871/3302/615
f 1907/3463/616 388/3294/616 1807/3293/616 1808/3463/616 1812/3464/616 1814/3238/616 392/3236/616 1906/3465/616
f 1908/3466/617 444/3240/617 1863/3240/617 1864/3466/617 1870/3467/617 446/3305/617
f 1910/3468/618 133/63/618 1776/63/618 1771/3469/618 1768/3470/618 1769/3375/618 222/3375/618 1909/3471/618
f 1911/3472/619 433/3260/619 1862/3260/619 1849/3473/619 1850/3255/619 435/3255/619
f 441/3382/620 439/3345/620 1852/3410/620 1853/3382/620
f 1912/3474/621 446/3305/621 1870/3467/621 1865/3475/621 1866/3251/621 448/3251/621
f 1773/3253/622 380/3253/622 377/3252/622 1774/3252/622
f 1914/3476/623 456/3212/623 1839/3212/623 1836/3477/623 1833/3478/623 1829/3479/623 1830/3210/623 459/3210/623 1915/3479/623 1913/3478/623
f 1916/3480/624 443/3245/624 1857/3244/624 1856/3480/624 1863/3240/624 444/3240/624
f 1917/3481/625 291/3279/625 1766/3279/625 1758/3481/625 1759/3207/625 295/3207/625
f 1919/3482/626 392/3236/626 1814/3238/626 1813/3483/626 1816/3484/626 1820/3485/626 1822/3486/626 396/3237/626 1918/3487/626 1920/3488/626
f 1922/3489/627 410/3232/627 1835/3232/627 1834/3489/627 1838/3490/627 1840/3233/627 412/3233/627 1921/3490/627
f 1763/3235/628 365/3235/628 359/3234/628 1762/3234/628
f 1923/3491/629 335/3230/629 1749/3230/629 1748/3491/629 1752/3225/629 345/3225/629
f 1924/3492/630 450/3250/630 1867/3250/630 1855/3492/630 1854/3263/630 453/3263/630
f 1925/3493/631 466/73/631 1779/73/631 1775/3493/631 1776/63/631 133/63/631
f 433/3260/632 430/3298/632 1861/3298/632 1862/3260/632
f 1927/3494/633 460/3372/633 1823/3372/633 1819/3495/633 1818/3496/633 1817/3373/633 463/3373/633 1926/3497/633
f 1928/3498/634 420/3303/634 1847/3303/634 1848/3499/634 1859/3220/634 423/3220/634
f 1929/3500/635 330/3317/635 1753/3317/635 1750/3501/635 1749/3230/635 335/3230/635
f 1772/3502/636 1778/3503/636 1781/3504/636 1783/3505/636 1785/3506/636 1787/3507/636 1789/3508/636 1791/3509/636 1793/3510/636 1795/3511/636 1797/3512/636 1799/3513/636 1801/3514/636 1803/3515/636 1805/3364/636 385/3364/636 1930/3515/636 1932/3514/636 1931/3516/636 1934/3512/636 1933/3517/636 1936/3510/636 1935/3518/636 1938/3508/636 1937/3507/636 1940/3506/636 1939/3519/636 1942/3504/636 1941/3503/636 1943/3502/636 380/3253/636 1773/3253/636
f 1944/3520/637 454/3371/637 1842/3371/637 1837/3521/637 1839/3212/637 456/3212/637
f 1945/3522/638 423/3220/638 1859/3220/638 1858/3522/638 1869/3214/638 425/3214/638
f 1766/3279/639 291/3279/639 242/3286/639 1765/3285/639
f 1946/3523/640 396/3237/640 1822/3486/640 1821/3523/640 1825/3343/640 401/3343/640
f 1947/3524/641 412/3233/641 1840/3233/641 1841/3524/641 1844/3326/641 418/3326/641
f 1761/3296/642 375/3296/642 365/3235/642 1763/3235/642
f 2105/3525/643 317/3235/643 2101/3235/643 2094/3525/643 2092/3526/643 2088/3527/643 2091/3234/643 310/3234/643 2103/3527/643 2104/3528/643
f 2111/3529/644 353/3343/644 2071/3343/644 2073/3529/644 2074/3530/644 2078/3531/644 2079/3486/644 349/3237/644 2112/3532/644 2110/3530/644
f 317/3235/645 327/3296/645 2099/3296/645 2101/3235/645
f 2119/3533/646 395/3245/646 1959/3245/646 1957/3533/646 1953/3534/646 1954/3535/646 393/3382/646 2118/3536/646
f 2097/3364/647 337/3364/647 342/3294/647 2100/3294/647
f 2124/3537/648 296/3225/648 2080/3225/648 2077/3537/648 2075/3538/648 2076/3230/648 282/3230/648 2123/3538/648
f 2024/3212/649 409/3212/649 411/3210/649 2025/3210/649
f 2131/3539/650 301/3332/650 2085/3332/650 2081/3540/650 2080/3225/650 296/3225/650
f 2025/3210/651 411/3210/651 413/3372/651 2021/3372/651
f 327/3296/652 329/3252/652 2098/3252/652 2099/3296/652
f 2138/3541/653 349/3237/653 2079/3486/653 2082/3541/653 2083/3542/653 2087/3543/653 2090/3238/653 347/3236/653 2139/3544/653 2137/3545/653
f 332/3253/654 337/3364/654 2097/3364/654 2096/3253/654
f 2021/3372/655 413/3372/655 415/3373/655 2023/3373/655
f 2162/3546/656 356/3269/656 2062/3269/656 2065/3547/656 2066/3548/656 2068/3549/656 2071/3343/656 353/3343/656 2163/3550/656 2161/3551/656
f 329/3252/657 332/3253/657 2096/3253/657 2098/3252/657
f 404/3263/658 2017/3263/658 2013/3552/658 2014/3250/658 403/3250/658 2164/3553/658
f 2165/3554/659 310/3234/659 2091/3234/659 2086/3554/659 2084/3555/659 2085/3332/659 301/3332/659 2166/3555/659
f 1948/3349/660 389/3350/660 391/3345/660 1949/3345/660
f 2190/3556/661 347/3236/661 2090/3238/661 2089/3556/661 2093/3557/661 2095/3558/661 2100/3294/661 342/3294/661 2188/3558/661 2189/3559/661
f 2192/3560/662 271/3317/662 2069/3317/662 2067/3560/662 2064/3561/662 2063/3202/662 254/3202/662 2191/3561/662
f 2036/3276/663 417/3276/663 419/73/663 2035/73/663
f 2195/3562/664 393/3382/664 1954/3535/664 1951/3562/664 1949/3345/664 391/3345/664
f 2206/3563/665 282/3230/665 2076/3230/665 2072/3563/665 2070/3564/665 2069/3317/665 271/3317/665 2205/3564/665
f 2207/3565/666 389/3350/666 1948/3349/666 1950/3565/666 1955/3255/666 387/3255/666
f 2027/3371/667 406/3371/667 409/3212/667 2024/3212/667
f 364/3372/668 2231/3372/668 2233/3210/668 363/3210/668
f 2333/3566/669 328/3214/669 2264/3214/669 2266/3566/669 2271/3220/669 326/3220/669
f 2334/3567/670 251/3234/670 2318/3234/670 2315/3567/670 2317/3413/670 247/3332/670
f 2246/73/671 371/73/671 60/63/671 2247/63/671
f 2337/3568/672 341/3350/672 2230/3350/672 2229/3568/672 2234/3569/672 2236/3570/672 2238/3571/672 338/3255/672 2335/3572/672 2336/3573/672
f 2341/3574/673 358/3371/673 2226/3371/673 2220/3574/673 2218/3575/673 2213/3576/673 2214/3263/673 357/3263/673 2339/3576/673 2340/3575/673
f 2342/3577/674 334/3298/674 2250/3298/674 2249/3577/674 2251/3578/674 2255/3302/674 333/3302/674 2343/3578/674
f 2345/3579/675 229/3230/675 2300/3230/675 2296/3579/675 2293/3580/675 2294/3317/675 204/3317/675 2344/3580/675
f 2346/3581/676 289/3364/676 2328/3364/676 2329/3582/676 2332/3253/676 287/3253/676
f 2349/3583/677 326/3220/677 2271/3220/677 2270/3583/677 2272/3584/677 2274/3585/677 2279/3303/677 324/3303/677 2347/3585/677 2348/3586/677
f 2351/3587/678 346/3245/678 2217/3245/678 2216/3587/678 2219/3588/678 2225/3535/678 344/3382/678 2350/3589/678
f 2354/3590/679 287/3253/679 2332/3253/679 2330/3591/679 2331/3252/679 278/3252/679
f 2358/3592/680 367/3373/680 2243/3373/680 2240/3592/680 2237/3593/680 2235/3594/680 2232/3595/680 2231/3372/680 364/3372/680 2355/3595/680 2356/3594/680 2357/3593/680
f 2359/3596/681 256/3235/681 2324/3235/681 2320/3597/681 2318/3234/681 251/3234/681
f 2362/3598/682 97/3375/682 2256/3375/682 2254/3599/682 2252/3600/682 2248/3601/682 2247/63/682 60/63/682 2360/3602/682 2361/3600/682
f 2211/3603/683 348/3240/683 351/3305/683 2210/3305/683
f 2363/3604/684 338/3255/684 2238/3571/684 2239/3605/684 2241/3260/684 336/3260/684
f 2365/3606/685 180/3207/685 2276/3207/685 2275/3607/685 2273/3608/685 2269/3609/685 2268/3279/685 157/3279/685 2366/3609/685 2364/3610/685
f 2367/3611/686 302/3237/686 2319/3486/686 2321/3612/686 2323/3613/686 2325/3238/686 298/3236/686 2368/3613/686
f 360/3212/687 2223/3212/687 2226/3371/687 358/3371/687
f 2369/3614/688 333/3302/688 2255/3302/688 2253/3615/688 2257/3616/688 2261/3314/688 331/3314/688 2370/3617/688
f 2372/3618/689 234/3225/689 2306/3225/689 2304/3619/689 2302/3620/689 2298/3621/689 2300/3230/689 229/3230/689 2373/3621/689 2371/3620/689
f 2222/3410/690 343/3345/690 344/3382/690 2225/3535/690
f 2377/3622/691 314/3232/691 2301/3232/691 2303/3622/691 2305/3623/691 2308/3624/691 2310/3625/691 2313/3269/691 309/3269/691 2374/3625/691 2375/3624/691 2376/3623/691
f 2210/3305/692 351/3305/692 352/3251/692 2215/3251/692
f 2378/3626/693 200/3202/693 2282/3202/693 2281/3627/693 2278/3628/693 2276/3207/693 180/3207/693 2379/3629/693
f 2243/3373/694 367/3373/694 369/3276/694 2242/3276/694
f 2382/3630/695 324/3303/695 2279/3303/695 2277/3631/695 2280/3632/695 2284/3633/695 2285/3326/695 322/3326/695 2380/3634/695 2381/3635/695
f 2383/3636/696 267/3296/696 2327/3296/696 2322/3637/696 2324/3235/696 256/3235/696
f 2385/3638/697 148/3286/697 2265/3286/697 2263/3638/697 2260/3639/697 2258/3640/697 2256/3375/697 97/3375/697 2386/3641/697 2384/3642/697
f 2215/3251/698 352/3251/698 355/3250/698 2212/3250/698
f 293/3294/699 298/3236/699 2325/3238/699 2326/3294/699
f 2388/3643/700 363/3210/700 2233/3210/700 2228/3644/700 2224/3645/700 2223/3212/700 360/3212/700 2387/3646/700
f 2390/3647/701 331/3314/701 2261/3314/701 2259/3648/701 2262/3649/701 2264/3214/701 328/3214/701 2389/3650/701
f 2393/3651/702 247/3332/702 2317/3413/702 2311/3651/702 2309/3652/702 2307/3653/702 2306/3225/702 234/3225/702 2391/3653/702 2392/3654/702
f 2394/3655/703 348/3240/703 2211/3603/703 2209/3655/703 2217/3245/703 346/3245/703
f 2395/3656/704 371/73/704 2246/73/704 2245/3657/704 2242/3276/704 369/3276/704
f 2397/3658/705 343/3345/705 2222/3410/705 2221/3659/705 2227/3660/705 2230/3350/705 341/3350/705 2396/3661/705
f 2398/3662/706 309/3269/706 2313/3269/706 2312/3663/706 2314/3343/706 305/3343/706
f 2399/3664/707 336/3260/707 2241/3260/707 2244/3664/707 2250/3298/707 334/3298/707
f 2401/3665/708 204/3317/708 2294/3317/708 2290/3665/708 2288/3666/708 2286/3667/708 2283/3668/708 2282/3202/708 200/3202/708 2403/3668/708 2402/3667/708 2400/3669/708
f 2407/3670/709 322/3326/709 2285/3326/709 2287/3671/709 2289/3672/709 2291/3673/709 2292/3674/709 2295/3233/709 319/3233/709 2404/3674/709 2405/3673/709 2406/3675/709
f 267/3296/710 278/3252/710 2331/3252/710 2327/3296/710
f 2408/3676/711 157/3279/711 2268/3279/711 2267/3676/711 2265/3286/711 148/3286/711
f 2212/3250/712 355/3250/712 357/3263/712 2214/3263/712
f 2668/63/713 240/63/713 2606/63/713 2603/63/713 2602/63/713 2599/63/713 2597/63/713 2594/63/713 2593/63/713 2592/63/713 244/63/713 2670/63/713 2669/63/713 2666/63/713 2665/63/713 2667/63/713
f 2672/63/714 280/63/714 2494/63/714 2490/63/714 2489/63/714 2488/63/714 284/63/714 2671/63/714
f 2675/63/715 265/63/715 2527/63/715 2523/63/715 2521/63/715 2518/63/715 2517/63/715 2516/63/715 268/63/715 2676/63/715 2674/63/715 2673/63/715
f 2684/63/716 162/63/716 2598/63/716 2600/63/716 2601/63/716 2604/63/716 2605/63/716 2608/63/716 2610/63/716 2612/63/716 2614/63/716 2616/63/716 2618/63/716 2620/63/716 2622/63/716 2624/63/716 2626/63/716 165/63/716 2689/63/716 2688/63/716 2687/63/716 2686/63/716 2685/63/716 2679/63/716 2678/63/716 2677/63/716 2680/63/716 2681/63/716 2682/63/716 2683/63/716
f 2414/63/717 303/63/717 300/63/717 2415/63/717
f 2695/63/718 252/63/718 2564/63/718 2561/63/718 2560/63/718 2557/63/718 2554/63/718 2553/63/718 2551/63/718 2550/63/718 258/63/718 2690/63/718 2691/63/718 2692/63/718 2693/63/718 2694/63/718
f 2697/63/719 292/63/719 2457/63/719 2455/63/719 2452/63/719 2453/63/719 294/63/719 2696/63/719
f 2701/63/720 323/63/720 2515/63/720 2514/63/720 2519/63/720 2520/63/720 2522/63/720 2525/63/720 1/63/720 2698/63/720 2699/63/720 2700/63/720
f 2707/63/721 307/63/721 2412/63/721 2411/63/721 2417/63/721 2419/63/721 2421/63/721 2423/63/721 2425/63/721 2427/63/721 2429/63/721 308/63/721 2702/63/721 2704/63/721 2703/63/721 2705/63/721 2706/63/721 2708/63/721
f 2710/63/722 277/63/722 2502/63/722 2499/63/722 2496/63/722 2495/63/722 2494/63/722 280/63/722 2711/63/722 2709/63/722
f 2718/63/723 119/63/723 2556/63/723 2558/63/723 2559/63/723 2562/63/723 2563/63/723 2566/63/723 2569/63/723 2570/63/723 2572/63/723 125/63/723 2712/63/723 2713/63/723 2714/63/723 2715/63/723 2716/63/723 2717/63/723
f 2720/63/724 227/63/724 2658/63/724 2654/63/724 2653/63/724 2652/63/724 230/63/724 2719/63/724
f 2724/63/725 316/63/725 2493/63/725 2492/63/725 2497/63/725 2498/63/725 2501/63/725 2504/63/725 318/63/725 2721/63/725 2722/63/725 2723/63/725
f 2726/63/726 192/63/726 2657/63/726 2656/63/726 2661/63/726 2663/63/726 199/63/726 2725/63/726
f 2733/63/727 290/63/727 2479/63/727 2477/63/727 2475/63/727 2473/63/727 2470/63/727 2468/63/727 2466/63/727 2464/63/727 2462/63/727 2460/63/727 2458/63/727 2457/63/727 292/63/727 2736/63/727 2734/63/727 2735/63/727 2728/63/727 2727/63/727 2729/63/727 2730/63/727 2731/63/727 2732/63/727
f 2745/63/728 236/63/728 2635/63/728 2634/63/728 2632/63/728 2630/63/728 2627/63/728 2625/63/728 2623/63/728 2621/63/728 2619/63/728 2617/63/728 2615/63/728 2613/63/728 2611/63/728 2609/63/728 2607/63/728 2606/63/728 240/63/728 2750/63/728 2749/63/728 2748/63/728 2747/63/728 2746/63/728 2740/63/728 2739/63/728 2738/63/728 2737/63/728 2741/63/728 2742/63/728 2743/63/728 2744/63/728
f 2754/63/729 313/63/729 2471/63/729 2472/63/729 2474/63/729 2476/63/729 2478/63/729 2482/63/729 315/63/729 2751/63/729 2752/63/729 2753/63/729
f 2761/63/730 263/63/730 2543/63/730 2540/63/730 2538/63/730 2536/63/730 2533/63/730 2531/63/730 2529/63/730 2526/63/730 2527/63/730 265/63/730 2756/63/730 2755/63/730 2757/63/730 2758/63/730 2759/63/730 2760/63/730
f 2765/63/731 165/63/731 2626/63/731 2628/63/731 2629/63/731 2631/63/731 2633/63/731 2637/63/731 2638/63/731 2641/63/731 175/63/731 2767/63/731 2766/63/731 2763/63/731 2762/63/731 2764/63/731
f 2775/63/732 299/63/732 2434/63/732 2431/63/732 2428/63/732 2426/63/732 2424/63/732 2422/63/732 2420/63/732 2418/63/732 2416/63/732 2415/63/732 300/63/732 2769/63/732 2768/63/732 2770/63/732 2771/63/732 2772/63/732 2773/63/732 2774/63/732
f 2782/63/733 248/63/733 2580/63/733 2577/63/733 2575/63/733 2573/63/733 2571/63/733 2568/63/733 2567/63/733 2565/63/733 2564/63/733 252/63/733 2777/63/733 2776/63/733 2778/63/733 2779/63/733 2780/63/733 2781/63/733
f 1/63/734 2525/63/734 2524/63/734 2528/63/734 2530/63/734 2532/63/734 2534/63/734 43/63/734 2783/63/734 2784/63/734 2785/63/734 2786/63/734
f 2788/63/735 273/63/735 2508/63/735 2505/63/735 2500/63/735 2502/63/735 277/63/735 2787/63/735
f 2795/63/736 125/63/736 2572/63/736 2574/63/736 2576/63/736 2578/63/736 2579/63/736 2583/63/736 2585/63/736 2586/63/736 2588/63/736 143/63/736 2789/63/736 2790/63/736 2791/63/736 2792/63/736 2793/63/736 2794/63/736
f 2797/63/737 212/63/737 2664/63/737 2660/63/737 2659/63/737 2658/63/737 227/63/737 2796/63/737
f 2801/63/738 297/63/738 2447/63/738 2444/63/738 2442/63/738 2440/63/738 2438/63/738 2436/63/738 2433/63/738 2434/63/738 299/63/738 2803/63/738 2802/63/738 2799/63/738 2798/63/738 2800/63/738
f 2806/63/739 318/63/739 2504/63/739 2503/63/739 2507/63/739 2510/63/739 2511/63/739 320/63/739 2804/63/739 2805/63/739
f 210/63/740 199/63/740 2663/63/740 2662/63/740
f 2807/63/741 288/63/741 2483/63/741 2480/63/741 2479/63/741 290/63/741
f 2811/63/742 43/63/742 2534/63/742 2535/63/742 2537/63/742 2539/63/742 2542/63/742 2544/63/742 92/63/742 2808/63/742 2809/63/742 2810/63/742
f 2813/63/743 232/63/743 2644/63/743 2642/63/743 2639/63/743 2636/63/743 2635/63/743 236/63/743 2814/63/743 2812/63/743
f 2823/63/744 308/63/744 2429/63/744 2430/63/744 2432/63/744 2435/63/744 2437/63/744 2439/63/744 2441/63/744 2443/63/744 2445/63/744 2448/63/744 2451/63/744 311/63/744 2815/63/744 2816/63/744 2817/63/744 2818/63/744 2819/63/744 2820/63/744 2821/63/744 2822/63/744
f 212/63/745 210/63/745 2662/63/745 2664/63/745
f 2825/63/746 175/63/746 2641/63/746 2640/63/746 2643/63/746 2646/63/746 2648/63/746 186/63/746 2826/63/746 2824/63/746
f 2830/63/747 244/63/747 2592/63/747 2589/63/747 2587/63/747 2584/63/747 2582/63/747 2581/63/747 2580/63/747 248/63/747 2831/63/747 2828/63/747 2827/63/747 2829/63/747
f 2833/63/748 284/63/748 2488/63/748 2486/63/748 2484/63/748 2483/63/748 288/63/748 2832/63/748
f 2835/63/749 268/63/749 2516/63/749 2513/63/749 2509/63/749 2506/63/749 2508/63/749 273/63/749 2836/63/749 2834/63/749
f 2839/63/750 143/63/750 2588/63/750 2590/63/750 2591/63/750 2595/63/750 2596/63/750 2598/63/750 162/63/750 2840/63/750 2838/63/750 2837/63/750
f 2412/63/751 307/63/751 304/63/751 2413/63/751
f 2844/63/752 315/63/752 2482/63/752 2481/63/752 2485/63/752 2487/63/752 2491/63/752 2493/63/752 316/63/752 2841/63/752 2842/63/752 2843/63/752
f 2846/63/753 258/63/753 2550/63/753 2548/63/753 2546/63/753 2541/63/753 2543/63/753 263/63/753 2847/63/753 2845/63/753
f 2849/63/754 294/63/754 2453/63/754 2449/63/754 2446/63/754 2447/63/754 297/63/754 2848/63/754
f 2850/63/755 320/63/755 2511/63/755 2512/63/755 2515/63/755 323/63/755
f 2855/63/756 92/63/756 2544/63/756 2545/63/756 2547/63/756 2549/63/756 2552/63/756 2555/63/756 2556/63/756 119/63/756 2851/63/756 2852/63/756 2853/63/756 2854/63/756
f 2857/63/757 230/63/757 2652/63/757 2649/63/757 2647/63/757 2645/63/757 2644/63/757 232/63/757 2858/63/757 2856/63/757
f 2867/63/758 311/63/758 2451/63/758 2450/63/758 2454/63/758 2456/63/758 2459/63/758 2461/63/758 2463/63/758 2465/63/758 2467/63/758 2469/63/758 2471/63/758 313/63/758 2859/63/758 2860/63/758 2861/63/758 2862/63/758 2863/63/758 2864/63/758 2865/63/758 2866/63/758
f 2413/63/759 304/63/759 303/63/759 2414/63/759
f 2869/63/760 186/63/760 2648/63/760 2650/63/760 2651/63/760 2655/63/760 2657/63/760 192/63/760 2870/63/760 2868/63/760
f 4195/63/10 2880/63/10 276/63/10 109/63/10
f 2881/63/10 4195/63/10 109/63/10 279/63/10
f 154/63/761 158/63/761 2943/63/761 2944/63/761
f 2880/63/10 4192/63/10 107/63/10 276/63/10
f 4192/63/2 2879/63/2 275/63/2 107/63/2
f 2957/63/762 2955/63/762 2954/63/762 2953/63/762 2952/63/762 2951/63/762 2950/63/762 2949/63/762 2948/63/762 2947/63/762 2946/63/762 2945/63/762 2942/63/762 2943/63/762 158/63/762 3043/63/762 3044/63/762 3045/63/762 3046/63/762 3047/63/762 3048/63/762 3049/63/762 3050/63/762 3051/63/762 3052/63/762 3053/63/762 3054/63/762 160/63/762
f 2903/63/763 2902/63/763 2901/63/763 2900/63/763 2899/63/763 2898/63/763 2897/63/763 2895/63/763 2896/63/763 34/63/763 3061/63/763 3060/63/763 3059/63/763 3058/63/763 3057/63/763 3055/63/763 3056/63/763 52/63/763
f 4191/63/2 2874/63/2 272/63/2 105/63/2
f 2879/63/10 4191/63/10 105/63/10 275/63/10
f 2961/63/764 2958/63/764 2956/63/764 2957/63/764 160/63/764 3090/63/764 3089/63/764 167/63/764
f 4310/63/765 3104/63/765 4309/63/765 4278/63/765 2959/63/765 4279/63/765
f 4312/63/766 3101/63/766 4311/63/766 4282/63/766 2964/63/766 4283/63/766
f 3098/63/767 4313/63/767 4286/63/767 2969/63/767 4287/63/767 4314/63/767
f 2974/63/2 196/63/2 4315/63/2 4292/63/2
f 2874/63/10 4188/63/10 102/63/10 272/63/10
f 4188/63/10 2873/63/10 270/63/10 102/63/10
f 2908/63/768 2906/63/768 2905/63/768 2904/63/768 2903/63/768 52/63/768 3105/63/768 3106/63/768 3107/63/768 64/63/768
f 2873/63/10 4187/63/10 101/63/10 270/63/10
f 4187/63/2 2872/63/2 269/63/2 101/63/2
f 2972/63/769 2971/63/769 2970/63/769 2968/63/769 2967/63/769 2966/63/769 2965/63/769 2963/63/769 2962/63/769 2960/63/769 2961/63/769 167/63/769 3120/63/769 3118/63/769 3119/63/769 3116/63/769 3115/63/769 3117/63/769 3113/63/769 3112/63/769 3114/63/769 170/63/769
f 2916/63/770 2914/63/770 2913/63/770 2912/63/770 2911/63/770 2910/63/770 2909/63/770 2907/63/770 2908/63/770 64/63/770 3127/63/770 3126/63/770 3121/63/770 3122/63/770 3123/63/770 3124/63/770 3125/63/770 81/63/770
f 4185/63/2 2871/63/2 266/63/2 99/63/2
f 2872/63/10 4185/63/10 99/63/10 269/63/10
f 2989/63/771 2984/63/771 2982/63/771 2980/63/771 2978/63/771 2976/63/771 2973/63/771 2972/63/771 170/63/771 3131/63/771 3130/63/771 3132/63/771 3133/63/771 3134/63/771 3135/63/771 173/63/771
f 2920/63/772 2918/63/772 2917/63/772 2915/63/772 2916/63/772 81/63/772 3138/63/772 3136/63/772 3137/63/772 106/63/772
f 3143/63/773 196/63/773 2974/63/773 2975/63/773 2977/63/773 2979/63/773 2981/63/773 2983/63/773 2985/63/773 194/63/773 3139/63/773 3140/63/773 3141/63/773 3142/63/773
f 2871/63/10 4184/63/10 96/63/10 266/63/10
f 106/63/774 122/63/774 2922/63/774 2920/63/774
f 177/63/775 2986/63/775 2989/63/775 173/63/775
f 286/63/2 118/63/2 4189/63/2 2878/63/2
f 118/63/2 14/63/2 2875/63/2 4189/63/2
f 3022/63/776 3019/63/776 3017/63/776 3015/63/776 3013/63/776 3011/63/776 3009/63/776 3007/63/776 3005/63/776 3003/63/776 3001/63/776 2999/63/776 2997/63/776 2995/63/776 2993/63/776 2991/63/776 2987/63/776 2986/63/776 177/63/776 3188/63/776 3187/63/776 3186/63/776 3185/63/776 3184/63/776 3173/63/776 3174/63/776 3175/63/776 3176/63/776 3177/63/776 3178/63/776 3179/63/776 3180/63/776 3181/63/776 3182/63/776 3183/63/776 182/63/776
f 122/63/777 131/63/777 2921/63/777 2922/63/777
f 4341/63/2 25/63/2 2883/63/2 4211/63/2
f 285/63/2 116/63/2 4190/63/2 2877/63/2
f 2878/63/10 4190/63/10 116/63/10 286/63/10
f 2932/63/778 2930/63/778 2929/63/778 2928/63/778 2927/63/778 2926/63/778 2925/63/778 2924/63/778 2923/63/778 2919/63/778 2921/63/778 131/63/778 3211/63/778 3212/63/778 3213/63/778 3214/63/778 3215/63/778 3216/63/778 3217/63/778 3218/63/778 3219/63/778 137/63/778
f 185/63/779 191/63/779 3020/63/779 3021/63/779
f 4193/63/10 2876/63/10 283/63/10 114/63/10
f 2877/63/10 4193/63/10 114/63/10 285/63/10
f 182/63/780 185/63/780 3021/63/780 3022/63/780
f 2939/63/781 2937/63/781 2936/63/781 2935/63/781 2934/63/781 2933/63/781 2931/63/781 2932/63/781 137/63/781 3225/63/781 3226/63/781 3221/63/781 3222/63/781 3223/63/781 3224/63/781 147/63/781
f 2876/63/10 4194/63/10 112/63/10 283/63/10
f 4194/63/2 2882/63/2 281/63/2 112/63/2
f 2944/63/782 2941/63/782 2940/63/782 2938/63/782 2939/63/782 147/63/782 3230/63/782 3228/63/782 3229/63/782 154/63/782
f 2882/63/10 4196/63/10 110/63/10 281/63/10
f 4196/63/2 2881/63/2 279/63/2 110/63/2
f 2896/63/783 2894/63/783 2893/63/783 2892/63/783 2891/63/783 2890/63/783 2889/63/783 2888/63/783 2887/63/783 2886/63/783 2885/63/783 2884/63/783 2883/63/783 25/63/783 3254/63/783 3252/63/783 3253/63/783 3255/63/783 3256/63/783 3257/63/783 3258/63/783 3259/63/783 3260/63/783 3261/63/783 3262/63/783 34/63/783
f 225/63/784 223/63/784 3714/63/784 3715/63/784
f 3728/63/785 201/63/785 3679/63/785 3678/63/785 3681/63/785 3683/63/785 3685/63/785 3687/63/785 3688/63/785 3692/63/785 3694/63/785 3696/63/785 3699/63/785 202/63/785 3720/63/785 3721/63/785 3722/63/785 3723/63/785 3724/63/785 3725/63/785 3726/63/785 3727/63/785
f 3733/63/786 189/63/786 3600/63/786 3598/63/786 3601/63/786 3603/63/786 3605/63/786 3607/63/786 3612/63/786 190/63/786 3729/63/786 3730/63/786 3732/63/786 3731/63/786
f 3741/63/787 172/63/787 3499/63/787 3497/63/787 3500/63/787 3503/63/787 3504/63/787 3506/63/787 3508/63/787 3510/63/787 3512/63/787 3516/63/787 174/63/787 3734/63/787 3735/63/787 3736/63/787 3737/63/787 3738/63/787 3739/63/787 3740/63/787
f 226/63/784 225/63/784 3715/63/784 3709/63/784
f 3750/63/788 103/63/788 3619/63/788 3616/63/788 3614/63/788 3611/63/788 3608/63/788 3609/63/788 111/63/788 3751/63/788 3748/63/788 3749/63/788
f 3757/63/789 129/63/789 3536/63/789 3532/63/789 3530/63/789 3528/63/789 3525/63/789 3523/63/789 3521/63/789 3519/63/789 3515/63/789 3517/63/789 134/63/789 3759/63/789 3758/63/789 3752/63/789 3753/63/789 3754/63/789 3755/63/789 3756/63/789
f 8/63/784 226/63/784 3709/63/784 3711/63/784
f 3763/63/790 190/63/790 3612/63/790 3610/63/790 3613/63/790 3615/63/790 3617/63/790 3621/63/790 193/63/790 3760/63/790 3761/63/790 3762/63/790
f 3768/63/780 38/63/780 3716/63/780 3698/63/780 3700/63/780 45/63/780
f 3775/63/791 176/63/791 3526/63/791 3524/63/791 3527/63/791 3529/63/791 3533/63/791 179/63/791 3773/63/791 3774/63/791
f 3779/63/792 32/63/792 3719/63/792 3708/63/792 3716/63/792 38/63/792
f 3783/63/793 8/63/793 3711/63/793 3710/63/793 3717/63/793 10/63/793
f 206/63/784 205/63/784 3701/63/784 3702/63/784
f 3787/63/794 193/63/794 3621/63/794 3620/63/794 3623/63/794 3625/63/794 3628/63/794 3632/63/794 195/63/794 3784/63/794 3785/63/794 3786/63/794
f 20/63/795 10/63/795 3717/63/795 3718/63/795
f 209/63/784 206/63/784 3702/63/784 3703/63/784
f 3814/63/796 179/63/796 3533/63/796 3531/63/796 3534/63/796 3537/63/796 3539/63/796 3541/63/796 3543/63/796 3545/63/796 3547/63/796 3549/63/796 3551/63/796 3553/63/796 181/63/796 3805/63/796 3806/63/796 3807/63/796 3808/63/796 3809/63/796 3810/63/796 3811/63/796 3812/63/796 3813/63/796
f 32/63/797 20/63/797 3718/63/797 3719/63/797
f 3826/63/798 87/63/798 3637/63/798 3634/63/798 3631/63/798 3629/63/798 3626/63/798 3627/63/798 91/63/798 3823/63/798 3824/63/798 3825/63/798
f 211/63/784 209/63/784 3703/63/784 3704/63/784
f 3829/63/799 195/63/799 3632/63/799 3630/63/799 3633/63/799 3636/63/799 3638/63/799 197/63/799 3827/63/799 3828/63/799
f 3831/63/800 181/63/800 3553/63/800 3554/63/800 3556/63/800 3558/63/800 183/63/800 3830/63/800
f 213/63/784 211/63/784 3704/63/784 3705/63/784
f 3854/63/801 77/63/801 3655/63/801 3651/63/801 3649/63/801 3647/63/801 3645/63/801 3643/63/801 3641/63/801 3640/63/801 3635/63/801 3637/63/801 87/63/801 3848/63/801 3847/63/801 3849/63/801 3850/63/801 3851/63/801 3852/63/801 3853/63/801
f 214/63/784 213/63/784 3705/63/784 3706/63/784
f 3874/63/802 197/63/802 3638/63/802 3639/63/802 3642/63/802 3644/63/802 3646/63/802 3648/63/802 3650/63/802 3652/63/802 3654/63/802 3657/63/802 3659/63/802 3661/63/802 3663/63/802 3665/63/802 3667/63/802 3669/63/802 198/63/802 3861/63/802 3862/63/802 3863/63/802 3864/63/802 3865/63/802 3866/63/802 3867/63/802 3868/63/802 3869/63/802 3870/63/802 3871/63/802 3872/63/802 3873/63/802
f 3877/63/803 183/63/803 3558/63/803 3559/63/803 3562/63/803 3564/63/803 3567/63/803 184/63/803 3875/63/803 3876/63/803
f 3886/63/804 140/63/804 3474/63/804 3471/63/804 3469/63/804 3467/63/804 3465/63/804 3463/63/804 3461/63/804 3459/63/804 3456/63/804 3453/63/804 3454/63/804 145/63/804 3880/63/804 3878/63/804 3879/63/804 3881/63/804 3882/63/804 3883/63/804 3884/63/804 3885/63/804
f 217/63/784 214/63/784 3706/63/784 3707/63/784
f 3891/63/805 184/63/805 3567/63/805 3566/63/805 3569/63/805 3571/63/805 3573/63/805 3576/63/805 3579/63/805 187/63/805 3887/63/805 3888/63/805 3889/63/805 3890/63/805
f 3906/63/806 70/63/806 3668/63/806 3664/63/806 3662/63/806 3660/63/806 3658/63/806 3656/63/806 3653/63/806 3655/63/806 77/63/806 3907/63/806 3902/63/806 3903/63/806 3904/63/806 3905/63/806
f 219/63/784 217/63/784 3707/63/784 3712/63/784
f 3910/63/807 59/63/807 3674/63/807 3672/63/807 3670/63/807 3666/63/807 3668/63/807 70/63/807 3908/63/807 3909/63/807
f 3913/63/808 113/63/808 3594/63/808 3592/63/808 3590/63/808 3588/63/808 3586/63/808 3584/63/808 3582/63/808 3580/63/808 3577/63/808 3574/63/808 3575/63/808 121/63/808 3919/63/808 3918/63/808 3917/63/808 3915/63/808 3916/63/808 3914/63/808 3911/63/808 3912/63/808
f 221/63/784 219/63/784 3712/63/784 3713/63/784
f 3932/63/809 198/63/809 3669/63/809 3671/63/809 3673/63/809 3676/63/809 3679/63/809 201/63/809 3930/63/809 3931/63/809
f 3941/63/810 187/63/810 3579/63/810 3578/63/810 3581/63/810 3583/63/810 3585/63/810 3587/63/810 3589/63/810 3591/63/810 3593/63/810 3596/63/810 3600/63/810 189/63/810 3933/63/810 3934/63/810 3935/63/810 3936/63/810 3937/63/810 3938/63/810 3939/63/810 3940/63/810
f 223/63/784 221/63/784 3713/63/784 3714/63/784
f 3690/63/811 3686/63/811 3684/63/811 3682/63/811 3680/63/811 3677/63/811 3675/63/811 3674/63/811 59/63/811 3952/63/811 3951/63/811 3953/63/811 3954/63/811 3955/63/811 3956/63/811 48/63/811
f 3960/63/812 111/63/812 3609/63/812 3606/63/812 3604/63/812 3602/63/812 3599/63/812 3597/63/812 3595/63/812 3594/63/812 113/63/812 3961/63/812 3962/63/812 3957/63/812 3958/63/812 3959/63/812
f 4068/63/813 128/63/813 4066/63/813 4062/63/813 4061/63/813 126/63/813
f 4069/63/814 29/63/814 3988/63/814 3987/63/814 3992/63/814 27/63/814
f 4071/63/815 98/63/815 4023/63/815 4021/63/815 4017/63/815 4018/63/815 95/63/815 4070/63/815
f 3975/63/816 54/63/816 56/63/816 3977/63/816
f 135/63/817 136/63/817 4064/63/817 4063/63/817
f 4073/63/818 4/63/818 4019/63/818 4020/63/818 4022/63/818 4025/63/818 155/63/818 4072/63/818
f 4074/63/819 123/63/819 4056/63/819 4051/63/819 4052/63/819 120/63/819
f 3979/63/820 39/63/820 41/63/820 3980/63/820
f 4076/63/821 85/63/821 4006/63/821 4005/63/821 4001/63/821 4002/63/821 83/63/821 4075/63/821
f 4077/63/822 142/63/822 4053/63/822 4054/63/822 4059/63/822 141/63/822
f 4079/63/823 16/63/823 4004/63/823 4003/63/823 4007/63/823 4011/63/823 12/63/823 4078/63/823
f 4080/63/824 115/63/824 4041/63/824 4037/63/824 4036/63/824 108/63/824
f 4081/63/825 75/63/825 3994/63/825 3989/63/825 3990/63/825 69/63/825
f 4083/63/826 149/63/826 4040/63/826 4039/63/826 4044/63/826 4046/63/826 146/63/826 4082/63/826
f 128/63/827 130/63/827 4065/63/827 4066/63/827
f 4084/63/828 27/63/828 3992/63/828 3991/63/828 3996/63/828 23/63/828
f 4085/63/829 100/63/829 4028/63/829 4024/63/829 4023/63/829 98/63/829
f 4086/63/830 62/63/830 3982/63/830 3976/63/830 3977/63/830 56/63/830
f 132/63/831 135/63/831 4063/63/831 4067/63/831
f 4087/63/832 155/63/832 4025/63/832 4026/63/832 4029/63/832 153/63/832
f 4088/63/833 124/63/833 4060/63/833 4055/63/833 4056/63/833 123/63/833
f 4089/63/216 39/63/216 3979/63/216 3978/63/216 3984/63/216 36/63/216
f 85/63/834 88/63/834 4009/63/834 4006/63/834
f 130/63/835 132/63/835 4067/63/835 4065/63/835
f 4057/63/836 139/63/836 141/63/836 4059/63/836
f 4091/63/837 12/63/837 4011/63/837 4010/63/837 4013/63/837 4016/63/837 5/63/837 4090/63/837
f 4093/63/838 117/63/838 4047/63/838 4043/63/838 4042/63/838 4041/63/838 115/63/838 4092/63/838
f 4094/63/839 78/63/839 3997/63/839 3993/63/839 3994/63/839 75/63/839
f 4095/63/840 146/63/840 4046/63/840 4045/63/840 4050/63/840 144/63/840
f 3973/63/841 47/63/841 50/63/841 3974/63/841
f 4096/63/166 23/63/166 3996/63/166 3995/63/166 4000/63/166 18/63/166
f 4097/63/842 104/63/842 4032/63/842 4027/63/842 4028/63/842 100/63/842
f 4098/63/843 67/63/843 3986/63/843 3981/63/843 3982/63/843 62/63/843
f 4100/63/844 153/63/844 4029/63/844 4030/63/844 4033/63/844 4035/63/844 151/63/844 4099/63/844
f 124/63/845 126/63/845 4061/63/845 4060/63/845
f 4101/63/846 36/63/846 3984/63/846 3983/63/846 3988/63/846 29/63/846
f 4103/63/847 95/63/847 4018/63/847 4014/63/847 4012/63/847 4008/63/847 4009/63/847 88/63/847 4104/63/847 4102/63/847
f 3974/63/848 50/63/848 54/63/848 3975/63/848
f 4105/63/849 139/63/849 4057/63/849 4058/63/849 4064/63/849 136/63/849
f 4106/63/850 5/63/850 4016/63/850 4015/63/850 4019/63/850 4/63/850
f 4107/63/851 120/63/851 4052/63/851 4048/63/851 4047/63/851 117/63/851
f 4108/63/852 47/63/852 3973/63/852 3972/63/852 3980/63/852 41/63/852
f 4109/63/853 83/63/853 4002/63/853 3998/63/853 3997/63/853 78/63/853
f 4110/63/854 144/63/854 4050/63/854 4049/63/854 4053/63/854 142/63/854
f 4111/63/855 18/63/855 4000/63/855 3999/63/855 4004/63/855 16/63/855
f 4113/63/224 108/63/224 4036/63/224 4034/63/224 4031/63/224 4032/63/224 104/63/224 4112/63/224
f 4114/63/856 69/63/856 3990/63/856 3985/63/856 3986/63/856 67/63/856
f 4115/63/857 151/63/857 4035/63/857 4038/63/857 4040/63/857 149/63/857
f 86/63/858 4131/63/858 4130/63/858 4138/63/858 4142/63/858 84/63/858 4375/63/858 4376/63/858
f 55/63/859 4208/63/859 4209/63/859 4212/63/859 4213/63/859 4214/63/859 4215/63/859 4216/63/859 4217/63/859 4218/63/859 4219/63/859 4220/63/859 4221/63/859 4222/63/859 4223/63/859 4224/63/859 4225/63/859 4226/63/859 4227/63/859 4228/63/859 4229/63/859 53/63/859 4377/63/859 4378/63/859 4379/63/859 4380/63/859 4381/63/859 4382/63/859 4383/63/859 4384/63/859 4385/63/859 4386/63/859 4387/63/859 4388/63/859 4389/63/859 4390/63/859 4391/63/859 4392/63/859 4393/63/859 4394/63/859
f 4133/63/539 68/63/539 71/63/539 4135/63/539
f 4123/63/860 4139/63/860 4145/63/860 4149/63/860 4153/63/860 4157/63/860 4162/63/860 4167/63/860 4173/63/860 4177/63/860 4182/63/860 4199/63/860 4201/63/860 4203/63/860 4205/63/860 57/63/860 4419/63/860 4421/63/860 4420/63/860 4422/63/860 4423/63/860 4426/63/860 4424/63/860 4425/63/860 4428/63/860 4427/63/860 4430/63/860 4429/63/860 4431/63/860 4432/63/860 58/63/860 4126/63/860
f 4230/63/861 4231/63/861 4232/63/861 4233/63/861 4234/63/861 4235/63/861 4236/63/861 4237/63/861 4238/63/861 4239/63/861 4240/63/861 4241/63/861 4242/63/861 4243/63/861 51/63/861 4433/63/861 4434/63/861 4435/63/861 4436/63/861 4439/63/861 4437/63/861 4438/63/861 4441/63/861 4440/63/861 4443/63/861 4442/63/861 4445/63/861 4444/63/861 53/63/861 4229/63/861
f 84/63/862 4142/63/862 4143/63/862 4147/63/862 4151/63/862 4156/63/862 4159/63/862 82/63/862 4449/63/862 4450/63/862 4451/63/862 4452/63/862
f 4455/63/863 46/63/863 4277/63/863 4278/63/863 4309/63/863
f 4457/63/863 4314/63/863 4287/63/863 4288/63/863 4289/63/863 4290/63/863 4291/63/863 44/63/863 4454/63/863 4453/63/863
f 4459/63/864 4312/63/864 4283/63/864 4284/63/864 4285/63/864 4286/63/864 4313/63/864 4463/63/864
f 4458/63/865 4310/63/865 4279/63/865 4280/63/865 4281/63/865 4282/63/865 4311/63/865 4461/63/865
f 4184/63/866 4178/63/866 4174/63/866 4168/63/866 4164/63/866 4163/63/866 94/63/866 4469/63/866 4470/63/866 4471/63/866 4472/63/866 96/63/866
f 82/63/867 4159/63/867 4161/63/867 4166/63/867 4171/63/867 80/63/867 4493/63/867 4492/63/867
f 4127/63/868 61/63/868 63/63/868 4132/63/868
f 4132/63/869 63/63/869 65/63/869 4134/63/869
f 4315/63/2 44/63/2 4291/63/2 4292/63/2
f 4519/63/870 73/63/870 4172/63/870 4165/63/870 4160/63/870 4155/63/870 4152/63/870 4148/63/870 4144/63/870 4137/63/870 4129/63/870 4135/63/870 71/63/870 4512/63/870 4513/63/870 4514/63/870 4515/63/870 4516/63/870 4517/63/870 4518/63/870
f 80/63/871 4171/63/871 4170/63/871 4176/63/871 4181/63/871 79/63/871 4522/63/871 4521/63/871
f 66/63/872 4136/63/872 4134/63/872 65/63/872
f 4244/63/873 4245/63/873 4246/63/873 4247/63/873 4248/63/873 4249/63/873 4250/63/873 4251/63/873 4252/63/873 4253/63/873 4254/63/873 4255/63/873 4256/63/873 4257/63/873 4258/63/873 4259/63/873 4260/63/873 49/63/873 4523/63/873 4525/63/873 4524/63/873 4528/63/873 4526/63/873 4527/63/873 4530/63/873 4529/63/873 4533/63/873 4531/63/873 4532/63/873 4535/63/873 4534/63/873 4538/63/873 4536/63/873 4537/63/873 51/63/873 4243/63/873
f 4126/63/874 58/63/874 61/63/874 4127/63/874
f 2/63/10 4186/63/10 2875/63/10 14/63/10
f 74/63/875 4197/63/875 4180/63/875 4175/63/875 4169/63/875 4172/63/875 73/63/875 4541/63/875 4542/63/875 4543/63/875
f 79/63/876 4181/63/876 4179/63/876 4198/63/876 76/63/876 4563/63/876
f 4207/63/877 4204/63/877 4202/63/877 4200/63/877 4183/63/877 4186/63/877 2/63/877 4568/63/877 4567/63/877 4566/63/877 4565/63/877 4564/63/877 3/63/877 4210/63/877
f 68/63/878 4133/63/878 4136/63/878 66/63/878
f 4128/63/879 89/63/879 90/63/879 4125/63/879
f 4197/63/880 74/63/880 76/63/880 4198/63/880
f 93/63/881 4141/63/881 4124/63/881 4125/63/881 90/63/881 4589/63/881
f 4131/63/882 86/63/882 89/63/882 4128/63/882
f 4208/63/883 55/63/883 4599/63/883 57/63/883 4205/63/883 4206/63/883
f 49/63/884 4260/63/884 4261/63/884 4262/63/884 4263/63/884 4264/63/884 4265/63/884 4266/63/884 4267/63/884 4268/63/884 4269/63/884 4270/63/884 4271/63/884 4272/63/884 4273/63/884 4274/63/884 4275/63/884 4276/63/884 4277/63/884 46/63/884 4604/63/884 4605/63/884 4606/63/884 4607/63/884 4608/63/884 4609/63/884 4610/63/884 4611/63/884 4612/63/884 4613/63/884 4614/63/884 4615/63/884 4616/63/884 4617/63/884 4618/63/884 4619/63/884
f 4624/63/885 94/63/885 4163/63/885 4158/63/885 4154/63/885 4150/63/885 4146/63/885 4140/63/885 4141/63/885 93/63/885 4620/63/885 4621/63/885 4622/63/885 4623/63/885
f 4211/63/2 4210/63/2 3/63/2 4341/63/2
f 2042/63/886 2033/63/886 374/63/886 373/63/886
f 2026/63/887 376/63/887 374/63/887 2033/63/887
f 2026/63/888 2010/63/888 378/63/888 376/63/888
f 2010/63/889 1999/63/889 381/63/889 378/63/889
f 1966/63/890 382/63/890 381/63/890 1999/63/890
f 1958/63/891 384/63/891 382/63/891 1966/63/891
f 1958/63/892 1955/3255/892 387/3255/892 384/63/892
f 2045/63/893 2042/63/893 373/63/893 368/63/893
f 2052/63/894 2045/63/894 368/63/894 366/63/894
f 2056/63/895 2052/63/895 366/63/895 362/63/895
f 2056/63/896 362/63/896 356/3269/896 2062/3269/896
f 1959/3245/897 395/3245/897 397/63/897 1992/63/897
f 1992/63/898 397/63/898 398/63/898 2002/63/898
f 2007/63/899 2002/63/899 398/63/899 400/63/899
f 2007/63/900 400/63/900 403/3250/900 2014/3250/900
f 2017/3263/901 404/3263/901 406/3371/901 2027/3371/901
f 2036/3276/902 2023/3373/902 415/3373/902 417/3276/902
f 2043/63/903 2035/73/903 419/73/903 72/63/903
f 2048/63/904 2043/63/904 72/63/904 169/63/904
f 2048/63/905 169/63/905 188/63/905 2049/63/905
f 2059/63/906 2049/63/906 188/63/906 218/63/906
f 2058/2540/907 2059/2542/907 218/63/907 239/63/907
f 2063/3202/908 2058/2540/908 239/63/908 254/3202/908
f 2301/3232/909 314/3232/909 319/3233/909 2295/3233/909
f 2314/3343/910 2319/3486/910 302/3237/910 305/3343/910
f 289/3364/911 293/3294/911 2326/549/911 2328/3364/911
f 3536/63/912 129/63/912 127/63/912 3560/63/912
f 3575/63/913 3560/63/913 127/63/913 121/63/913
f 3495/63/914 138/63/914 134/63/914 3517/63/914
f 3495/63/915 3474/63/915 140/63/915 138/63/915
f 3454/63/916 3435/63/916 150/63/916 145/63/916
f 3423/63/917 3415/63/917 156/63/917 152/63/917
f 3423/63/918 152/63/918 150/63/918 3435/63/918
f 3411/63/919 159/63/919 156/63/919 3415/63/919
f 3408/2731/920 161/63/920 159/63/920 3411/2727/920
f 3412/63/921 163/63/921 161/63/921 3408/2731/921
f 3412/63/922 3422/63/922 164/63/922 163/63/922
f 3422/63/923 3440/63/923 166/63/923 164/63/923
f 3479/63/924 171/63/924 166/63/924 3440/63/924
f 3479/63/925 3499/63/925 172/63/925 171/63/925
f 3526/63/926 176/63/926 174/63/926 3516/63/926
f 3627/63/927 3619/63/927 103/63/927 91/63/927
f 3690/63/928 48/63/928 45/63/928 3700/63/928
f 8/63/929 202/63/929 3699/63/929 3711/63/929
f 2985/63/241 3020/63/241 191/63/241 194/63/241
l 1874 2181
l 1882 2173
l 480 2200
l 400 2129
l 376 2132
l 488 2136
l 72 2136
l 552 3742
l 152 3771
l 3821 4620
l 3318 4926
l 3309 4929
l 3358 4933
l 3325 4919
l 3373 4996
l 3364 4860
l 592 3966
l 3306 4722
l 3294 4707
l 616 3857
l 3288 4656
l 3274 4957
l 3281 4697
l 3268 4660
l 1875 2180
l 1883 2172
l 417 2186
l 945 2102
l 161 3743
l 553 3769
l 3822 4589
l 3319 4662
l 3314 4931
l 3359 4663
l 3326 4916
l 3371 4915
l 3365 4764
l 3060 3948
l 593 3967
l 3405 4689
l 3307 4682
l 3295 4712
l 3289 4967
l 3275 4956
l 3282 4953
l 1876 2179
l 1884 2171
l 482 2129
l 1924 2204
l 490 2196
l 3320 4993
l 3372 4992
l 3377 4729
l 3374 4995
l 3366 4911
l 3061 3949
l 3296 4708
l 3300 4716
l 3290 4964
l 3276 4694
l 1925 2159
l 1877 2178
l 1885 2170
l 947 2122
l 3321 4977
l 3816 4469
l 3315 4983
l 3345 4917
l 3360 4908
l 3375 4657
l 3367 4763
l 171 3892
l 3262 3950
l 3301 4683
l 3291 4702
l 3269 4961
l 3283 4653
l 3277 4958
l 1910 2160
l 476 2142
l 1878 2177
l 1886 2169
l 1926 2108
l 156 3742
l 164 3822
l 3817 4624
l 3368 4910
l 3406 4686
l 3302 4715
l 3292 4703
l 3270 4966
l 3284 4654
l 3278 4954
l 1879 2176
l 557 3801
l 3322 4927
l 3818 4623
l 3316 4932
l 3369 4795
l 3361 4909
l 3136 3765
l 3303 4710
l 3297 4714
l 3265 4701
l 3271 4962
l 3285 4963
l 3279 4695
l 1880 2175
l 486 2186
l 3312 4925
l 3317 4994
l 3323 4928
l 3819 4622
l 566 3834
l 3370 4746
l 3362 4767
l 3407 4688
l 3304 4711
l 3298 4713
l 3286 4960
l 3272 4955
l 1873 2182
l 1881 2174
l 2120 2208
l 927 3743
l 927 3778
l 927 3777
l 927 3776
l 3313 4920
l 3820 4621
l 3324 4922
l 567 3835
l 3363 4855
l 591 3965
l 3138 3766
l 3308 4681
l 3305 4685
l 3299 4709
l 127 3859
l 3287 4655
l 3273 4959
l 3267 4661
l 3280 4696
l 3266 4986
